neo4j_id,cluster_id
8408,2
4884,2
13915,2
4083,2
922,2
10694,2
11216,2
1868,2
3125,2
12508,2
1942,2
12932,2
7206,2
1094,2
6659,2
13725,2
950,2
8022,2
1046,2
8680,2
3360,2
5105,2
5027,2
2280,2
4623,2
6980,2
7847,2
9173,2
3130,2
11617,2
4544,2
1760,2
12740,2
6242,2
9271,2
3513,2
4863,2
8950,2
6225,2
3599,2
10608,2
11205,2
8351,2
596,2
13741,2
6742,2
5872,2
13815,2
294,2
9453,2
9739,2
935,2
1334,2
14604,2
8307,2
3377,2
777,2
8472,2
10761,2
6519,2
8783,2
5222,2
14216,2
2678,2
13995,2
6422,2
9089,2
975,2
3824,2
8477,2
12416,2
9220,2
10555,2
11447,2
14460,2
7677,2
13611,2
7975,2
8438,2
9214,2
6525,2
14225,2
11769,2
7184,2
6454,2
4289,2
4042,2
1679,2
12641,2
1682,2
14459,2
3775,2
4435,2
307,2
14887,2
5424,2
9706,2
13209,2
12389,2
7546,2
10469,2
5450,2
6533,2
12275,2
537,2
8883,2
1097,2
1397,2
12728,2
6515,2
12906,2
11813,2
609,2
8732,2
12635,2
7714,2
8944,2
6344,2
1628,2
5529,2
11321,2
12092,2
14546,2
6862,2
12671,2
365,2
10340,2
3584,2
7219,2
5904,2
3819,2
4699,2
6026,2
3842,2
3062,2
5691,2
3472,2
11174,2
13552,2
12096,2
2001,2
10227,2
7670,2
6665,2
7068,2
7525,2
13432,2
10605,2
4723,2
8119,2
2383,2
14032,2
10073,2
3955,2
4153,2
12287,2
4388,2
12424,2
1367,2
2823,2
8824,2
3476,2
11166,2
1041,2
8140,2
8646,2
7880,2
14589,2
9382,2
4974,2
7011,2
12496,2
10154,2
6123,2
5591,2
9600,2
13692,2
2195,2
13025,2
10847,2
11895,2
9637,2
1315,2
4554,2
12301,2
8516,2
11974,2
3900,2
4009,2
2789,2
6757,2
3111,2
2599,2
13934,2
11225,2
4694,2
8378,2
7768,2
12602,2
12661,2
11983,2
4446,2
3238,2
8825,2
8302,2
11808,2
13155,2
2009,2
9793,2
9003,2
135,2
458,2
11597,2
4222,2
13223,2
944,2
4103,2
3726,2
6748,2
8872,2
9696,2
6217,2
11061,2
13181,2
2850,2
9121,2
8219,2
1745,2
1281,2
5182,2
2903,2
3172,2
10908,2
4840,2
13275,2
1714,2
10,2
9740,2
193,2
7539,2
8547,2
6926,2
2899,2
11433,2
13238,2
13770,2
11281,2
4149,2
11655,2
5207,2
5077,2
12700,2
11845,2
7483,2
12443,2
79,2
12435,2
8318,2
4077,2
2625,2
11239,2
4307,2
2284,2
5491,2
1847,2
10712,2
6740,2
565,2
11748,2
5666,2
4651,2
11339,2
7836,2
3115,2
5404,2
8338,2
6044,2
2275,2
13601,2
4583,2
548,2
4238,2
4970,2
5814,2
4134,2
4991,2
4845,2
6551,2
871,2
6342,2
10978,2
7826,2
1832,2
2458,2
8754,2
10377,2
13838,2
6834,2
4830,2
1050,2
14714,2
6138,2
11827,2
4533,2
4927,2
4365,2
3979,2
12784,2
9886,2
8992,2
9864,2
8620,2
9656,2
9328,2
1577,2
13246,2
7252,2
10172,2
9465,2
9896,2
3070,2
4647,2
12105,2
5178,2
12974,2
11869,2
4419,2
2255,2
7056,2
94,2
12959,2
1730,2
2468,2
9470,2
1980,2
7075,2
6128,2
2023,2
9526,2
7025,2
13408,2
13409,2
10285,2
12527,2
2623,2
7842,2
10752,2
313,2
2412,2
10176,2
7427,2
13788,2
1994,2
6572,2
393,2
4928,2
2532,2
9084,2
2611,2
2345,2
3252,2
499,2
7910,2
13143,2
6981,2
8374,2
7877,2
13375,2
9372,2
9618,2
4047,2
10356,2
8445,2
12504,2
2718,2
3434,2
1219,2
1976,2
4560,2
11092,2
7210,2
9522,2
3181,2
1899,2
6035,2
4901,2
11212,2
2185,2
13740,2
10604,2
6943,2
7021,2
12066,2
6530,2
8238,2
6843,2
1997,2
2173,2
10679,2
9610,2
5420,2
708,2
1923,2
6970,2
6259,2
5561,2
9884,2
7332,2
3435,2
5515,2
12463,2
3721,2
4482,2
3295,2
4652,2
5209,2
3735,2
13988,2
10561,2
11331,2
3236,2
322,2
4314,2
2200,2
2641,2
7974,2
10970,2
6979,2
3343,2
5120,2
4382,2
14001,2
8151,2
4036,2
14853,2
8015,2
4090,2
6619,2
14250,2
12793,2
13879,2
1850,2
4848,2
267,2
6468,2
10234,2
7369,2
7536,2
11815,2
4967,2
5176,2
9258,2
1888,2
6299,2
6747,2
4488,2
3129,2
3052,2
6136,2
8188,2
3610,2
6304,2
9477,2
3073,2
12949,2
14073,2
3408,2
14423,2
628,2
1003,2
2151,2
1767,2
11903,2
242,2
3980,2
5218,2
7111,2
12668,2
6487,2
2249,2
1524,2
10315,2
1905,2
8037,2
9827,2
7794,2
11382,2
13374,2
8425,2
5604,2
5425,2
12721,2
1214,2
10228,2
5567,2
6797,2
4798,2
3899,2
9815,2
1919,2
6969,2
10798,2
2327,2
11839,2
9797,2
1515,2
9450,2
8757,2
3884,2
4206,2
3643,2
2227,2
8995,2
1805,2
668,2
3316,2
5265,2
8468,2
3232,2
11367,2
8240,2
4028,2
1356,2
14399,2
8667,2
4860,2
8062,2
13088,2
5767,2
4170,2
3759,2
5682,2
3216,2
6215,2
9536,2
6850,2
2534,2
2669,2
10386,2
12696,2
2634,2
13798,2
6414,2
9692,2
1681,2
9709,2
10827,2
3941,2
3349,2
7970,2
5149,2
5629,2
2381,2
2805,2
9063,2
14081,2
14246,2
3902,2
11978,2
1797,2
7812,2
5986,2
3303,2
2205,2
8913,2
13338,2
8910,2
2814,2
3122,2
4990,2
11988,2
6204,2
1806,2
4658,2
10634,2
9664,2
6938,2
12409,2
4433,2
6329,2
11739,2
1602,2
10972,2
4370,2
8587,2
9293,2
5922,2
10971,2
13312,2
10278,2
3854,2
11108,2
3415,2
2840,2
3382,2
7384,2
3666,2
10760,2
5172,2
5596,2
5212,2
3785,2
10631,2
726,2
11164,2
7503,2
10050,2
9107,2
5868,2
13208,2
942,2
585,2
8118,2
620,2
6281,2
1472,2
10300,2
1421,2
11310,2
9557,2
2461,2
903,2
13212,2
6436,2
5358,2
3285,2
6340,2
9245,2
6914,2
9266,2
6271,2
4425,2
960,2
2683,2
8943,2
836,2
12313,2
12810,2
1379,2
14005,2
2893,2
4021,2
6232,2
4106,2
11408,2
4882,2
10421,2
12299,2
1098,2
7287,2
5837,2
6642,2
12260,2
6130,2
13050,2
8939,2
7662,2
2087,2
11307,2
9468,2
6324,2
618,2
2942,2
12876,2
7351,2
13420,2
4161,2
1420,2
14147,2
8559,2
1245,2
3748,2
8560,2
2896,2
605,2
7096,2
13680,2
12239,2
2656,2
5865,2
12739,2
3003,2
10130,2
1080,2
4342,2
1742,2
12910,2
1705,2
3588,2
7324,2
12821,2
9041,2
10905,2
9889,2
1562,2
2312,2
8756,2
10828,2
10574,2
14326,2
2145,2
11531,2
753,2
5039,2
14118,2
13486,2
6121,2
14339,2
9167,2
9386,2
6279,2
8030,2
13220,2
990,2
13151,2
8855,2
9029,2
10142,2
12077,2
11634,2
381,2
1464,2
9334,2
9146,2
11505,2
8624,2
13964,2
10579,2
8432,2
9489,2
3001,2
14758,2
10014,2
5373,2
8608,2
1081,2
5038,2
13487,2
4885,2
2301,2
10799,2
2102,2
1874,2
1513,2
4546,2
3646,2
14427,2
9961,2
5948,2
11153,2
3730,2
4819,2
5003,2
11073,2
10022,2
5319,2
5199,2
1452,2
891,2
10314,2
11316,2
5468,2
3275,2
9260,2
11246,2
5789,2
11806,2
2437,2
10051,2
8059,2
1583,2
1539,2
466,2
14935,2
11952,2
2449,2
2392,2
6854,2
11902,2
11861,2
1940,2
11340,2
13776,2
14398,2
6727,2
11461,2
2733,2
1981,2
9059,2
14006,2
6278,2
2812,2
7392,2
11156,2
4226,2
11874,2
2523,2
4688,2
9123,2
5203,2
9201,2
6851,2
6948,2
9981,2
10006,2
8329,2
8451,2
2828,2
966,2
8652,2
3586,2
577,2
9223,2
3872,2
2092,2
2506,2
2154,2
2380,2
10854,2
13426,2
4200,2
11892,2
5487,2
4849,2
207,2
13957,2
1820,2
2489,2
2627,2
8634,2
5115,2
336,2
5277,2
1740,2
10139,2
2226,2
7171,2
13767,2
812,2
11932,2
3746,2
4050,2
13510,2
2158,2
770,2
14279,2
4575,2
10374,2
4696,2
3554,2
3385,2
9410,2
11293,2
291,2
7921,2
7241,2
12457,2
11387,2
9161,2
1603,2
4117,2
3278,2
8421,2
10741,2
5309,2
12206,2
4065,2
3317,2
11709,2
12241,2
2346,2
2631,2
10496,2
9929,2
9697,2
5547,2
9224,2
7234,2
6810,2
5198,2
11429,2
13668,2
1254,2
11311,2
1404,2
10186,2
1671,2
10667,2
6777,2
7866,2
1477,2
7942,2
13718,2
3724,2
213,2
8725,2
6958,2
5526,2
5979,2
7535,2
10323,2
7109,2
10237,2
13272,2
9215,2
14748,2
5423,2
5229,2
12360,2
3223,2
10772,2
10596,2
8808,2
1470,2
4451,2
2867,2
3481,2
12816,2
5892,2
4944,2
8439,2
9913,2
1180,2
3960,2
1983,2
6307,2
11611,2
12995,2
1540,2
2526,2
1509,2
2837,2
12207,2
11418,2
4014,2
1600,2
7213,2
12173,2
2073,2
6016,2
3988,2
7986,2
3809,2
8774,2
6766,2
10687,2
9597,2
10028,2
9342,2
5303,2
10638,2
11333,2
11850,2
14026,2
11401,2
633,2
4711,2
3047,2
3762,2
13437,2
14320,2
13438,2
12737,2
10470,2
5421,2
7282,2
9509,2
5770,2
8366,2
1398,2
14738,2
6311,2
7467,2
2007,2
2626,2
11782,2
10695,2
8263,2
8315,2
7876,2
3432,2
10070,2
10939,2
5174,2
6063,2
532,2
695,2
2552,2
9352,2
7098,2
9237,2
5231,2
1243,2
10878,2
229,2
9654,2
1996,2
7576,2
3766,2
2072,2
10784,2
9744,2
8184,2
7541,2
3113,2
8133,2
6579,2
464,2
3827,2
6940,2
6424,2
3104,2
7313,2
13120,2
9456,2
10811,2
8056,2
1655,2
5449,2
7133,2
3633,2
10352,2
2714,2
7907,2
8849,2
2254,2
12973,2
6961,2
9835,2
3154,2
7739,2
8593,2
13707,2
992,2
7919,2
14352,2
5807,2
5643,2
1209,2
2259,2
14235,2
1783,2
11001,2
10264,2
8598,2
8750,2
32,2
13889,2
5099,2
14671,2
13832,2
11160,2
7506,2
6592,2
530,2
9100,2
4676,2
11778,2
5312,2
9499,2
10834,2
1781,2
1131,2
12873,2
4300,2
7170,2
10202,2
4315,2
10205,2
12404,2
6405,2
6021,2
10680,2
1878,2
152,2
1016,2
999,2
14773,2
12338,2
2982,2
4469,2
8946,2
987,2
10266,2
10529,2
3714,2
2543,2
3923,2
13204,2
2370,2
11439,2
10329,2
10547,2
3540,2
11242,2
6677,2
573,2
4207,2
13551,2
7473,2
7971,2
11168,2
1335,2
5877,2
6815,2
10074,2
9058,2
8524,2
8000,2
3376,2
4066,2
10896,2
12426,2
926,2
4411,2
288,2
2824,2
5833,2
12518,2
11717,2
9583,2
6848,2
593,2
13478,2
4556,2
1088,2
2271,2
4375,2
10367,2
3829,2
5065,2
3555,2
669,2
5464,2
13727,2
6615,2
5741,2
6640,2
4258,2
2046,2
360,2
3384,2
806,2
14193,2
10773,2
6745,2
2875,2
6351,2
10568,2
12090,2
5852,2
8826,2
8668,2
4389,2
7732,2
8391,2
9101,2
3176,2
10937,2
6198,2
3843,2
5374,2
718,2
8686,2
7194,2
10426,2
5330,2
1000,2
4957,2
828,2
7532,2
7521,2
4740,2
3951,2
8851,2
6645,2
12982,2
5257,2
4231,2
11905,2
963,2
8428,2
2745,2
11027,2
24,2
11712,2
6407,2
13129,2
5170,2
11857,2
1400,2
2505,2
7515,2
10453,2
2750,2
8277,2
6725,2
4347,2
14295,2
13708,2
8126,2
2539,2
13410,2
3030,2
3711,2
3654,2
5108,2
3636,2
12775,2
7801,2
8230,2
2622,2
2256,2
10935,2
8269,2
6889,2
1308,2
10430,2
8592,2
1161,2
8448,2
11859,2
9501,2
4572,2
5095,2
10398,2
9702,2
13450,2
13984,2
11494,2
7937,2
7070,2
8654,2
3943,2
7032,2
4436,2
8027,2
14212,2
2983,2
5116,2
3743,2
4649,2
12422,2
2472,2
6518,2
221,2
8360,2
1465,2
7695,2
11098,2
13523,2
4268,2
2104,2
10092,2
7632,2
5804,2
2422,2
9841,2
10187,2
13411,2
223,2
8894,2
11632,2
4487,2
5855,2
2756,2
6047,2
3199,2
1208,2
587,2
6068,2
11453,2
9326,2
7980,2
8286,2
12594,2
5530,2
12744,2
2521,2
5723,2
14114,2
7819,2
12151,2
1707,2
8637,2
11085,2
13717,2
11976,2
688,2
10707,2
8916,2
6706,2
5860,2
11823,2
13098,2
4769,2
4151,2
8398,2
11357,2
11759,2
12271,2
9119,2
10378,2
4385,2
12417,2
1365,2
8544,2
3002,2
7357,2
11799,2
3054,2
6289,2
2144,2
4484,2
4982,2
6793,2
9044,2
2058,2
1728,2
14904,2
1623,2
3014,2
1950,2
6031,2
1943,2
851,2
2619,2
9108,2
12621,2
5070,2
1107,2
6915,2
4755,2
9451,2
9502,2
244,2
8698,2
5484,2
10327,2
5248,2
6570,2
2601,2
6315,2
9651,2
2272,2
6658,2
9543,2
10463,2
9534,2
7156,2
5675,2
8342,2
12823,2
10097,2
13460,2
9772,2
13322,2
9083,2
7954,2
5447,2
1786,2
3659,2
3834,2
13442,2
11711,2
3792,2
6690,2
12365,2
6772,2
8898,2
4858,2
4726,2
8029,2
11521,2
4595,2
6715,2
455,2
12542,2
1330,2
3456,2
3505,2
2782,2
7498,2
7679,2
1142,2
3810,2
9811,2
4951,2
1272,2
5016,2
5546,2
10479,2
2396,2
11376,2
13056,2
10682,2
7741,2
962,2
8211,2
7873,2
4935,2
6823,2
12921,2
7232,2
4343,2
8772,2
1156,2
11889,2
3507,2
6352,2
1817,2
8013,2
4509,2
14310,2
6870,2
3677,2
3764,2
13318,2
11537,2
10230,2
10008,2
5011,2
2602,2
10494,2
6058,2
13557,2
5306,2
2018,2
9462,2
732,2
7029,2
8591,2
755,2
1432,2
2398,2
7311,2
10501,2
12905,2
3067,2
2053,2
870,2
10273,2
6956,2
920,2
5080,2
10872,2
14736,2
7825,2
7179,2
7912,2
1798,2
1134,2
8345,2
8294,2
7953,2
10041,2
6668,2
9413,2
13244,2
5121,2
469,2
11475,2
10714,2
7578,2
2448,2
10240,2
9493,2
1169,2
12094,2
1224,2
6427,2
2281,2
8107,2
1092,2
11060,2
1829,2
5556,2
4763,2
9615,2
629,2
645,2
14238,2
5640,2
2287,2
6448,2
5542,2
9170,2
2236,2
595,2
8840,2
6371,2
1070,2
11181,2
14365,2
1173,2
10376,2
7327,2
8997,2
8766,2
6051,2
3742,2
4459,2
5428,2
6526,2
7560,2
2827,2
10024,2
10334,2
12237,2
2531,2
9539,2
6983,2
10053,2
1975,2
7735,2
5655,2
8730,2
8248,2
4674,2
2666,2
6181,2
1484,2
3885,2
2735,2
832,2
5935,2
4752,2
3367,2
9025,2
13835,2
10876,2
4600,2
14078,2
5763,2
6654,2
7121,2
1963,2
448,2
14272,2
11048,2
10911,2
5064,2
253,2
12160,2
967,2
9988,2
7929,2
8001,2
9333,2
10768,2
9385,2
11562,2
6563,2
11196,2
4912,2
13791,2
14707,2
13713,2
12943,2
13114,2
2116,2
14321,2
4648,2
3850,2
7887,2
8178,2
3281,2
14143,2
2079,2
3455,2
13917,2
575,2
821,2
12106,2
6164,2
10745,2
163,2
13447,2
6175,2
226,2
6213,2
6476,2
3908,2
9711,2
7597,2
13078,2
1957,2
8985,2
1621,2
7026,2
7176,2
4232,2
1560,2
4246,2
6528,2
11947,2
5236,2
153,2
6229,2
3204,2
14756,2
14531,2
9858,2
2885,2
7231,2
4708,2
8308,2
463,2
4303,2
5437,2
6894,2
8290,2
6421,2
8473,2
2430,2
14754,2
3520,2
8393,2
4104,2
6374,2
574,2
7461,2
2517,2
3277,2
6937,2
14048,2
6150,2
3613,2
5258,2
194,2
7090,2
1259,2
9688,2
9991,2
8663,2
4946,2
13031,2
6438,2
5426,2
12175,2
7093,2
11323,2
14947,2
7367,2
9109,2
11432,2
12037,2
13382,2
6593,2
5805,2
9460,2
9149,2
885,2
7979,2
14030,2
4616,2
4210,2
3042,2
5784,2
2684,2
12218,2
12998,2
7572,2
6129,2
9419,2
3907,2
9209,2
7312,2
8920,2
2727,2
3429,2
240,2
333,2
9403,2
2163,2
7001,2
13958,2
5262,2
8098,2
10845,2
13660,2
7338,2
6148,2
9906,2
1748,2
1933,2
5278,2
13896,2
12536,2
13539,2
8112,2
285,2
11548,2
4158,2
7038,2
4715,2
10535,2
8645,2
11295,2
9964,2
4366,2
7447,2
10492,2
2090,2
1589,2
5579,2
10721,2
8217,2
1471,2
1285,2
13804,2
1444,2
3437,2
8845,2
7673,2
14121,2
12753,2
13064,2
2150,2
5150,2
9168,2
11973,2
1505,2
7288,2
2799,2
6149,2
5878,2
13655,2
4004,2
184,2
6785,2
13962,2
13332,2
9701,2
8741,2
9642,2
5624,2
12694,2
2924,2
7932,2
3401,2
13786,2
12902,2
10382,2
108,2
8554,2
422,2
9418,2
7565,2
847,2
4431,2
10078,2
13871,2
3119,2
11840,2
12583,2
524,2
3833,2
711,2
13722,2
5340,2
6887,2
14076,2
4336,2
6671,2
9591,2
10572,2
12828,2
6509,2
7495,2
12785,2
2748,2
6081,2
9441,2
14465,2
13167,2
4907,2
4230,2
9927,2
13304,2
1122,2
13295,2
6399,2
6651,2
5264,2
8870,2
9276,2
4418,2
10500,2
2177,2
7543,2
10888,2
7004,2
4046,2
7694,2
11315,2
127,2
10127,2
5706,2
9406,2
3201,2
4407,2
6363,2
1622,2
10294,2
1017,2
7946,2
7399,2
8321,2
12083,2
12336,2
551,2
4614,2
2926,2
4454,2
3150,2
4628,2
7777,2
2491,2
5597,2
2341,2
3855,2
1977,2
11536,2
4383,2
937,2
1276,2
2834,2
11556,2
2342,2
352,2
6611,2
10320,2
12893,2
2164,2
8570,2
3861,2
14243,2
12251,2
3148,2
5918,2
2771,2
13744,2
8571,2
7380,2
1283,2
8423,2
3290,2
7446,2
10369,2
8328,2
3668,2
11275,2
5760,2
707,2
8706,2
9800,2
317,2
10919,2
9005,2
14054,2
2970,2
1953,2
14674,2
4586,2
12113,2
8323,2
1867,2
6236,2
2354,2
10594,2
4720,2
9558,2
6358,2
2203,2
7015,2
2122,2
7854,2
10046,2
9572,2
4280,2
13010,2
10578,2
3155,2
7559,2
9669,2
6243,2
11199,2
5292,2
6698,2
4024,2
128,2
9248,2
7119,2
2914,2
11835,2
3839,2
7023,2
1729,2
6412,2
7773,2
6995,2
11076,2
11690,2
7602,2
12573,2
8942,2
2049,2
2694,2
8223,2
2953,2
12375,2
10464,2
1921,2
11516,2
4023,2
1803,2
11312,2
87,2
5859,2
10782,2
472,2
10585,2
8856,2
10396,2
4975,2
2629,2
12364,2
10926,2
9039,2
3187,2
2447,2
2650,2
4358,2
11873,2
3445,2
7012,2
13709,2
7201,2
14833,2
10075,2
8373,2
12273,2
13951,2
10381,2
1599,2
1545,2
13013,2
13644,2
14607,2
9673,2
1844,2
10253,2
14229,2
10089,2
6987,2
4898,2
5963,2
7172,2
13265,2
13228,2
13235,2
1040,2
7636,2
5275,2
1202,2
10728,2
9756,2
1772,2
8332,2
10988,2
7727,2
11938,2
7337,2
13721,2
7788,2
266,2
367,2
5521,2
6629,2
5422,2
6908,2
9205,2
12401,2
13650,2
10949,2
4738,2
13869,2
4395,2
12692,2
2962,2
14835,2
5562,2
5846,2
6730,2
1576,2
4789,2
4987,2
11695,2
3914,2
9079,2
3011,2
1959,2
792,2
12859,2
2872,2
8693,2
2613,2
6736,2
9728,2
5160,2
5732,2
692,2
10004,2
563,2
14315,2
167,2
7635,2
11262,2
13226,2
10232,2
6167,2
5977,2
6420,2
10966,2
9288,2
12950,2
10116,2
6753,2
3587,2
4632,2
592,2
861,2
6194,2
7646,2
12056,2
8198,2
9632,2
7785,2
4184,2
12806,2
8905,2
11338,2
9774,2
2066,2
7300,2
11113,2
11755,2
2198,2
3195,2
7909,2
4093,2
12664,2
5459,2
5920,2
1223,2
8787,2
11335,2
10283,2
2910,2
7628,2
8117,2
3205,2
9071,2
7831,2
10156,2
4867,2
5053,2
7776,2
8791,2
12161,2
4855,2
492,2
1520,2
7080,2
3862,2
2168,2
7527,2
12143,2
5840,2
6055,2
13618,2
11652,2
5155,2
5050,2
9268,2
8521,2
3338,2
10151,2
1422,2
9787,2
4381,2
1702,2
1961,2
3392,2
8836,2
13444,2
6935,2
4563,2
1446,2
324,2
9741,2
14392,2
7230,2
10981,2
3005,2
2711,2
2671,2
13149,2
1339,2
1804,2
10656,2
4502,2
7497,2
5295,2
13999,2
13263,2
2565,2
13391,2
7421,2
6298,2
9562,2
8590,2
10431,2
8304,2
4838,2
3410,2
10067,2
8691,2
5440,2
4866,2
4139,2
1567,2
447,2
3656,2
11184,2
8280,2
3430,2
3450,2
5844,2
9426,2
7520,2
8600,2
4422,2
8442,2
12379,2
7884,2
7950,2
738,2
3420,2
12840,2
5399,2
13755,2
13589,2
2930,2
1527,2
2017,2
5533,2
10429,2
9924,2
4322,2
8926,2
8844,2
8904,2
12382,2
8812,2
13373,2
11758,2
12755,2
10607,2
3867,2
9506,2
12331,2
4264,2
9091,2
1590,2
258,2
10189,2
2858,2
12610,2
9026,2
10666,2
747,2
8430,2
13489,2
11981,2
2487,2
3028,2
4155,2
12258,2
5921,2
6457,2
103,2
7152,2
12918,2
8231,2
9433,2
5078,2
6538,2
3602,2
2061,2
14116,2
4748,2
7652,2
3189,2
696,2
2890,2
9267,2
5818,2
4448,2
3928,2
10821,2
5343,2
10611,2
5972,2
8705,2
106,2
8186,2
13119,2
10699,2
11703,2
12599,2
3528,2
328,2
12706,2
4247,2
6226,2
2486,2
3332,2
4657,2
14490,2
4495,2
4344,2
7569,2
12643,2
9585,2
14347,2
12345,2
6568,2
6346,2
11875,2
2780,2
6379,2
413,2
13100,2
5537,2
7489,2
703,2
12846,2
2222,2
6813,2
14946,2
11779,2
5377,2
9259,2
6120,2
11550,2
7528,2
37,2
9429,2
4223,2
11506,2
2030,2
3848,2
3558,2
14761,2
5589,2
3950,2
11145,2
10181,2
2740,2
8664,2
9199,2
5139,2
9061,2
655,2
12253,2
3880,2
810,2
12956,2
6734,2
9052,2
9298,2
2653,2
7862,2
13154,2
114,2
5012,2
12079,2
6975,2
10222,2
9128,2
1095,2
9804,2
4734,2
3391,2
6350,2
2389,2
5512,2
13612,2
8876,2
13395,2
7141,2
6303,2
5363,2
8187,2
9791,2
1037,2
1363,2
9734,2
1004,2
2710,2
14340,2
10839,2
8535,2
8497,2
4516,2
2743,2
1925,2
7336,2
12011,2
11814,2
6224,2
11191,2
12437,2
5582,2
6687,2
9548,2
936,2
11011,2
12333,2
214,2
7710,2
1261,2
12362,2
2229,2
3627,2
7404,2
1842,2
496,2
1869,2
11809,2
11530,2
4319,2
6284,2
308,2
9833,2
12554,2
13364,2
5159,2
4669,2
4025,2
5474,2
3984,2
1614,2
7132,2
6600,2
14287,2
6602,2
5060,2
4470,2
6094,2
14286,2
7682,2
9719,2
6761,2
9684,2
4900,2
13856,2
11031,2
10632,2
4255,2
1429,2
6295,2
3712,2
6670,2
6254,2
4461,2
5748,2
1135,2
14185,2
13032,2
3598,2
10249,2
948,2
14385,2
7218,2
7065,2
7583,2
1312,2
13540,2
9394,2
4568,2
951,2
10276,2
7865,2
125,2
7413,2
14162,2
1320,2
2575,2
5055,2
923,2
13868,2
3421,2
49,2
7516,2
11161,2
191,2
1836,2
3870,2
12008,2
1631,2
3967,2
6708,2
11042,2
5957,2
5418,2
14397,2
392,2
12779,2
8523,2
6483,2
3116,2
9672,2
6722,2
2188,2
255,2
5857,2
5916,2
6929,2
4570,2
14481,2
3592,2
6586,2
2944,2
7529,2
14313,2
2764,2
1860,2
8829,2
11594,2
1549,2
11469,2
3196,2
1689,2
14561,2
11838,2
12600,2
4323,2
2886,2
765,2
14508,2
456,2
11360,2
12957,2
2293,2
795,2
7898,2
13927,2
8972,2
1238,2
6838,2
13808,2
11007,2
2252,2
2536,2
14520,2
13469,2
4420,2
7642,2
12235,2
14801,2
8267,2
6606,2
1700,2
8246,2
8927,2
12141,2
2277,2
2933,2
14120,2
8435,2
8866,2
13875,2
10043,2
10913,2
538,2
1074,2
8405,2
5274,2
2853,2
6909,2
13897,2
10736,2
6765,2
8656,2
9140,2
10384,2
10575,2
6466,2
8633,2
6844,2
9300,2
3593,2
2166,2
11670,2
8538,2
9661,2
5733,2
8079,2
8578,2
3632,2
12557,2
8994,2
11852,2
7207,2
1278,2
5048,2
2884,2
1249,2
2395,2
6859,2
9903,2
4377,2
3790,2
9065,2
824,2
14283,2
5137,2
9098,2
1654,2
9010,2
4742,2
6877,2
14975,2
4030,2
14821,2
9070,2
3549,2
6296,2
7386,2
351,2
14271,2
3723,2
3072,2
6522,2
5361,2
11627,2
12006,2
4588,2
3637,2
1733,2
231,2
5348,2
6916,2
12202,2
10625,2
2685,2
2482,2
2741,2
10207,2
1563,2
7888,2
10941,2
4599,2
4535,2
5625,2
10860,2
8581,2
11863,2
6286,2
12370,2
9129,2
11568,2
6395,2
6018,2
8512,2
6613,2
7581,2
12004,2
9341,2
13490,2
1168,2
11123,2
14336,2
10943,2
29,2
2286,2
4791,2
11053,2
7742,2
14476,2
6808,2
11991,2
2715,2
1532,2
89,2
3045,2
1810,2
9157,2
13326,2
1498,2
3351,2
5338,2
2385,2
3877,2
1882,2
13142,2
13,2
10354,2
12560,2
4251,2
1385,2
6502,2
6495,2
5693,2
13116,2
6076,2
12531,2
11828,2
5242,2
3366,2
10454,2
8599,2
1937,2
14530,2
14466,2
12372,2
10271,2
364,2
8718,2
11436,2
3102,2
10191,2
6824,2
13123,2
3683,2
6795,2
3853,2
6856,2
4883,2
5066,2
602,2
1534,2
7086,2
7217,2
13792,2
4773,2
7848,2
6839,2
12347,2
14299,2
4729,2
10945,2
11720,2
4346,2
1388,2
8390,2
13586,2
12283,2
2416,2
13436,2
5432,2
10185,2
14668,2
11147,2
5551,2
9589,2
8666,2
5085,2
8859,2
8714,2
13723,2
2152,2
10512,2
6451,2
5962,2
1596,2
11337,2
6376,2
7185,2
11257,2
5952,2
7062,2
7191,2
6905,2
12751,2
10862,2
7189,2
10743,2
12305,2
1185,2
12638,2
820,2
8316,2
9416,2
2425,2
14019,2
8073,2
4936,2
9064,2
10437,2
1346,2
1771,2
14289,2
3159,2
7941,2
12652,2
2358,2
12015,2
5575,2
1548,2
8699,2
1972,2
2947,2
4335,2
10302,2
148,2
14366,2
9779,2
11958,2
1952,2
5269,2
99,2
623,2
14741,2
14012,2
14445,2
9339,2
2032,2
8975,2
1592,2
6874,2
10671,2
4017,2
10371,2
13998,2
7408,2
3645,2
9975,2
5202,2
12584,2
2579,2
198,2
1969,2
13434,2
12462,2
3733,2
4105,2
7767,2
8834,2
5645,2
13145,2
5854,2
12124,2
7258,2
11497,2
4719,2
7753,2
3308,2
3208,2
2234,2
7757,2
11834,2
2645,2
969,2
1661,2
12838,2
9925,2
8989,2
12790,2
5243,2
779,2
1724,2
1506,2
3618,2
1821,2
7309,2
14058,2
11558,2
3097,2
7589,2
330,2
287,2
2640,2
14261,2
9436,2
8424,2
12441,2
1459,2
9219,2
8429,2
12748,2
12101,2
5232,2
7081,2
10975,2
8963,2
9357,2
6809,2
1311,2
9753,2
3765,2
1938,2
9191,2
11299,2
10563,2
10558,2
10805,2
14139,2
11033,2
7510,2
6007,2
8813,2
8023,2
604,2
1556,2
8760,2
3114,2
529,2
6098,2
14943,2
5322,2
5318,2
13455,2
5341,2
508,2
5332,2
9650,2
11411,2
6953,2
10446,2
4656,2
9818,2
7192,2
12684,2
5783,2
4765,2
6906,2
9307,2
12701,2
4943,2
7083,2
12099,2
4404,2
13518,2
3590,2
3215,2
4916,2
3619,2
3667,2
4939,2
2993,2
12395,2
13403,2
3486,2
11231,2
8258,2
4547,2
989,2
10165,2
14592,2
8108,2
3803,2
4499,2
2960,2
9814,2
12295,2
7280,2
2082,2
6428,2
12208,2
2785,2
12834,2
5552,2
2784,2
6799,2
4968,2
7685,2
7198,2
7248,2
10990,2
6297,2
12649,2
5660,2
3966,2
14380,2
6989,2
4590,2
4903,2
1510,2
12279,2
8922,2
4782,2
8494,2
5173,2
7978,2
7833,2
5563,2
14370,2
8996,2
10058,2
13224,2
14751,2
7359,2
7326,2
12868,2
8579,2
11984,2
11581,2
10054,2
1875,2
7435,2
4417,2
3145,2
8050,2
390,2
8848,2
6060,2
7371,2
954,2
11034,2
1542,2
8182,2
11463,2
7720,2
5548,2
8413,2
10498,2
5776,2
2196,2
5500,2
12510,2
8689,2
11178,2
848,2
5507,2
8900,2
8572,2
12403,2
5486,2
4667,2
15,2
13867,2
14454,2
12156,2
7725,2
14410,2
5,2
4747,2
12624,2
11608,2
9878,2
11206,2
10451,2
3381,2
1657,2
12228,2
1780,2
9546,2
7952,2
1706,2
355,2
8410,2
10141,2
4338,2
8914,2
8515,2
12263,2
2208,2
12168,2
9948,2
11137,2
4959,2
10150,2
3139,2
2707,2
12578,2
3480,2
9928,2
10122,2
11940,2
7216,2
5876,2
4915,2
614,2
7131,2
10858,2
6847,2
12967,2
45,2
4861,2
6357,2
9893,2
478,2
5081,2
3542,2
5969,2
2972,2
31,2
3214,2
12805,2
5975,2
14880,2
10158,2
3888,2
4199,2
4219,2
2481,2
11347,2
12102,2
4485,2
4766,2
9216,2
2807,2
1555,2
12833,2
607,2
10243,2
10033,2
5237,2
12634,2
12526,2
14486,2
2680,2
4145,2
2490,2
7675,2
2563,2
11561,2
3080,2
10188,2
13150,2
714,2
4262,2
5163,2
4678,2
6964,2
3138,2
9038,2
4267,2
10468,2
2206,2
6166,2
4833,2
8511,2
4321,2
4148,2
671,2
3821,2
14165,2
12349,2
8853,2
4179,2
12875,2
10818,2
13886,2
12328,2
6978,2
12567,2
5151,2
3611,2
1658,2
12958,2
13499,2
5974,2
4166,2
1564,2
3523,2
6132,2
4666,2
9345,2
6266,2
2262,2
8090,2
1010,2
1186,2
13545,2
8568,2
9483,2
10661,2
13027,2
14871,2
8585,2
3913,2
7459,2
2194,2
11431,2
12320,2
6173,2
7733,2
5249,2
7623,2
13359,2
4800,2
4274,2
4281,2
222,2
4403,2
5932,2
5386,2
569,2
12159,2
9552,2
734,2
13340,2
9859,2
1732,2
9355,2
11120,2
6535,2
14815,2
2028,2
7383,2
5929,2
2288,2
6994,2
1342,2
9947,2
12571,2
3605,2
5413,2
8891,2
9655,2
339,2
13105,2
11760,2
5576,2
5863,2
11232,2
1150,2
685,2
343,2
3018,2
9350,2
10797,2
1626,2
3965,2
4977,2
13675,2
6511,2
644,2
5755,2
2051,2
10546,2
10071,2
8152,2
3447,2
8522,2
11091,2
70,2
4842,2
7513,2
3089,2
11392,2
12335,2
5573,2
11154,2
1006,2
11792,2
2121,2
4174,2
3350,2
5549,2
6863,2
14646,2
3099,2
10015,2
11279,2
12987,2
5217,2
6521,2
7893,2
8275,2
3630,2
11519,2
3464,2
7775,2
1633,2
10765,2
9208,2
3163,2
11680,2
12963,2
4483,2
13289,2
10458,2
5700,2
12942,2
12697,2
14545,2
12632,2
10689,2
14822,2
6046,2
63,2
10434,2
8009,2
817,2
4351,2
6162,2
12052,2
3758,2
5594,2
12565,2
2728,2
3750,2
12866,2
5488,2
75,2
7305,2
6798,2
3368,2
680,2
8901,2
4767,2
12954,2
6170,2
1123,2
11684,2
9780,2
13746,2
5478,2
4449,2
6124,2
9144,2
6919,2
9340,2
13854,2
12432,2
13534,2
9455,2
10829,2
11499,2
12125,2
7584,2
12179,2
8679,2
9812,2
7805,2
11574,2
7168,2
5938,2
3601,2
725,2
6574,2
405,2
10882,2
485,2
2485,2
40,2
2585,2
10226,2
9922,2
5145,2
12592,2
10375,2
13449,2
8485,2
8960,2
8981,2
8555,2
11308,2
11832,2
2742,2
2357,2
14402,2
10793,2
13059,2
4172,2
7376,2
5223,2
5356,2
13646,2
2191,2
10031,2
4807,2
5122,2
11544,2
13180,2
169,2
8419,2
2661,2
5259,2
11111,2
7911,2
6648,2
1788,2
7744,2
3484,2
6778,2
4063,2
13368,2
8369,2
8481,2
14586,2
12298,2
504,2
2598,2
9554,2
6090,2
578,2
9708,2
4988,2
4730,2
650,2
6385,2
9955,2
1147,2
5650,2
13222,2
6084,2
6638,2
11945,2
11028,2
8563,2
1586,2
6326,2
13314,2
1021,2
8221,2
7599,2
2790,2
7480,2
2554,2
8450,2
10301,2
8720,2
4452,2
11417,2
10614,2
12276,2
7016,2
4241,2
7227,2
3972,2
5410,2
6001,2
14556,2
7654,2
10999,2
1424,2
6249,2
7142,2
14138,2
8888,2
7643,2
6632,2
939,2
6731,2
1644,2
8921,2
7770,2
800,2
8282,2
9313,2
13091,2
14914,2
11948,2
10339,2
10120,2
6202,2
11810,2
7166,2
5738,2
8444,2
7066,2
7580,2
8489,2
9691,2
3921,2
11764,2
14351,2
13106,2
4783,2
8289,2
9545,2
326,2
5524,2
2961,2
7524,2
5188,2
1101,2
1428,2
5891,2
9917,2
10152,2
1358,2
12884,2
2504,2
7402,2
3514,2
12939,2
11573,2
14140,2
2791,2
12233,2
6283,2
1300,2
11986,2
12723,2
1553,2
613,2
10091,2
599,2
11358,2
3347,2
9103,2
11718,2
311,2
9524,2
13583,2
8869,2
7306,2
2511,2
433,2
11412,2
1247,2
1855,2
6480,2
8274,2
10309,2
4394,2
3992,2
888,2
10436,2
10887,2
893,2
1966,2
2204,2
14412,2
11240,2
9963,2
4809,2
3876,2
8899,2
4540,2
4756,2
7918,2
10856,2
5314,2
898,2
6144,2
4776,2
12894,2
6861,2
11300,2
11583,2
280,2
7851,2
12653,2
5555,2
985,2
7834,2
2630,2
11593,2
3886,2
11006,2
11951,2
5656,2
2223,2
10250,2
4923,2
12158,2
3869,2
3211,2
11478,2
12188,2
9141,2
6789,2
7041,2
929,2
10229,2
5708,2
3086,2
776,2
3168,2
7235,2
11229,2
3465,2
2952,2
13588,2
4259,2
212,2
9193,2
11856,2
2075,2
5084,2
3479,2
6273,2
6922,2
7610,2
8220,2
9008,2
11041,2
17,2
7411,2
2064,2
2951,2
7002,2
6695,2
7173,2
13269,2
2113,2
5391,2
5005,2
7940,2
12515,2
7370,2
7381,2
2438,2
9821,2
1936,2
2483,2
13859,2
1177,2
1529,2
4878,2
12068,2
7698,2
14291,2
10129,2
6086,2
10601,2
10175,2
13163,2
1337,2
2080,2
3525,2
3987,2
12695,2
4732,2
9397,2
14009,2
6591,2
7054,2
5047,2
7600,2
6458,2
6544,2
10459,2
4908,2
7761,2
12738,2
13048,2
14662,2
8243,2
14453,2
9623,2
5164,2
10108,2
9882,2
9198,2
1876,2
12714,2
3648,2
8180,2
4141,2
9773,2
2402,2
140,2
4094,2
5648,2
10359,2
3736,2
8091,2
5980,2
4976,2
6272,2
495,2
2946,2
8751,2
13476,2
14986,2
11399,2
10557,2
1126,2
598,2
8149,2
7538,2
11694,2
8785,2
3133,2
1216,2
5190,2
9112,2
10672,2
4979,2
13698,2
5009,2
2512,2
10449,2
5636,2
12807,2
10692,2
7245,2
10280,2
7554,2
3808,2
10328,2
9329,2
3044,2
12183,2
12145,2
5406,2
9249,2
7422,2
9040,2
7747,2
11577,2
2570,2
2859,2
7883,2
12107,2
9681,2
8726,2
11370,2
1768,2
13907,2
8403,2
10391,2
13388,2
11344,2
3529,2
2470,2
3436,2
13602,2
1251,2
1001,2
5835,2
12650,2
5612,2
6879,2
7118,2
10806,2
2499,2
12951,2
3357,2
13738,2
9371,2
11524,2
14115,2
8010,2
14551,2
2494,2
7160,2
3600,2
2754,2
6944,2
13787,2
11379,2
8821,2
7908,2
9395,2
9171,2
8336,2
7431,2
3515,2
6097,2
5250,2
8865,2
9582,2
13600,2
3518,2
9576,2
10383,2
9177,2
5616,2
7233,2
10627,2
13752,2
11896,2
8801,2
6375,2
9077,2
9608,2
2213,2
4306,2
9421,2
14247,2
2572,2
3389,2
14974,2
1862,2
13065,2
6581,2
9659,2
12997,2
9311,2
7818,2
12423,2
5002,2
9346,2
5443,2
11529,2
10244,2
6019,2
2773,2
3710,2
5825,2
6096,2
12291,2
14242,2
13060,2
7696,2
3650,2
1812,2
1409,2
4156,2
7500,2
7967,2
13303,2
4520,2
11079,2
651,2
1201,2
7609,2
921,2
1646,2
6529,2
13895,2
7158,2
4910,2
6,2
2360,2
7174,2
12801,2
2905,2
2975,2
5885,2
1148,2
2856,2
11744,2
13448,2
8765,2
10096,2
8134,2
889,2
6306,2
1262,2
13887,2
13093,2
13483,2
13685,2
13558,2
2242,2
7634,2
7669,2
9368,2
13281,2
8018,2
6855,2
1078,2
5057,2
2421,2
5924,2
11350,2
10270,2
10616,2
13399,2
8382,2
11911,2
10254,2
6868,2
682,2
12470,2
845,2
10419,2
3118,2
1815,2
8799,2
1386,2
9745,2
11047,2
1326,2
6131,2
3490,2
3499,2
7209,2
4058,2
2822,2
13198,2
2652,2
6873,2
11961,2
8036,2
10390,2
2551,2
13229,2
2496,2
12415,2
5402,2
11949,2
9511,2
5058,2
2182,2
11706,2
6288,2
12319,2
14625,2
4266,2
706,2
3443,2
10246,2
11264,2
4243,2
5442,2
10056,2
3321,2
2042,2
6231,2
1336,2
8809,2
6893,2
11942,2
7356,2
3812,2
7462,2
8173,2
10425,2
14969,2
6426,2
8084,2
14656,2
5253,2
2738,2
3380,2
6423,2
3353,2
8642,2
13178,2
1170,2
4163,2
3933,2
6158,2
236,2
9909,2
11882,2
1408,2
3425,2
13108,2
1349,2
9047,2
7568,2
2528,2
13782,2
14452,2
3383,2
849,2
3504,2
13739,2
2355,2
5740,2
10059,2
7330,2
3244,2
3661,2
4195,2
4043,2
6014,2
649,2
13829,2
7708,2
1427,2
5580,2
13445,2
220,2
1370,2
282,2
3131,2
5895,2
10427,2
8130,2
616,2
4864,2
8860,2
9754,2
6380,2
3820,2
6569,2
4327,2
14304,2
6794,2
5791,2
3533,2
8553,2
11704,2
9624,2
6913,2
6672,2
3254,2
6102,2
4460,2
7279,2
342,2
4995,2
13102,2
11821,2
6490,2
10870,2
1912,2
11628,2
10983,2
1410,2
13992,2
12611,2
11318,2
9210,2
8141,2
4777,2
1519,2
10960,2
12636,2
11260,2
728,2
11332,2
1886,2
723,2
6469,2
9573,2
8857,2
6291,2
12130,2
12620,2
8712,2
13336,2
11654,2
12972,2
14204,2
5967,2
8983,2
6884,2
9725,2
2943,2
11286,2
5965,2
9142,2
8586,2
561,2
5739,2
409,2
7900,2
667,2
14276,2
252,2
11105,2
6962,2
3373,2
11635,2
7049,2
9765,2
11765,2
14063,2
6274,2
10337,2
6078,2
3446,2
6584,2
5379,2
7072,2
6554,2
12285,2
8006,2
14424,2
8719,2
2535,2
6111,2
1117,2
6220,2
10286,2
1858,2
4477,2
6196,2
6320,2
12474,2
4405,2
10137,2
1615,2
3942,2
10525,2
13030,2
4490,2
6628,2
8208,2
9819,2
8212,2
7706,2
3359,2
13169,2
11818,2
5362,2
6135,2
3178,2
11533,2
6607,2
12990,2
3787,2
4392,2
11089,2
1897,2
4245,2
14061,2
2098,2
6416,2
8961,2
1206,2
6599,2
8796,2
7614,2
10019,2
5211,2
10452,2
4349,2
13850,2
1816,2
5381,2
11671,2
6492,2
11329,2
12953,2
11227,2
7518,2
10136,2
10474,2
4224,2
4573,2
1362,2
1136,2
8333,2
14633,2
2078,2
12244,2
11220,2
1794,2
2004,2
984,2
11687,2
4098,2
11283,2
4244,2
8520,2
2039,2
11030,2
1895,2
9666,2
6812,2
6852,2
9923,2
2670,2
4899,2
2553,2
13756,2
11050,2
1282,2
9254,2
6070,2
3729,2
12288,2
8104,2
1587,2
9412,2
862,2
1779,2
9072,2
9723,2
14187,2
9907,2
9565,2
5617,2
2957,2
3753,2
2887,2
2440,2
1665,2
2935,2
14405,2
12852,2
12317,2
10891,2
13252,2
418,2
3289,2
6557,2
5679,2
2493,2
1236,2
9796,2
2608,2
298,2
10624,2
8271,2
12446,2
13515,2
10085,2
10047,2
7820,2
12591,2
8164,2
13066,2
3703,2
1190,2
10347,2
11730,2
12184,2
1825,2
13189,2
5880,2
2658,2
358,2
3692,2
1676,2
3530,2
13396,2
5482,2
11354,2
11528,2
13670,2
11493,2
11812,2
7707,2
12378,2
9213,2
13921,2
12491,2
7936,2
6042,2
10193,2
2892,2
7294,2
5344,2
7030,2
2700,2
11546,2
8626,2
5896,2
6714,2
5749,2
4369,2
7085,2
7901,2
4209,2
12984,2
14895,2
1483,2
7723,2
2479,2
6634,2
9768,2
12994,2
5473,2
5020,2
916,2
7125,2
5788,2
14275,2
13071,2
124,2
6680,2
5819,2
4074,2
3058,2
7766,2
8043,2
14396,2
2290,2
12312,2
5607,2
3752,2
6335,2
778,2
1799,2
13504,2
3760,2
5100,2
2861,2
2428,2
2074,2
14640,2
6485,2
6878,2
6437,2
4534,2
12556,2
10289,2
12204,2
8227,2
11913,2
1792,2
8032,2
13342,2
7728,2
5712,2
9579,2
10832,2
12246,2
11173,2
395,2
2295,2
14362,2
2159,2
5317,2
581,2
4634,2
4275,2
5731,2
2588,2
13696,2
5663,2
11396,2
3898,2
8361,2
12217,2
5234,2
2119,2
13307,2
10351,2
2749,2
14855,2
6548,2
6741,2
5672,2
3958,2
11270,2
5118,2
2055,2
12040,2
684,2
11564,2
1841,2
3954,2
5030,2
6729,2
2365,2
1941,2
4780,2
8067,2
11144,2
2446,2
9291,2
6125,2
7472,2
4659,2
838,2
362,2
11526,2
1711,2
3296,2
12418,2
7668,2
4558,2
14503,2
6119,2
2209,2
3036,2
10524,2
7917,2
4029,2
3280,2
3422,2
8046,2
8882,2
5470,2
12210,2
10272,2
11647,2
72,2
11017,2
10104,2
5239,2
7903,2
5388,2
8185,2
11304,2
1146,2
12530,2
7183,2
7944,2
4091,2
5605,2
8465,2
1883,2
3075,2
1189,2
8422,2
11183,2
2757,2
5282,2
8313,2
12558,2
3883,2
12209,2
7545,2
7849,2
10114,2
248,2
3393,2
1761,2
5409,2
5759,2
1425,2
4929,2
3993,2
7964,2
10686,2
12425,2
5756,2
13173,2
9485,2
14049,2
5001,2
11005,2
13058,2
14209,2
7091,2
5946,2
454,2
11849,2
9817,2
13635,2
1789,2
11235,2
10673,2
10785,2
1052,2
12386,2
717,2
3689,2
407,2
5812,2
7316,2
1741,2
4378,2
6936,2
2320,2
5769,2
8630,2
10395,2
10733,2
7999,2
6612,2
10589,2
11622,2
14493,2
1778,2
13536,2
129,2
6270,2
3318,2
8063,2
7523,2
2984,2
3051,2
5637,2
8409,2
10855,2
2237,2
12485,2
12559,2
14401,2
6252,2
4887,2
1221,2
3226,2
9606,2
13855,2
7579,2
7018,2
9602,2
5453,2
8154,2
9535,2
7577,2
8113,2
7034,2
6268,2
5692,2
10105,2
12431,2
3046,2
12413,2
10336,2
5452,2
3200,2
9746,2
10861,2
13748,2
14292,2
4143,2
5540,2
7874,2
9130,2
1607,2
4609,2
7691,2
12867,2
7060,2
383,2
9495,2
13103,2
62,2
6176,2
900,2
9803,2
1613,2
14252,2
13816,2
388,2
9980,2
4797,2
13769,2
8293,2
10349,2
2367,2
5347,2
1332,2
1166,2
13778,2
73,2
8722,2
9686,2
5796,2
5117,2
7400,2
4994,2
12400,2
13232,2
11471,2
14534,2
8109,2
1056,2
6849,2
10788,2
13477,2
9966,2
7827,2
5256,2
14158,2
7104,2
1753,2
3126,2
5888,2
1124,2
7226,2
7136,2
137,2
12392,2
2041,2
5154,2
3962,2
3732,2
5315,2
8740,2
6947,2
4888,2
9400,2
1430,2
2089,2
11638,2
5981,2
5378,2
14023,2
3946,2
5686,2
459,2
10219,2
402,2
2038,2
7491,2
13137,2
7103,2
798,2
12978,2
5914,2
369,2
6154,2
4909,2
2310,2
10731,2
11058,2
7164,2
5999,2
12964,2
801,2
10646,2
12798,2
11442,2
9952,2
5018,2
8202,2
2851,2
12962,2
5802,2
10701,2
8488,2
11705,2
11740,2
14136,2
9007,2
13624,2
11454,2
3788,2
7267,2
12343,2
13441,2
2550,2
6696,2
2594,2
10445,2
13883,2
805,2
1229,2
5044,2
10225,2
10536,2
13640,2
77,2
13736,2
2806,2
9733,2
10077,2
6062,2
11624,2
1565,2
10066,2
3976,2
2562,2
1713,2
8003,2
5593,2
6433,2
9679,2
9727,2
9690,2
13190,2
1296,2
13041,2
10683,2
12623,2
9229,2
1547,2
9321,2
9950,2
1456,2
3008,2
13806,2
2260,2
11631,2
6032,2
7214,2
161,2
13747,2
3524,2
6865,2
14525,2
7496,2
3330,2
8636,2
5792,2
9081,2
556,2
12274,2
10049,2
14027,2
3,2
13842,2
5472,2
8802,2
6030,2
6694,2
7499,2
1237,2
6541,2
3936,2
772,2
4150,2
7441,2
2916,2
13990,2
10758,2
9951,2
1986,2
2979,2
12119,2
4579,2
2697,2
13187,2
4426,2
9620,2
14257,2
5029,2
1071,2
6901,2
9550,2
13465,2
13664,2
12197,2
9887,2
3620,2
6514,2
7303,2
14416,2
9226,2
4877,2
5635,2
767,2
4644,2
11679,2
13383,2
7275,2
7629,2
2299,2
6214,2
262,2
12214,2
9476,2
186,2
9182,2
4814,2
10657,2
1736,2
3128,2
11389,2
7244,2
6072,2
1426,2
8247,2
10836,2
6338,2
9726,2
5226,2
13598,2
4750,2
9448,2
7277,2
12676,2
2033,2
6821,2
1931,2
6577,2
8283,2
8260,2
10353,2
9153,2
6735,2
7115,2
8,2
13766,2
8743,2
1133,2
2016,2
3881,2
1546,2
9351,2
12428,2
7585,2
7508,2
7010,2
4154,2
13577,2
4731,2
483,2
3603,2
12769,2
4850,2
14386,2
8446,2
8139,2
11278,2
3411,2
4925,2
1881,2
7573,2
12699,2
11455,2
11012,2
8443,2
1039,2
3934,2
12438,2
4870,2
13111,2
2519,2
12302,2
8080,2
10698,2
14537,2
2906,2
5177,2
7273,2
8480,2
13913,2
11604,2
12452,2
10263,2
517,2
7346,2
5244,2
6392,2
10417,2
12041,2
6328,2
10213,2
3516,2
5743,2
901,2
7445,2
3579,2
5585,2
14877,2
9409,2
3552,2
637,2
7618,2
14110,2
1795,2
4177,2
9204,2
11522,2
7872,2
11078,2
10842,2
12911,2
2106,2
7268,2
3233,2
13284,2
3237,2
9111,2
1235,2
8638,2
9147,2
5397,2
1884,2
7122,2
4294,2
4240,2
8276,2
4188,2
11854,2
4589,2
11867,2
10485,2
8064,2
9036,2
13716,2
13946,2
10691,2
14558,2
7471,2
6082,2
4208,2
14786,2
10117,2
151,2
2820,2
5451,2
8724,2
4082,2
4496,2
3871,2
9428,2
5570,2
13264,2
4643,2
12167,2
4587,2
1196,2
13565,2
8225,2
6310,2
4022,2
8099,2
10324,2
2351,2
8822,2
4162,2
3040,2
11481,2
5395,2
2238,2
13732,2
8976,2
7095,2
13820,2
13947,2
4041,2
5534,2
10538,2
6041,2
1154,2
4707,2
6547,2
6678,2
4999,2
13647,2
2108,2
1624,2
1777,2
13621,2
10581,2
8075,2
14173,2
5911,2
4675,2
11101,2
2020,2
101,2
6486,2
4924,2
791,2
9113,2
2413,2
5197,2
4071,2
13350,2
6960,2
8089,2
2140,2
3108,2
12924,2
7522,2
2973,2
10098,2
303,2
3565,2
8479,2
14174,2
6676,2
8682,2
14626,2
4985,2
14623,2
2328,2
9910,2
5827,2
1991,2
3156,2
13963,2
9769,2
3004,2
2530,2
7490,2
704,2
1366,2
2006,2
7916,2
13813,2
9856,2
4380,2
131,2
5906,2
1588,2
8507,2
584,2
13949,2
2593,2
13627,2
4969,2
6336,2
2399,2
10032,2
5252,2
10362,2
9458,2
9181,2
6780,2
445,2
6762,2
2404,2
5586,2
9979,2
1357,2
5520,2
5522,2
5752,2
1449,2
13206,2
2571,2
4566,2
2849,2
10017,2
7457,2
6802,2
6356,2
10729,2
7588,2
489,2
66,2
490,2
2615,2
7802,2
3903,2
3905,2
12760,2
2261,2
9667,2
6442,2
918,2
10647,2
4112,2
6161,2
6199,2
8041,2
6193,2
12588,2
238,2
5133,2
4218,2
3297,2
7135,2
11445,2
10534,2
1263,2
9559,2
6206,2
4813,2
13771,2
12129,2
8168,2
10652,2
10001,2
12479,2
7302,2
1819,2
12440,2
4276,2
11263,2
10637,2
8287,2
6728,2
8934,2
896,2
9525,2
378,2
8692,2
6616,2
4506,2
509,2
11443,2
12711,2
5082,2
8797,2
8683,2
10438,2
3798,2
6479,2
10871,2
2143,2
1507,2
742,2
14639,2
9588,2
3418,2
12089,2
7373,2
8310,2
318,2
6037,2
1494,2
3323,2
1082,2
731,2
8337,2
7345,2
2183,2
12229,2
5923,2
8461,2
2932,2
10947,2
13720,2
1837,2
1093,2
9806,2
386,2
10079,2
12887,2
4361,2
7128,2
3931,2
10670,2
11767,2
515,2
4724,2
3697,2
6752,2
12577,2
5928,2
3873,2
4555,2
1252,2
11355,2
3715,2
10576,2
4947,2
8820,2
8334,2
10885,2
7394,2
4447,2
8363,2
7709,2
6362,2
9712,2
82,2
14455,2
7407,2
4596,2
314,2
9496,2
6262,2
12147,2
10093,2
10508,2
8941,2
2878,2
1448,2
4591,2
5124,2
13482,2
608,2
4133,2
8936,2
14752,2
11605,2
6349,2
1280,2
8215,2
10119,2
7212,2
4362,2
7423,2
11851,2
9188,2
14294,2
14600,2
3568,2
7544,2
4503,2
8541,2
1145,2
13503,2
3063,2
3696,2
3412,2
7997,2
8843,2
12458,2
13609,2
11192,2
3663,2
3084,2
12985,2
968,2
181,2
4918,2
9941,2
6418,2
8136,2
8375,2
6650,2
7470,2
9785,2
9277,2
11087,2
13936,2
11200,2
3859,2
6760,2
1020,2
9185,2
281,2
11296,2
10002,2
11771,2
9621,2
12021,2
4173,2
2192,2
5104,2
5429,2
5856,2
1828,2
5389,2
2549,2
13412,2
9596,2
7712,2
10388,2
9398,2
1617,2
3426,2
5869,2
10780,2
3722,2
7790,2
10650,2
9520,2
8780,2
6549,2
3747,2
11325,2
9087,2
2015,2
11719,2
2564,2
3577,2
9514,2
6450,2
260,2
1316,2
14077,2
8670,2
13196,2
2003,2
3629,2
3143,2
6443,2
6630,2
11788,2
13140,2
7852,2
2898,2
8086,2
1068,2
3482,2
9564,2
8804,2
147,2
12190,2
7182,2
10275,2
7429,2
6444,2
9829,2
13035,2
9175,2
11409,2
5862,2
14008,2
3326,2
8814,2
9566,2
2591,2
14056,2
7604,2
9813,2
4754,2
9880,2
14130,2
5004,2
7059,2
2989,2
6540,2
9180,2
7531,2
7778,2
6605,2
1769,2
6758,2
1384,2
14244,2
5513,2
1048,2
11072,2
8580,2
14372,2
10979,2
7397,2
10837,2
10549,2
8969,2
13402,2
3693,2
1993,2
2050,2
6890,2
1152,2
215,2
7117,2
9717,2
10026,2
10849,2
6858,2
7933,2
3688,2
8777,2
9365,2
2313,2
12148,2
1192,2
8919,2
3707,2
7290,2
1441,2
5626,2
12459,2
4714,2
2527,2
8362,2
353,2
5501,2
3961,2
8052,2
13053,2
5296,2
8549,2
10261,2
11607,2
8143,2
10088,2
4345,2
2648,2
646,2
389,2
3817,2
27,2
7759,2
13127,2
6588,2
1854,2
9871,2
9422,2
12758,2
11128,2
14184,2
4412,2
12774,2
10310,2
12348,2
6869,2
7105,2
13916,2
5553,2
1551,2
10260,2
2331,2
10016,2
1678,2
10778,2
158,2
3157,2
3569,2
1008,2
6664,2
6489,2
1089,2
4250,2
11775,2
10274,2
11363,2
2220,2
11912,2
6560,2
234,2
8174,2
4961,2
11177,2
2695,2
2783,2
4234,2
95,2
8945,2
9011,2
13556,2
382,2
14759,2
10281,2
6999,2
187,2
2578,2
5699,2
8270,2
5382,2
2737,2
7981,2
5847,2
4486,2
7261,2
5345,2
8889,2
1965,2
1688,2
5499,2
3242,2
356,2
12023,2
1031,2
9263,2
2846,2
3025,2
1554,2
3034,2
2691,2
1174,2
5479,2
5874,2
2300,2
5644,2
12231,2
13017,2
6387,2
9164,2
2444,2
751,2
6986,2
4664,2
3651,2
7307,2
1995,2
5465,2
6484,2
1047,2
12680,2
1537,2
6285,2
4045,2
12085,2
3400,2
9735,2
9547,2
2083,2
8341,2
3974,2
14432,2
2095,2
6434,2
13928,2
7187,2
8977,2
3272,2
178,2
4355,2
12314,2
10448,2
14301,2
340,2
4693,2
12461,2
2137,2
3949,2
13291,2
10450,2
11954,2
11261,2
13430,2
2318,2
7645,2
3309,2
8775,2
11075,2
9649,2
11419,2
14083,2
11906,2
13107,2
9438,2
8388,2
11773,2
11893,2
7889,2
3218,2
7448,2
2560,2
4818,2
8991,2
3257,2
8839,2
13881,2
2155,2
1808,2
6539,2
8207,2
9847,2
3231,2
88,2
11674,2
1856,2
9574,2
4713,2
394,2
3749,2
11040,2
7808,2
3755,2
9235,2
11685,2
3779,2
7342,2
11273,2
3536,2
8842,2
11486,2
3313,2
2451,2
10461,2
10786,2
3292,2
9370,2
8552,2
11723,2
12812,2
998,2
6183,2
2433,2
12815,2
7242,2
1824,2
8818,2
9399,2
14064,2
1102,2
7482,2
4462,2
1057,2
5976,2
6826,2
2802,2
10635,2
13987,2
155,2
11175,2
14046,2
11884,2
59,2
9073,2
14395,2
6660,2
818,2
7352,2
1395,2
12165,2
7703,2
6755,2
4185,2
7478,2
1793,2
13509,2
9411,2
1481,2
2964,2
6200,2
8495,2
8738,2
12306,2
526,2
6520,2
6982,2
6372,2
5678,2
7878,2
4827,2
7935,2
12585,2
3198,2
6153,2
6075,2
2688,2
5777,2
13095,2
8159,2
5166,2
145,2
6801,2
8564,2
3441,2
4123,2
3339,2
6564,2
1896,2
13833,2
8177,2
2093,2
8539,2
10291,2
14456,2
10515,2
4107,2
4768,2
12018,2
7965,2
8557,2
1083,2
2507,2
4832,2
761,2
5427,2
11579,2
9644,2
4301,2
11188,2
3959,2
7308,2
6598,2
7412,2
10735,2
2492,2
8235,2
10989,2
10204,2
5621,2
7163,2
6394,2
2296,2
10809,2
13221,2
7334,2
2866,2
3449,2
14519,2
621,2
5180,2
13562,2
9900,2
7859,2
4645,2
10952,2
12449,2
10800,2
8933,2
14273,2
4894,2
4523,2
8322,2
6300,2
2424,2
6383,2
14444,2
13210,2
642,2
5771,2
1497,2
8026,2
2319,2
2469,2
13653,2
6034,2
4793,2
10807,2
6435,2
12855,2
6819,2
13662,2
274,2
8161,2
2321,2
12502,2
2574,2
12191,2
5416,2
5032,2
4309,2
1162,2
4367,2
10892,2
385,2
4788,2
11256,2
12196,2
991,2
6673,2
733,2
7320,2
7265,2
6604,2
6790,2
12296,2
1467,2
3264,2
3622,2
945,2
12398,2
9314,2
949,2
9549,2
6842,2
7257,2
11972,2
12543,2
13328,2
5953,2
7934,2
11545,2
4110,2
10662,2
2624,2
6829,2
7863,2
7291,2
2863,2
13541,2
1434,2
3826,2
852,2
11314,2
8903,2
10510,2
12722,2
9402,2
3077,2
3641,2
5342,2
4725,2
7220,2
12325,2
1364,2
13367,2
8794,2
705,2
1266,2
10881,2
1776,2
1399,2
2307,2
2590,2
811,2
243,2
4152,2
1172,2
7134,2
1036,2
7465,2
12704,2
5321,2
5205,2
4125,2
488,2
2216,2
8142,2
9935,2
7481,2
3844,2
6527,2
9479,2
9095,2
5169,2
7502,2
100,2
5365,2
12862,2
1222,2
5152,2
12321,2
14419,2
9714,2
8298,2
919,2
804,2
11287,2
8937,2
10984,2
10725,2
6408,2
13810,2
8788,2
981,2
2994,2
1377,2
2219,2
2432,2
7641,2
11180,2
14387,2
9540,2
12590,2
12791,2
1822,2
4034,2
8953,2
9337,2
3164,2
10321,2
14666,2
6073,2
8628,2
6643,2
2161,2
1099,2
11691,2
3193,2
5460,2
6720,2
1059,2
2541,2
8617,2
6512,2
971,2
7829,2
3340,2
11877,2
7475,2
546,2
12357,2
9978,2
603,2
13195,2
11109,2
6410,2
346,2
6221,2
11118,2
13922,2
13572,2
11152,2
11291,2
6203,2
2876,2
11696,2
14123,2
451,2
10471,2
10462,2
11891,2
4601,2
2873,2
8060,2
3448,2
2793,2
2139,2
1840,2
10107,2
1417,2
7127,2
8967,2
2689,2
8954,2
1697,2
5842,2
547,2
7406,2
174,2
7615,2
4116,2
12883,2
3404,2
6966,2
6355,2
4493,2
9051,2
13805,2
2105,2
5026,2
8623,2
8957,2
6807,2
7867,2
4027,2
14818,2
14443,2
8189,2
3031,2
7204,2
4857,2
1557,2
334,2
11082,2
2063,2
7871,2
7534,2
3840,2
10258,2
10239,2
219,2
762,2
3493,2
10023,2
6012,2
6924,2
3475,2
10303,2
4118,2
5380,2
11822,2
5583,2
12831,2
626,2
12874,2
1879,2
3919,2
2760,2
938,2
3686,2
7902,2
13773,2
4115,2
2643,2
6208,2
13214,2
14007,2
4795,2
5901,2
653,2
8320,2
14597,2
3469,2
1990,2
11920,2
7625,2
2503,2
8710,2
13620,2
12743,2
5560,2
7208,2
35,2
12651,2
2026,2
8044,2
14234,2
6703,2
10598,2
5697,2
8940,2
2466,2
12081,2
3725,2
1531,2
7264,2
860,2
12587,2
5982,2
13418,2
727,2
14104,2
9636,2
9068,2
5281,2
8213,2
7870,2
2062,2
8817,2
8909,2
2002,2
11795,2
12933,2
5750,2
12832,2
856,2
2758,2
4749,2
9353,2
8854,2
10472,2
3433,2
13282,2
2,2
2374,2
7650,2
5959,2
1462,2
12254,2
12912,2
9919,2
10372,2
5615,2
9862,2
10483,2
11753,2
9343,2
709,2
13203,2
7193,2
4668,2
11860,2
9275,2
117,2
10808,2
5813,2
4434,2
4986,2
12030,2
658,2
2029,2
5289,2
1392,2
8655,2
10776,2
823,2
13051,2
5990,2
8800,2
6885,2
7803,2
10633,2
10408,2
12140,2
11734,2
1279,2
9304,2
5494,2
5509,2
1344,2
8278,2
12180,2
8964,2
1116,2
12489,2
2401,2
3248,2
6542,2
14325,2
12820,2
1115,2
7000,2
14393,2
11653,2
6723,2
3286,2
486,2
14616,2
12430,2
1871,2
14141,2
8377,2
13009,2
9512,2
850,2
4772,2
866,2
665,2
8179,2
13202,2
5866,2
8632,2
10135,2
1328,2
13327,2
7438,2
6233,2
3253,2
13844,2
10977,2
11904,2
10486,2
5089,2
7493,2
7796,2
8915,2
6669,2
3522,2
6804,2
4635,2
14011,2
2986,2
8537,2
2891,2
8047,2
4453,2
8878,2
2854,2
12759,2
1526,2
9904,2
2303,2
10595,2
7199,2
11151,2
2779,2
2304,2
6261,2
7968,2
1893,2
1351,2
9356,2
2378,2
9018,2
752,2
2692,2
12647,2
5669,2
8931,2
3166,2
1877,2
4514,2
664,2
11664,2
12570,2
2114,2
12928,2
11375,2
6126,2
9312,2
2604,2
9743,2
6737,2
3556,2
2841,2
13380,2
10628,2
9902,2
6949,2
9461,2
1686,2
6462,2
7318,2
13067,2
4464,2
396,2
6195,2
12220,2
7428,2
9053,2
13446,2
4604,2
1536,2
12854,2
1754,2
375,2
5288,2
9974,2
2676,2
13819,2
4085,2
8237,2
4739,2
3594,2
9096,2
10795,2
4360,2
11162,2
9751,2
14572,2
4481,2
4853,2
8234,2
6930,2
10262,2
7895,2
10090,2
10884,2
5803,2
1920,2
1233,2
9668,2
13378,2
10297,2
1663,2
11633,2
10103,2
7087,2
3937,2
3019,2
1731,2
14637,2
3704,2
439,2
14066,2
6332,2
13415,2
11511,2
7058,2
14314,2
119,2
430,2
2217,2
9682,2
4505,2
8097,2
14015,2
6341,2
1691,2
4067,2
8004,2
7162,2
6888,2
7729,2
10610,2
2832,2
11503,2
4817,2
6404,2
8641,2
5511,2
9516,2
7426,2
5886,2
13986,2
12678,2
6234,2
14678,2
11667,2
8947,2
7379,2
2679,2
6453,2
11999,2
5412,2
10410,2
6411,2
9019,2
13633,2
10513,2
7976,2
7731,2
12046,2
6711,2
13801,2
9232,2
5010,2
6636,2
2110,2
7843,2
4249,2
6545,2
6882,2
9500,2
5068,2
6575,2
2646,2
9507,2
2283,2
13337,2
10084,2
7920,2
5608,2
3797,2
8896,2
7353,2
9487,2
4550,2
7297,2
2744,2
9729,2
8437,2
12473,2
13381,2
7391,2
7289,2
4917,2
2879,2
10567,2
150,2
321,2
5581,2
5766,2
159,2
5518,2
12166,2
4015,2
1182,2
13690,2
171,2
2801,2
6504,2
13631,2
10649,2
652,2
10177,2
14617,2
4171,2
5724,2
12597,2
4228,2
139,2
13750,2
2510,2
8005,2
12540,2
1457,2
2210,2
4282,2
4147,2
8069,2
13241,2
5273,2
6566,2
13874,2
2726,2
1559,2
2475,2
3935,2
1618,2
14124,2
11095,2
12914,2
6920,2
4510,2
9035,2
4764,2
1598,2
8644,2
9015,2
4356,2
3274,2
3521,2
13290,2
7180,2
8094,2
6318,2
8519,2
4889,2
14112,2
434,2
1785,2
8379,2
8035,2
13128,2
14654,2
11334,2
12058,2
2224,2
12609,2
7822,2
465,2
6754,2
3998,2
3953,2
11883,2
9094,2
5677,2
4318,2
373,2
13542,2
6212,2
9190,2
12550,2
14108,2
13878,2
6505,2
8061,2
13174,2
12059,2
4086,2
8752,2
1383,2
1642,2
5251,2
6918,2
5728,2
3763,2
3096,2
2720,2
1130,2
6503,2
8556,2
10279,2
1765,2
1163,2
14057,2
4037,2
3085,2
10037,2
3990,2
7361,2
4930,2
7360,2
4353,2
1271,2
9707,2
9575,2
4197,2
14323,2
14200,2
14098,2
2250,2
11460,2
2524,2
8028,2
3535,2
14053,2
4530,2
7196,2
14512,2
8093,2
12277,2
6056,2
14968,2
6957,2
3615,2
13700,2
4771,2
5641,2
2445,2
5528,2
7039,2
11603,2
1643,2
5798,2
3485,2
13803,2
7792,2
4618,2
5797,2
2938,2
6050,2
11688,2
10874,2
1833,2
1652,2
5988,2
7033,2
12665,2
12839,2
4812,2
11155,2
283,2
9594,2
4880,2
3866,2
1391,2
9046,2
5161,2
2713,2
9778,2
1487,2
2244,2
10415,2
4823,2
7987,2
11000,2
8145,2
10617,2
7864,2
5944,2
8453,2
4497,2
1153,2
1413,2
8025,2
13165,2
8303,2
3608,2
10921,2
10439,2
2909,2
13828,2
7966,2
13097,2
1594,2
3607,2
858,2
11348,2
10530,2
9945,2
12677,2
3655,2
14451,2
4352,2
814,2
5992,2
11045,2
1694,2
970,2
8702,2
8021,2
1757,2
4384,2
11781,2
14190,2
7667,2
7705,2
2776,2
4958,2
1468,2
5628,2
3053,2
1137,2
8970,2
5619,2
14583,2
13637,2
5008,2
5463,2
7810,2
6601,2
9569,2
3082,2
3494,2
12135,2
12248,2
13138,2
6004,2
2889,2
4456,2
3894,2
5215,2
10564,2
8583,2
13422,2
7255,2
13218,2
3397,2
13585,2
13796,2
6353,2
9861,2
7664,2
7798,2
211,2
11214,2
5960,2
4619,2
14222,2
4467,2
4761,2
118,2
10942,2
3652,2
10964,2
2765,2
12361,2
11140,2
12339,2
7395,2
1851,2
737,2
10629,2
5668,2
12628,2
617,2
3642,2
1226,2
13807,2
5565,2
11710,2
11393,2
3573,2
38,2
568,2
9671,2
3413,2
7253,2
3477,2
2084,2
6398,2
4340,2
2721,2
4305,2
3837,2
9494,2
247,2
1178,2
11621,2
14874,2
570,2
11428,2
14516,2
4295,2
9984,2
7596,2
3526,2
976,2
4160,2
1502,2
10678,2
7433,2
4181,2
1485,2
4584,2
12136,2
3823,2
14381,2
2555,2
5067,2
775,2
12387,2
5458,2
11327,2
13355,2
1183,2
5543,2
10764,2
11600,2
2407,2
6033,2
11458,2
5676,2
7304,2
4057,2
10946,2
10308,2
3399,2
5072,2
5889,2
8782,2
3815,2
1256,2
5148,2
7460,2
14435,2
11449,2
13463,2
12842,2
7627,2
3100,2
6008,2
8357,2
9169,2
13306,2
868,2
876,2
3158,2
10405,2
3423,2
8998,2
586,2
2347,2
2179,2
1580,2
8949,2
11245,2
4512,2
7323,2
8582,2
14082,2
5532,2
8828,2
2048,2
268,2
3956,2
1685,2
12181,2
8226,2
227,2
11595,2
11088,2
9678,2
3497,2
5649,2
14641,2
822,2
9571,2
2663,2
4569,2
9,2
9022,2
3083,2
10573,2
9178,2
11008,2
1197,2
6609,2
13194,2
13501,2
14500,2
6174,2
5714,2
13110,2
6567,2
12718,2
13036,2
6430,2
1239,2
11149,2
6452,2
630,2
2941,2
874,2
14891,2
8763,2
8835,2
1292,2
8536,2
13348,2
2732,2
11965,2
3197,2
3640,2
10867,2
9689,2
12509,2
14260,2
12715,2
4955,2
3776,2
6142,2
638,2
2131,2
4450,2
11977,2
13080,2
11908,2
1435,2
5476,2
540,2
2976,2
1918,2
12503,2
5147,2
2352,2
6446,2
12749,2
2724,2
1578,2
7310,2
1898,2
7612,2
7813,2
9949,2
366,2
13185,2
2985,2
7019,2
3288,2
11931,2
710,2
1575,2
13028,2
14457,2
5638,2
7250,2
1784,2
9954,2
1188,2
7335,2
12475,2
11587,2
5489,2
11309,2
5984,2
2279,2
2059,2
993,2
13777,2
5651,2
9117,2
14765,2
7591,2
5419,2
8660,2
7377,2
3194,2
3416,2
1132,2
12776,2
1184,2
4421,2
46,2
4592,2
4952,2
14020,2
9807,2
1708,2
5271,2
13730,2
6365,2
8279,2
2414,2
3110,2
6168,2
1595,2
11374,2
1866,2
1488,2
5134,2
1084,2
7449,2
10113,2
3227,2
279,2
13311,2
4331,2
13544,2
10792,2
11415,2
11322,2
6054,2
7590,2
4312,2
10737,2
12966,2
7256,2
4537,2
3927,2
12065,2
1597,2
4597,2
5826,2
12772,2
10688,2
11953,2
11560,2
7586,2
9721,2
12702,2
10901,2
12203,2
6143,2
4235,2
3685,2
10065,2
9738,2
7666,2
7890,2
8639,2
11917,2
9449,2
8948,2
5285,2
3470,2
13893,2
9132,2
10537,2
3929,2
10810,2
12673,2
4541,2
14129,2
4945,2
1704,2
6608,2
7511,2
11126,2
9212,2
3229,2
7505,2
3818,2
4521,2
12410,2
558,2
13070,2
6384,2
13087,2
12787,2
13686,2
429,2
9648,2
12780,2
4038,2
4963,2
8301,2
13485,2
10986,2
13240,2
915,2
13201,2
5670,2
13898,2
11509,2
9752,2
8150,2
6107,2
6230,2
4862,2
2450,2
12402,2
11629,2
6406,2
10018,2
1193,2
3563,2
7549,2
2459,2
11448,2
4371,2
189,2
6323,2
10641,2
5517,2
9776,2
13658,2
2349,2
7724,2
3751,2
14474,2
9851,2
7147,2
8744,2
14278,2
12547,2
897,2
2584,2
12864,2
13345,2
3896,2
3882,2
12991,2
3566,2
677,2
5298,2
8584,2
4582,2
204,2
11002,2
12626,2
10387,2
9050,2
4613,2
391,2
9183,2
7466,2
8262,2
12000,2
2423,2
5519,2
8566,2
5098,2
4562,2
12703,2
6364,2
2825,2
5136,2
7655,2
11104,2
3539,2
2308,2
11737,2
541,2
6973,2
1198,2
4400,2
10684,2
14487,2
8259,2
2716,2
3774,2
9017,2
4044,2
13899,2
3452,2
4051,2
13047,2
9503,2
3345,2
5113,2
8955,2
6578,2
863,2
8088,2
10110,2
5346,2
4290,2
9364,2
2228,2
2582,2
9360,2
10480,2
10259,2
4053,2
9278,2
11142,2
9994,2
4551,2
180,2
3836,2
8242,2
1345,2
7202,2
8068,2
8381,2
13743,2
4111,2
3078,2
9674,2
3920,2
3010,2
4633,2
12553,2
9115,2
13153,2
4691,2
12976,2
4096,2
9024,2
4948,2
7550,2
2282,2
11413,2
4137,2
7037,2
11159,2
11513,2
13423,2
6702,2
8795,2
8367,2
4681,2
9532,2
1474,2
8529,2
1496,2
8807,2
5024,2
4272,2
13256,2
11365,2
4922,2
4517,2
9792,2
11359,2
9628,2
13081,2
1075,2
3571,2
3832,2
6625,2
11066,2
632,2
9603,2
10917,2
12482,2
1220,2
2454,2
4973,2
13843,2
10976,2
3547,2
3038,2
10413,2
1916,2
14318,2
1407,2
6945,2
1232,2
12221,2
2616,2
12048,2
10739,2
4313,2
13101,2
7740,2
8253,2
6712,2
8662,2
13687,2
7488,2
10770,2
13158,2
2838,2
11198,2
10550,2
8339,2
1530,2
7605,2
6814,2
12730,2
10916,2
3307,2
1627,2
8609,2
11019,2
12377,2
1948,2
977,2
6292,2
12546,2
9492,2
2085,2
7716,2
13648,2
9325,2
10630,2
13973,2
5894,2
6113,2
525,2
1353,2
11956,2
11923,2
13250,2
14211,2
10231,2
4119,2
5006,2
11201,2
2794,2
9762,2
7492,2
11425,2
5156,2
13427,2
13912,2
1723,2
6155,2
7762,2
14507,2
12686,2
109,2
4248,2
4430,2
3670,2
4099,2
11444,2
3203,2
8034,2
13779,2
13682,2
3241,2
8925,2
126,2
14031,2
8414,2
10746,2
6783,2
3773,2
564,2
9801,2
1845,2
10643,2
14858,2
1058,2
10518,2
516,2
13579,2
1440,2
6792,2
11468,2
13701,2
11343,2
13239,2
1504,2
9447,2
13616,2
12363,2
3561,2
9452,2
713,2
6459,2
1907,2
3532,2
4710,2
8087,2
841,2
3574,2
7982,2
3327,2
13966,2
2759,2
5535,2
3020,2
9533,2
5445,2
5996,2
12929,2
11804,2
9292,2
8486,2
12324,2
8929,2
9228,2
8577,2
2739,2
55,2
10927,2
12675,2
2117,2
13608,2
12442,2
9105,2
1325,2
4892,2
6067,2
5316,2
600,2
2376,2
13494,2
14449,2
10655,2
12138,2
2008,2
7027,2
4127,2
2882,2
9238,2
6573,2
8490,2
4631,2
10145,2
11989,2
6114,2
1354,2
12581,2
11435,2
11297,2
14580,2
11726,2
8978,2
10514,2
11090,2
13759,2
5600,2
5978,2
7556,2
8928,2
7149,2
12104,2
2455,2
1956,2
13089,2
12800,2
5128,2
10825,2
13253,2
13257,2
10491,2
4424,2
4062,2
6536,2
12222,2
2761,2
8952,2
13790,2
13191,2
9222,2
8709,2
7962,2
819,2
10934,2
769,2
50,2
10123,2
14375,2
4087,2
7622,2
5101,2
1865,2
11423,2
9990,2
6523,2
914,2
11150,2
7190,2
4811,2
7043,2
4913,2
2040,2
10957,2
5245,2
9972,2
6429,2
2436,2
13831,2
5090,2
840,2
1722,2
11746,2
7754,2
3474,2
9973,2
4020,2
7417,2
3813,2
13452,2
4567,2
13276,2
8420,2
13654,2
9274,2
14308,2
1541,2
6488,2
6043,2
6432,2
11659,2
5467,2
5140,2
10456,2
1791,2
7022,2
3508,2
5071,2
10069,2
3700,2
8810,2
3857,2
1375,2
8194,2
7947,2
10586,2
7063,2
264,2
13090,2
7841,2
5602,2
5444,2
943,2
11077,2
10208,2
11306,2
1372,2
883,2
9616,2
5729,2
5800,2
5919,2
8330,2
7113,2
9246,2
13909,2
3778,2
10010,2
2939,2
9891,2
2958,2
9660,2
1246,2
9092,2
4492,2
9473,2
1954,2
6828,2
5187,2
10851,2
203,2
5654,2
12137,2
2751,2
1158,2
12612,2
8353,2
2332,2
4856,2
6425,2
5291,2
13697,2
10835,2
7868,2
7782,2
4998,2
11,2
7067,2
7365,2
2966,2
9139,2
1988,2
14256,2
2928,2
9805,2
10615,2
34,2
14781,2
11880,2
8340,2
678,2
6546,2
14653,2
773,2
479,2
3578,2
10220,2
679,2
12999,2
8885,2
8077,2
5815,2
5926,2
591,2
8335,2
2705,2
13735,2
3173,2
10346,2
4617,2
7476,2
2777,2
8384,2
9482,2
1140,2
6713,2
8548,2
297,2
8596,2
14719,2
7998,2
7378,2
399,2
8974,2
13205,2
3644,2
13363,2
6331,2
5221,2
4984,2
10803,2
1113,2
2232,2
461,2
323,2
12539,2
5153,2
8123,2
5311,2
6817,2
11589,2
9009,2
8129,2
9486,2
1641,2
4055,2
1323,2
5773,2
5747,2
9435,2
6222,2
5971,2
4364,2
11195,2
14024,2
5240,2
11268,2
9387,2
10045,2
2651,2
354,2
9563,2
10489,2
2995,2
9798,2
11569,2
9568,2
249,2
1423,2
12941,2
11416,2
9363,2
12300,2
5354,2
2836,2
10148,2
6710,2
1543,2
14251,2
8988,2
4165,2
13315,2
8589,2
10020,2
2548,2
13745,2
11900,2
5268,2
1763,2
722,2
2813,2
878,2
4762,2
8505,2
7486,2
3311,2
363,2
7325,2
2787,2
370,2
10128,2
12808,2
6419,2
13894,2
8690,2
8431,2
5069,2
11625,2
9998,2
9431,2
724,2
9255,2
1574,2
13568,2
8350,2
12134,2
11215,2
8649,2
14113,2
9080,2
7387,2
1343,2
2314,2
12390,2
3617,2
9206,2
3550,2
8493,2
1932,2
9158,2
12072,2
8755,2
6472,2
6898,2
6294,2
902,2
5041,2
13425,2
8131,2
96,2
973,2
7295,2
7961,2
676,2
8918,2
14194,2
1922,2
9230,2
12318,2
6655,2
5875,2
7804,2
11457,2
8669,2
7743,2
11686,2
61,2
6719,2
2417,2
12627,2
691,2
12278,2
6366,2
3387,2
5335,2
9749,2
12103,2
12930,2
11993,2
4113,2
518,2
7509,2
13341,2
6743,2
43,2
986,2
14394,2
8762,2
11754,2
9290,2
3027,2
14658,2
11894,2
12947,2
5497,2
5956,2
3701,2
12384,2
11466,2
3299,2
2146,2
7375,2
7653,2
3674,2
86,2
6769,2
56,2
5297,2
12829,2
5954,2
9203,2
477,2
3398,2
1656,2
10730,2
11004,2
5075,2
3864,2
12878,2
2239,2
11103,2
5653,2
8482,2
12359,2
4159,2
9247,2
4069,2
12429,2
2189,2
12524,2
10732,2
6267,2
8746,2
7832,2
217,2
8155,2
1267,2
2662,2
5720,2
5717,2
3386,2
5401,2
10338,2
7924,2
2245,2
12230,2
10488,2
10742,2
1355,2
9867,2
9390,2
3230,2
9318,2
9090,2
3805,2
8426,2
11798,2
4759,2
347,2
3922,2
5702,2
10833,2
380,2
4039,2
3407,2
4168,2
8496,2
4291,2
9425,2
9853,2
8291,2
5751,2
10143,2
11271,2
2359,2
5192,2
4684,2
7071,2
5349,2
6718,2
681,2
3893,2
2809,2
7468,2
8513,2
300,2
647,2
735,2
6053,2
9866,2
12456,2
3066,2
9148,2
5107,2
460,2
2595,2
8613,2
8881,2
3498,2
47,2
9700,2
8250,2
3863,2
4983,2
14724,2
10068,2
9116,2
879,2
7690,2
5587,2
7197,2
1359,2
14378,2
10406,2
1611,2
9239,2
11922,2
7594,2
7319,2
10287,2
2515,2
956,2
4806,2
4000,2
6494,2
8917,2
8165,2
1640,2
11620,2
7469,2
9983,2
2309,2
14700,2
10756,2
6951,2
1894,2
3160,2
4324,2
1159,2
9118,2
5062,2
2441,2
2843,2
12917,2
14360,2
5224,2
4622,2
8120,2
5143,2
14995,2
11829,2
10873,2
13538,2
11669,2
5614,2
7414,2
10580,2
7644,2
9384,2
2529,2
13980,2
8216,2
4135,2
2621,2
1915,2
13780,2
11928,2
13236,2
8156,2
14461,2
11130,2
10095,2
2870,2
2675,2
3310,2
9970,2
14171,2
8684,2
6409,2
13797,2
8509,2
11237,2
4871,2
10923,2
132,2
8643,2
11508,2
3557,2
3016,2
12688,2
5618,2
4665,2
9987,2
12763,2
5765,2
12224,2
12281,2
8932,2
14860,2
6159,2
9958,2
5353,2
7926,2
13942,2
7153,2
1248,2
13176,2
3428,2
3969,2
1719,2
2034,2
149,2
10664,2
10531,2
13839,2
10588,2
14526,2
14281,2
3665,2
14303,2
11284,2
8254,2
12901,2
5801,2
5455,2
12262,2
10423,2
4642,2
11394,2
8404,2
5973,2
7514,2
14254,2
10325,2
12289,2
156,2
10985,2
693,2
7875,2
3076,2
8297,2
9877,2
13836,2
9466,2
154,2
4824,2
3519,2
9789,2
1482,2
13141,2
8739,2
13217,2
6684,2
1852,2
9085,2
9760,2
13749,2
9401,2
675,2
9127,2
5227,2
2606,2
9609,2
3234,2
13543,2
11138,2
11872,2
4182,2
3495,2
13379,2
8606,2
10214,2
12598,2
4966,2
13985,2
3621,2
13273,2
10831,2
7517,2
1967,2
8476,2
7181,2
7869,2
909,2
476,2
13587,2
9875,2
8675,2
9720,2
5157,2
13481,2
7700,2
4186,2
12529,2
2855,2
666,2
780,2
90,2
2709,2
5079,2
7341,2
1347,2
11068,2
10704,2
7606,2
8124,2
5097,2
8365,2
11702,2
14590,2
13237,2
13139,2
877,2
2333,2
13760,2
12100,2
13848,2
8040,2
4190,2
12655,2
7251,2
5485,2
11277,2
12569,2
9901,2
5689,2
14524,2
4167,2
11403,2
9710,2
5688,2
2736,2
1968,2
10238,2
3657,2
376,2
7658,2
10255,2
9358,2
1558,2
14933,2
12689,2
2362,2
5599,2
2214,2
8355,2
10830,2
10879,2
12444,2
471,2
5400,2
13248,2
7881,2
5698,2
4075,2
11022,2
3049,2
13817,2
11010,2
7973,2
14324,2
14059,2
5328,2
5411,2
2391,2
11793,2
2881,2
41,2
2086,2
10196,2
12002,2
1303,2
11015,2
474,2
4391,2
3488,2
11935,2
7661,2
1419,2
1695,2
8769,2
7956,2
11069,2
11062,2
10373,2
1608,2
1298,2
8527,2
6023,2
261,2
7266,2
1043,2
9124,2
12658,2
2864,2
1486,2
698,2
2655,2
8504,2
5966,2
11580,2
3741,2
5114,2
10526,2
12411,2
6717,2
12242,2
5736,2
5087,2
1687,2
9643,2
3609,2
13147,2
12889,2
10991,2
11218,2
13387,2
2778,2
11915,2
6652,2
2586,2
9938,2
201,2
2128,2
2513,2
1668,2
3069,2
14635,2
3952,2
6178,2
13554,2
7548,2
6393,2
4341,2
1324,2
6290,2
5503,2
8358,2
10241,2
10072,2
54,2
6583,2
3013,2
9570,2
534,2
6005,2
6087,2
4131,2
12789,2
6369,2
10889,2
7717,2
1973,2
9110,2
1478,2
1750,2
9375,2
5270,2
9049,2
12786,2
14630,2
14705,2
2364,2
10235,2
4839,2
12127,2
2901,2
7640,2
12926,2
3572,2
9093,2
4220,2
3660,2
12669,2
3802,2
11661,2
2463,2
4061,2
6440,2
3634,2
4278,2
10533,2
10236,2
284,2
11324,2
13632,2
5448,2
7855,2
11727,2
5364,2
910,2
11997,2
7989,2
2202,2
13560,2
1992,2
104,2
14642,2
1667,2
11678,2
179,2
8071,2
11405,2
7672,2
3457,2
10112,2
14191,2
10411,2
13211,2
5088,2
9467,2
2501,2
9694,2
7960,2
3580,2
3362,2
12826,2
14477,2
440,2
14039,2
12765,2
2871,2
12851,2
329,2
11390,2
13603,2
1885,2
11878,2
10674,2
11422,2
8376,2
13260,2
10298,2
6972,2
8487,2
8464,2
7390,2
3926,2
12076,2
1044,2
9498,2
6302,2
14680,2
12201,2
10693,2
6934,2
3444,2
8016,2
5834,2
4735,2
4444,2
1284,2
790,2
8236,2
11364,2
13656,2
7683,2
2518,2
6590,2
12756,2
4695,2
8144,2
190,2
14532,2
9294,2
1317,2
7442,2
6751,2
5719,2
3664,2
11665,2
1666,2
4285,2
13134,2
14167,2
6478,2
6923,2
13301,2
6163,2
11636,2
3431,2
4785,2
10817,2
4122,2
9348,2
2817,2
8102,2
9619,2
10441,2
6786,2
2965,2
2664,2
14749,2
6532,2
9960,2
13553,2
5721,2
12238,2
11609,2
2306,2
305,2
2160,2
4989,2
4672,2
8737,2
5331,2
10197,2
13456,2
9151,2
12478,2
3814,2
7003,2
3828,2
6900,2
1286,2
11592,2
1104,2
689,2
13561,2
9432,2
5208,2
14341,2
7436,2
9860,2
11693,2
295,2
7601,2
892,2
5838,2
8602,2
9933,2
13689,2
10963,2
13851,2
11921,2
10898,2
400,2
9464,2
7159,2
3213,2
11319,2
2569,2
6038,2
940,2
972,2
350,2
1766,2
11907,2
5206,2
6455,2
12272,2
5033,2
5483,2
9788,2
11616,2
757,2
2115,2
92,2
3705,2
4233,2
10675,2
3511,2
5438,2
12872,2
1653,2
8111,2
11643,2
10900,2
1900,2
11395,2
6705,2
13845,2
11402,2
14702,2
2734,2
11059,2
10487,2
12264,2
12255,2
4252,2
9593,2
1873,2
6074,2
1433,2
11510,2
9284,2
8611,2
1042,2
10435,2
14831,2
13872,2
13531,2
10350,2
1891,2
13161,2
9303,2
3932,2
8296,2
6361,2
10277,2
11110,2
415,2
3879,2
9895,2
5015,2
8081,2
9786,2
7146,2
9505,2
3442,2
2638,2
1139,2
12088,2
8364,2
5912,2
12693,2
3887,2
7955,2
4758,2
8251,2
12394,2
4697,2
8162,2
13952,2
9383,2
228,2
4130,2
3188,2
13372,2
9646,2
8344,2
11807,2
10397,2
11677,2
14018,2
11276,2
9881,2
6160,2
200,2
12870,2
4229,2
5671,2
3786,2
13858,2
12421,2
13939,2
1128,2
686,2
2908,2
8850,2
2576,2
2253,2
10012,2
11122,2
8677,2
13225,2
10343,2
10962,2
1310,2
1213,2
1830,2
12795,2
8395,2
11644,2
13247,2
9310,2
7835,2
3064,2
6250,2
8951,2
1511,2
14060,2
11492,2
3543,2
1287,2
1306,2
1401,2
1827,2
10363,2
3807,2
5131,2
12827,2
14293,2
2125,2
173,2
4296,2
10035,2
13705,2
5407,2
315,2
7292,2
7031,2
5780,2
2081,2
13783,2
9538,2
9075,2
10209,2
952,2
9757,2
12516,2
7155,2
13287,2
10316,2
9763,2
11697,2
4144,2
5260,2
4919,2
5191,2
3276,2
3512,2
9174,2
13733,2
1949,2
5481,2
6825,2
11132,2
8968,2
10954,2
11557,2
11249,2
10553,2
11805,2
5737,2
225,2
10080,2
4427,2
8224,2
6100,2
8434,2
5523,2
2251,2
8082,2
9598,2
4215,2
6191,2
7247,2
7239,2
503,2
6506,2
8265,2
7631,2
6872,2
783,2
2129,2
12315,2
12667,2
13529,2
7444,2
512,2
8965,2
11303,2
1499,2
5768,2
9846,2
1999,2
1749,2
13135,2
4225,2
13384,2
10924,2
2465,2
10796,2
5850,2
5674,2
3250,2
7124,2
14312,2
3968,2
10307,2
172,2
905,2
7651,2
9873,2
9478,2
11700,2
9066,2
5786,2
7879,2
14284,2
5056,2
7734,2
12232,2
2762,2
6764,2
5181,2
14909,2
2024,2
14145,2
8085,2
6580,2
10125,2
13520,2
6803,2
13678,2
12642,2
13472,2
12562,2
12236,2
6079,2
2190,2
7570,2
7897,2
2035,2
4109,2
8861,2
5658,2
8629,2
14809,2
1591,2
10506,2
10183,2
13823,2
7035,2
2999,2
1533,2
4607,2
470,2
6027,2
6239,2
3306,2
3502,2
3298,2
11292,2
6244,2
6190,2
6048,2
368,2
4545,2
8622,2
11998,2
12354,2
13814,2
11601,2
978,2
6633,2
7140,2
6337,2
6036,2
8545,2
10906,2
1438,2
3460,2
10850,2
8526,2
11241,2
1447,2
4108,2
7138,2
11080,2
7418,2
5933,2
3251,2
2869,2
7456,2
9233,2
3822,2
11267,2
8285,2
11689,2
9828,2
14708,2
1466,2
10330,2
4088,2
13931,2
10443,2
9361,2
7175,2
2130,2
13781,2
4576,2
12028,2
5683,2
1684,2
4639,2
5441,2
5578,2
5958,2
2298,2
480,2
7592,2
4216,2
3043,2
10790,2
11683,2
1064,2
3597,2
9857,2
416,2
8695,2
3835,2
6293,2
6931,2
6010,2
13614,2
7224,2
2978,2
12170,2
3944,2
14829,2
12460,2
1712,2
1701,2
4753,2
13300,2
749,2
8266,2
11853,2
2316,2
8356,2
14591,2
6182,2
2311,2
2268,2
4507,2
712,2
4743,2
8233,2
13613,2
13325,2
5817,2
5569,2
10505,2
6321,2
2649,2
136,2
5673,2
10478,2
5909,2
2107,2
10554,2
4396,2
6277,2
6248,2
9408,2
12109,2
2969,2
3891,2
14491,2
6325,2
14437,2
14475,2
10570,2
3124,2
5035,2
14298,2
3635,2
437,2
1625,2
1989,2
8534,2
1650,2
12476,2
9517,2
4937,2
3924,2
4465,2
7145,2
4745,2
7988,2
11441,2
8852,2
344,2
12922,2
13164,2
2907,2
13652,2
7458,2
9257,2
3300,2
13945,2
487,2
5707,2
6623,2
5454,2
8011,2
12464,2
9301,2
611,2
3022,2
10877,2
2614,2
4751,2
4398,2
12672,2
2607,2
1901,2
11384,2
338,2
925,2
7620,2
8352,2
7477,2
7020,2
13023,2
384,2
6965,2
6011,2
14415,2
748,2
10242,2
10899,2
14430,2
13920,2
5233,2
4531,2
12488,2
10890,2
8019,2
14111,2
8292,2
6263,2
8072,2
2558,2
1141,2
597,2
908,2
1200,2
9977,2
5536,2
10493,2
13133,2
739,2
14865,2
1710,2
8455,2
5836,2
6184,2
5989,2
12514,2
1019,2
3417,2
10447,2
6219,2
4891,2
4271,2
12837,2
6258,2
13440,2
4429,2
6134,2
5942,2
9718,2
2478,2
1503,2
11134,2
9942,2
3414,2
13592,2
6832,2
3567,2
8380,2
10603,2
14354,2
11024,2
13994,2
14270,2
10663,2
361,2
10690,2
12646,2
10723,2
290,2
13623,2
7009,2
11288,2
3680,2
14332,2
8805,2
14728,2
3112,2
5746,2
9750,2
11163,2
2808,2
7786,2
10592,2
6562,2
1411,2
3562,2
112,2
4727,2
906,2
10715,2
2992,2
5125,2
9032,2
7424,2
3255,2
6312,2
5301,2
10577,2
4180,2
8727,2
7169,2
8305,2
8370,2
5371,2
14647,2
10804,2
6571,2
2835,2
8466,2
7885,2
13319,2
36,2
4804,2
1664,2
2325,2
2167,2
13919,2
2998,2
13555,2
11681,2
1739,2
12223,2
3167,2
8528,2
13731,2
1451,2
5219,2
9625,2
2435,2
209,2
4792,2
1887,2
12250,2
10331,2
6157,2
9635,2
10929,2
12660,2
11289,2
6576,2
2587,2
8574,2
6941,2
853,2
12858,2
13132,2
3123,2
3738,2
3221,2
5753,2
9459,2
12899,2
12323,2
14311,2
78,2
8199,2
9782,2
760,2
10720,2
2077,2
8924,2
12405,2
13474,2
10528,2
4559,2
2895,2
1934,2
8132,2
2717,2
11512,2
4212,2
4283,2
3023,2
15001,2
2581,2
9876,2
6085,2
6256,2
4092,2
831,2
14691,2
12434,2
12566,2
8017,2
6463,2
13016,2
14778,2
9392,2
4363,2
12913,2
10653,2
567,2
4157,2
14603,2
11404,2
10802,2
8956,2
4996,2
11950,2
1692,2
4445,2
2657,2
2848,2
10713,2
5334,2
2954,2
7222,2
12666,2
654,2
12639,2
2747,2
11538,2
10719,2
8192,2
11848,2
8039,2
5300,2
327,2
7619,2
9389,2
3478,2
580,2
12794,2
9911,2
2696,2
11966,2
8065,2
8594,2
8533,2
8314,2
8930,2
9086,2
14206,2
14307,2
12334,2
4508,2
4504,2
6403,2
4101,2
11543,2
9641,2
10118,2
5162,2
4626,2
11657,2
7151,2
10599,2
13581,2
1119,2
13479,2
9662,2
13548,2
8103,2
14770,2
11774,2
10708,2
673,2
7024,2
1100,2
1151,2
13467,2
14203,2
11833,2
1984,2
1382,2
13243,2
14035,2
2278,2
1619,2
7314,2
4178,2
5510,2
5667,2
10794,2
9905,2
1718,2
983,2
4330,2
11525,2
982,2
4032,2
2636,2
13302,2
7787,2
1675,2
11135,2
2274,2
867,2
14462,2
1268,2
1090,2
6775,2
2148,2
4438,2
13527,2
4580,2
3271,2
6327,2
10597,2
3260,2
12593,2
4911,2
4474,2
5945,2
8815,2
4442,2
4146,2
1054,2
7333,2
12709,2
12674,2
14673,2
230,2
11014,2
9852,2
10039,2
10290,2
13497,2
4293,2
1491,2
4565,2
64,2
13012,2
1067,2
9653,2
7262,2
7557,2
3740,2
501,2
1109,2
8938,2
9060,2
3551,2
8176,2
4441,2
9561,2
3673,2
3631,2
4841,2
8597,2
7487,2
9434,2
2819,2
5110,2
4494,2
6192,2
8459,2
8562,2
168,2
13491,2
9020,2
2036,2
1414,2
4553,2
3783,2
5680,2
14210,2
9004,2
8673,2
10131,2
3302,2
6685,2
8525,2
12564,2
357,2
8958,2
7281,2
2406,2
14196,2
5811,2
14628,2
13873,2
6169,2
11119,2
5083,2
14467,2
14361,2
6679,2
8407,2
9989,2
5606,2
13734,2
14563,2
11383,2
2677,2
10520,2
1909,2
14768,2
14677,2
1475,2
1060,2
6500,2
519,2
8576,2
2988,2
9055,2
6223,2
6721,2
6626,2
11571,2
1715,2
1721,2
14168,2
8647,2
8008,2
13268,2
5106,2
11473,2
14180,2
7693,2
924,2
3895,2
3210,2
2934,2
4287,2
2880,2
4612,2
10153,2
9138,2
11320,2
8347,2
4325,2
13666,2
9577,2
2460,2
2810,2
3374,2
4089,2
9042,2
9699,2
8078,2
13691,2
7992,2
6186,2
1974,2
3860,2
1274,2
2497,2
4843,2
4128,2
1034,2
3348,2
12574,2
7437,2
12907,2
2368,2
9840,2
14197,2
3801,2
8467,2
5694,2
12322,2
946,2
8127,2
10313,2
5074,2
3995,2
5795,2
3371,2
7582,2
9822,2
4397,2
14716,2
582,2
5323,2
8346,2
12017,2
2682,2
2795,2
8635,2
13694,2
8349,2
9824,2
11598,2
14553,2
5806,2
7064,2
5415,2
716,2
5757,2
5034,2
5718,2
674,2
12454,2
1917,2
4437,2
10195,2
9555,2
12595,2
11666,2
13305,2
5355,2
3537,2
13186,2
2076,2
6782,2
4941,2
2839,2
4011,2
2305,2
11919,2
4006,2
13152,2
11025,2
9031,2
4689,2
13073,2
12036,2
13346,2
809,2
7930,2
10366,2
12133,2
9869,2
10967,2
4698,2
11107,2
5823,2
13188,2
10609,2
8148,2
9207,2
1199,2
3035,2
6089,2
4373,2
543,2
6770,2
7014,2
13034,2
8392,2
8070,2
5304,2
14917,2
13288,2
5571,2
3165,2
8261,2
11204,2
2462,2
10702,2
11858,2
3717,2
14040,2
11658,2
9378,2
5810,2
9134,2
3424,2
8272,2
8659,2
5246,2
6377,2
7737,2
11563,2
8229,2
9838,2
11941,2
7440,2
12960,2
4269,2
2857,2
5352,2
10101,2
4524,2
7719,2
10754,2
4828,2
11361,2
1906,2
7702,2
5908,2
1581,2
6080,2
1500,2
1659,2
7686,2
3032,2
10027,2
11247,2
5434,2
8100,2
9322,2
9305,2
4869,2
11887,2
14414,2
2637,2
1807,2
11294,2
961,2
5119,2
8116,2
12019,2
3830,2
6939,2
4874,2
6871,2
4288,2
11721,2
2411,2
7073,2
12154,2
1035,2
4120,2
71,2
3342,2
10305,2
4302,2
6238,2
10744,2
9335,2
5366,2
9347,2
8244,2
3180,2
5046,2
3041,2
9592,2
320,2
12080,2
11064,2
13742,2
7892,2
8183,2
13506,2
5598,2
2772,2
2971,2
6309,2
9013,2
4578,2
12681,2
5127,2
183,2
11462,2
6841,2
14447,2
14069,2
11452,2
2431,2
6061,2
5283,2
9605,2
4868,2
7344,2
14345,2
10822,2
12350,2
6417,2
6556,2
14084,2
6108,2
5310,2
8532,2
8299,2
2693,2
4629,2
8542,2
11772,2
2439,2
8268,2
8214,2
4237,2
2112,2
1501,2
6347,2
6049,2
2330,2
6860,2
14908,2
11886,2
13764,2
14502,2
8397,2
11707,2
1857,2
9366,2
8607,2
3531,2
6209,2
2766,2
14596,2
8895,2
13772,2
1129,2
10257,2
555,2
11578,2
13433,2
13824,2
1458,2
3294,2
1445,2
14095,2
11305,2
4784,2
7850,2
14403,2
4897,2
8651,2
4552,2
6866,2
1011,2
965,2
865,2
2660,2
5302,2
11713,2
5387,2
5564,2
6991,2
5665,2
4953,2
10455,2
3081,2
6891,2
4473,2
9553,2
2731,2
10883,2
306,2
410,2
542,2
1683,2
5871,2
10894,2
4080,2
9317,2
6997,2
8907,2
10133,2
1913,2
237,2
13429,2
2654,2
7671,2
9211,2
7044,2
5475,2
12005,2
12327,2
1744,2
797,2
3090,2
421,2
9272,2
10703,2
6818,2
6892,2
12501,2
10344,2
11899,2
11784,2
7040,2
12541,2
8385,2
4018,2
1987,2
768,2
13279,2
7939,2
9825,2
11035,2
12975,2
13130,2
4571,2
7861,2
14472,2
886,2
1720,2
14199,2
14267,2
1195,2
6177,2
2516,2
58,2
206,2
14044,2
8249,2
10178,2
13215,2
1958,2
6235,2
3171,2
8565,2
9748,2
12992,2
7045,2
3767,2
4931,2
13329,2
10389,2
6441,2
10618,2
14495,2
8674,2
2088,2
22,2
2883,2
1160,2
12528,2
5417,2
7608,2
13184,2
13394,2
5337,2
9150,2
4007,2
5175,2
1210,2
12466,2
3938,2
6963,2
2699,2
2600,2
1479,2
3461,2
3564,2
14302,2
9541,2
494,2
5430,2
14087,2
9794,2
12097,2
4692,2
4457,2
14422,2
10840,2
12792,2
12269,2
11208,2
13458,2
10184,2
12340,2
11112,2
3134,2
1341,2
13493,2
4677,2
13970,2
12637,2
7008,2
10948,2
11221,2
3021,2
4498,2
6911,2
13605,2
2804,2
12891,2
8228,2
7748,2
3454,2
13906,2
11515,2
13074,2
2265,2
11846,2
3999,2
14772,2
1393,2
10256,2
10361,2
4359,2
4102,2
13959,2
7154,2
785,2
1570,2
5022,2
5574,2
6388,2
7681,2
1939,2
2862,2
3970,2
1450,2
4279,2
4705,2
7958,2
1030,2
8257,2
3756,2
28,2
1703,2
7797,2
2434,2
14844,2
11964,2
2471,2
8058,2
10895,2
2181,2
9758,2
13929,2
1176,2
5882,2
12961,2
8707,2
1709,2
8055,2
1573,2
3179,2
13885,2
8166,2
12657,2
7894,2
1489,2
468,2
8510,2
2388,2
1437,2
4329,2
5778,2
7485,2
3982,2
7595,2
11599,2
2096,2
12172,2
2231,2
10420,2
13168,2
69,2
5135,2
4064,2
269,2
5843,2
1770,2
933,2
1525,2
3467,2
13278,2
9270,2
958,2
4059,2
13884,2
12095,2
8452,2
3911,2
9099,2
3897,2
7271,2
3676,2
7358,2
12369,2
11194,2
12419,2
6025,2
8715,2
10211,2
14236,2
5983,2
12980,2
2874,2
74,2
7552,2
7350,2
11728,2
3137,2
13006,2
4851,2
14409,2
11790,2
12329,2
3068,2
14,2
3287,2
9874,2
2043,2
606,2
9253,2
5263,2
11054,2
11843,2
2545,2
11914,2
1105,2
5822,2
5313,2
8999,2
3940,2
11801,2
4980,2
6667,2
5527,2
2054,2
7048,2
5000,2
6180,2
4646,2
12843,2
7167,2
341,2
11258,2
2781,2
12093,2
10490,2
12752,2
9611,2
10282,2
854,2
2052,2
2567,2
2816,2
1647,2
6596,2
7701,2
7721,2
165,2
2937,2
359,2
855,2
7551,2
6681,2
11459,2
13547,2
6846,2
1985,2
14137,2
14125,2
11924,2
7286,2
3239,2
7177,2
11009,2
13860,2
527,2
12265,2
13234,2
11243,2
5216,2
4203,2
3235,2
3947,2
11133,2
7769,2
14264,2
8551,2
102,2
715,2
348,2
13015,2
11960,2
9587,2
13280,2
7405,2
9920,2
1314,2
10009,2
11507,2
5103,2
3092,2
9088,2
6881,2
1138,2
1108,2
3395,2
624,2
5214,2
12537,2
10400,2
10138,2
5286,2
199,2
10706,2
3334,2
1260,2
67,2
2798,2
11979,2
7348,2
312,2
9186,2
887,2
1007,2
9265,2
6875,2
1327,2
7688,2
9344,2
12778,2
14789,2
8158,2
5043,2
5225,2
11049,2
6555,2
2610,2
11381,2
5036,2
4202,2
11136,2
4175,2
9481,2
2405,2
16,2
5925,2
5320,2
12308,2
1550,2
988,2
2241,2
7047,2
5496,2
4527,2
1013,2
13068,2
7959,2
5884,2
7094,2
5506,2
9677,2
138,2
6691,2
7730,2
7322,2
4685,2
13092,2
8153,2
1889,2
3503,2
10481,2
12773,2
2642,2
6990,2
7663,2
1405,2
13918,2
14163,2
5584,2
10201,2
6253,2
8615,2
6139,2
12146,2
5559,2
11606,2
12861,2
1270,2
8605,2
6653,2
11223,2
5305,2
9331,2
10522,2
3095,2
12705,2
7533,2
2573,2
9125,2
6402,2
7331,2
11487,2
3737,2
15023,2
6683,2
8880,2
8721,2
14735,2
10268,2
8694,2
5017,2
8841,2
3678,2
10838,2
9607,2
2797,2
11036,2
6537,2
4316,2
426,2
5734,2
4379,2
10865,2
2800,2
5393,2
947,2
520,2
4803,2
1350,2
2420,2
7084,2
2377,2
4964,2
3589,2
601,2
10863,2
9897,2
10484,2
12607,2
10198,2
8728,2
2963,2
13880,2
1632,2
12561,2
10086,2
8833,2
2186,2
10709,2
8790,2
6473,2
2091,2
1066,2
2100,2
4191,2
2156,2
8101,2
7994,2
7285,2
12747,2
6382,2
9297,2
4003,2
257,2
11819,2
8816,2
7046,2
8688,2
9162,2
3709,2
544,2
10823,2
8776,2
2067,2
12754,2
4518,2
13369,2
12731,2
10160,2
110,2
6390,2
12062,2
8418,2
7453,2
11479,2
8979,2
13392,2
6147,2
8457,2
13715,2
11131,2
8980,2
5146,2
10370,2
7364,2
6649,2
7799,2
7660,2
7269,2
9195,2
13480,2
6127,2
14004,2
2830,2
11933,2
7526,2
1065,2
10928,2
5779,2
13219,2
3333,2
6513,2
7385,2
6928,2
3127,2
3500,2
7815,2
6559,2
11955,2
7450,2
513,2
30,2
2302,2
9251,2
5820,2
7401,2
11876,2
6835,2
11555,2
6059,2
502,2
10062,2
1305,2
7800,2
3849,2
12770,2
5254,2
3161,2
2818,2
4865,2
11127,2
8331,2
271,2
9043,2
8252,2
2165,2
8458,2
9280,2
7451,2
3147,2
11541,2
12698,2
8319,2
12727,2
1814,2
3439,2
444,2
12708,2
7774,2
1490,2
3079,2
9442,2
4896,2
205,2
6971,2
4010,2
10106,2
9639,2
9992,2
2012,2
3575,2
14198,2
3691,2
9965,2
12606,2
4799,2
7057,2
1394,2
10763,2
1935,2
13298,2
11356,2
5539,2
9599,2
7904,2
11968,2
3559,2
7236,2
2215,2
8327,2
3906,2
9627,2
4519,2
6816,2
9783,2
1630,2
13003,2
6330,2
301,2
4002,2
6603,2
6449,2
5247,2
12353,2
13475,2
1111,2
912,2
6201,2
6015,2
11038,2
1848,2
3916,2
2538,2
12195,2
5525,2
13794,2
5480,2
1228,2
5495,2
839,2
14178,2
13401,2
13711,2
5845,2
6977,2
3000,2
2403,2
12545,2
7165,2
11596,2
5715,2
12552,2
4211,2
233,2
8911,2
9832,2
11426,2
5588,2
7076,2
13001,2
10623,2
7603,2
5408,2
7845,2
6077,2
5144,2
8864,2
3546,2
6152,2
6732,2
8503,2
3978,2
12385,2
8711,2
8966,2
11427,2
3106,2
9244,2
3065,2
2644,2
7558,2
9454,2
7927,2
5477,2
1762,2
6746,2
13156,2
9663,2
14979,2
8781,2
14157,2
9515,2
2266,2
1361,2
3098,2
6921,2
3915,2
6105,2
4548,2
7817,2
4585,2
9189,2
6767,2
758,2
12589,2
7906,2
622,2
5276,2
7061,2
11871,2
9057,2
9518,2
414,2
11673,2
133,2
6057,2
6389,2
7315,2
9404,2
6597,2
917,2
11474,2
14192,2
11663,2
11482,2
12781,2
1971,2
8708,2
6237,2
10750,2
8877,2
14202,2
10620,2
14730,2
13549,2
7637,2
13967,2
3337,2
10781,2
12614,2
1453,2
11450,2
4836,2
1319,2
4679,2
2134,2
3544,2
9584,2
5126,2
3506,2
837,2
14151,2
8863,2
13825,2
10167,2
13393,2
8697,2
9338,2
11660,2
12513,2
3293,2
12044,2
4332,2
8399,2
6594,2
2094,2
11369,2
6622,2
5764,2
9021,2
6381,2
5961,2
4124,2
81,2
13954,2
1517,2
3930,2
10341,2
4033,2
9510,2
7100,2
9969,2
6585,2
4706,2
4401,2
13606,2
7013,2
9192,2
4476,2
11937,2
5462,2
12252,2
188,2
7617,2
4802,2
6968,2
13703,2
11502,2
13069,2
10841,2
1415,2
1369,2
1660,2
10171,2
13085,2
9133,2
4682,2
13526,2
8731,2
5375,2
7949,2
5659,2
11116,2
5339,2
4810,2
3363,2
549,2
2099,2
4876,2
2162,2
8759,2
8871,2
6465,2
80,2
729,2
2126,2
13083,2
13061,2
11975,2
507,2
14350,2
11662,2
14172,2
10774,2
4308,2
3192,2
3649,2
14958,2
428,2
5592,2
1726,2
6787,2
3638,2
10194,2
10100,2
7780,2
5633,2
5879,2
14349,2
11326,2
11520,2
7689,2
10021,2
1605,2
14774,2
157,2
10787,2
10061,2
6401,2
10509,2
2948,2
8912,2
9854,2
7274,2
2184,2
2225,2
7298,2
3847,2
13639,2
5725,2
2120,2
11302,2
7137,2
3719,2
1699,2
6445,2
10925,2
4253,2
7951,2
14215,2
11575,2
12055,2
12031,2
12310,2
959,2
12445,2
8210,2
4056,2
9761,2
1902,2
3149,2
11618,2
4625,2
7638,2
11566,2
12358,2
2917,2
1181,2
5040,2
842,2
12507,2
12799,2
2292,2
2977,2
13308,2
8054,2
8048,2
9775,2
4001,2
1277,2
8205,2
13500,2
8125,2
11362,2
7301,2
6002,2
12198,2
4114,2
11252,2
4846,2
4428,2
815,2
10042,2
10476,2
2269,2
6141,2
964,2
14846,2
694,2
2356,2
9551,2
9023,2
6099,2
10163,2
14683,2
10477,2
745,2
5613,2
14803,2
10685,2
4270,2
13344,2
5299,2
12663,2
4479,2
14506,2
4372,2
5713,2
8734,2
8603,2
8456,2
2774,2
4543,2
610,2
12725,2
5742,2
13617,2
7772,2
12070,2
6917,2
10365,2
12989,2
8401,2
9227,2
928,2
4194,2
9202,2
12955,2
8987,2
3107,2
1802,2
957,2
9000,2
9638,2
2133,2
5970,2
1204,2
3772,2
8222,2
3284,2
12983,2
3858,2
14576,2
10548,2
5647,2
13642,2
4671,2
7240,2
7972,2
13495,2
11490,2
7464,2
2687,2
4805,2
9567,2
4387,2
13625,2
2397,2
8982,2
15029,2
11514,2
8284,2
2172,2
14028,2
13230,2
7102,2
3209,2
3220,2
12729,2
511,2
9777,2
5745,2
113,2
11992,2
5849,2
12871,2
1998,2
5287,2
12407,2
5848,2
1231,2
1638,2
5461,2
11083,2
4515,2
14017,2
955,2
11901,2
7099,2
1026,2
9236,2
802,2
5431,2
13296,2
3394,2
5267,2
9016,2
60,2
11336,2
9443,2
7838,2
14384,2
11301,2
4902,2
11100,2
3103,2
12038,2
1302,2
5557,2
6621,2
4326,2
13775,2
6836,2
12735,2
11386,2
8962,2
473,2
2811,2
6903,2
10980,2
13045,2
2044,2
11013,2
7763,2
8935,2
10542,2
12176,2
7553,2
2273,2
10192,2
417,2
7270,2
9126,2
6039,2
4126,2
12750,2
10025,2
9221,2
3799,2
8681,2
4078,2
7229,2
1835,2
6800,2
1735,2
6955,2
6942,2
5457,2
53,2
2464,2
4949,2
8436,2
7283,2
5141,2
11844,2
4760,2
13567,2
12149,2
4328,2
10843,2
6456,2
8417,2
310,2
5179,2
176,2
11056,2
6788,2
1155,2
7697,2
13024,2
7007,2
2289,2
10087,2
2353,2
1378,2
7416,2
4415,2
5793,2
10428,2
12451,2
10648,2
2730,2
1218,2
9736,2
13466,2
2719,2
6635,2
14629,2
13979,2
8411,2
10057,2
14322,2
8484,2
7752,2
12259,2
8114,2
8601,2
2369,2
6701,2
5294,2
1926,2
12098,2
771,2
6704,2
9519,2
5045,2
7575,2
3728,2
5019,2
5577,2
7278,2
719,2
721,2
438,2
11434,2
6227,2
11451,2
6639,2
250,2
14369,2
11032,2
14090,2
3909,2
6820,2
9601,2
12121,2
1085,2
2701,2
4317,2
14721,2
2775,2
11485,2
431,2
8460,2
7148,2
11102,2
8076,2
6624,2
4072,2
500,2
995,2
7504,2
12481,2
13702,2
1157,2
5566,2
1079,2
5758,2
7186,2
11209,2
2668,2
2767,2
14285,2
11366,2
10826,2
13615,2
11171,2
8703,2
4183,2
107,2
2852,2
7223,2
7110,2
4712,2
7639,2
829,2
5037,2
3745,2
1870,2
3606,2
14816,2
8095,2
11738,2
5870,2
3206,2
3570,2
2426,2
6996,2
4821,2
6029,2
14826,2
1023,2
8092,2
10801,2
1114,2
3679,2
5913,2
443,2
3061,2
12579,2
2842,2
6880,2
7178,2
14742,2
14984,2
13118,2
3141,2
5646,2
4683,2
12027,2
14331,2
1747,2
13910,2
259,2
3694,2
9918,2
14233,2
1207,2
4213,2
1027,2
11970,2
11626,2
6301,2
5772,2
1674,2
7814,2
4557,2
4549,2
13892,2
12131,2
12108,2
5360,2
7990,2
9289,2
7749,2
6910,2
2484,2
12049,2
3614,2
10190,2
6876,2
7765,2
8160,2
14231,2
397,2
9836,2
14379,2
256,2
8959,2
1110,2
3706,2
2315,2
12009,2
8665,2
11785,2
10495,2
177,2
4536,2
12920,2
1616,2
10766,2
10216,2
10402,2
13354,2
4796,2
3986,2
4198,2
590,2
5939,2
14732,2
5514,2
5851,2
11967,2
3509,2
9530,2
2722,2
8406,2
4532,2
6899,2
11927,2
12053,2
8197,2
9872,2
10115,2
11148,2
2384,2
4822,2
7028,2
5949,2
14089,2
4774,2
8819,2
1582,2
11074,2
6763,2
14022,2
2597,2
5890,2
9415,2
12761,2
5722,2
5504,2
13297,2
5201,2
2612,2
3370,2
14484,2
10717,2
387,2
14699,2
14814,2
11351,2
3378,2
2826,2
844,2
12622,2
9932,2
8612,2
143,2
2911,2
13903,2
13628,2
3653,2
11552,2
8723,2
14014,2
4904,2
4703,2
1257,2
9999,2
2920,2
1863,2
11345,2
8874,2
11751,2
12796,2
9156,2
505,2
12177,2
12045,2
4263,2
1790,2
5681,2
7784,2
12881,2
12946,2
9269,2
13763,2
4893,2
3405,2
6644,2
3957,2
3744,2
8768,2
3427,2
4176,2
5367,2
9921,2
4522,2
1293,2
425,2
5049,2
11816,2
4368,2
2297,2
6883,2
11406,2
412,2
6952,2
1955,2
372,2
6095,2
843,2
7923,2
12931,2
3856,2
2171,2
4409,2
8002,2
5142,2
14915,2
5228,2
9513,2
11532,2
2900,2
9243,2
1516,2
14574,2
7649,2
5687,2
6700,2
9934,2
7108,2
18,2
14823,2
6334,2
5915,2
14864,2
4815,2
14813,2
1544,2
12157,2
7246,2
6831,2
12909,2
8558,2
506,2
7925,2
3361,2
6115,2
11236,2
12804,2
672,2
11472,2
701,2
12563,2
13550,2
10432,2
9256,2
8604,2
8309,2
7079,2
5013,2
4574,2
2019,2
11182,2
12630,2
3576,2
292,2
1755,2
3319,2
12896,2
881,2
10364,2
2118,2
3538,2
3892,2
13960,2
5073,2
6276,2
1579,2
3754,2
7621,2
8713,2
562,2
8372,2
2868,2
2291,2
7711,2
9362,2
875,2
10918,2
10697,2
12268,2
8195,2
5781,2
6791,2
2502,2
5096,2
12916,2
1416,2
7088,2
9332,2
11282,2
13096,2
1454,2
6840,2
10038,2
11146,2
8736,2
4624,2
3662,2
13072,2
6827,2
7263,2
3731,2
8122,2
4890,2
208,2
5293,2
12396,2
6210,2
2673,2
1773,2
10306,2
1175,2
10668,2
8239,2
11722,2
1255,2
12682,2
8138,2
13000,2
12247,2
13938,2
13365,2
10540,2
9377,2
12286,2
10109,2
10893,2
8614,2
10251,2
1978,2
14333,2
5061,2
3314,2
10414,2
12187,2
8169,2
1648,2
6631,2
13911,2
9471,2
7704,2
4873,2
9488,2
13573,2
3301,2
9658,2
12219,2
12865,2
6692,2
2755,2
6431,2
11962,2
2865,2
6093,2
9102,2
2187,2
3671,2
8696,2
12849,2
14134,2
3268,2
9067,2
5710,2
10030,2
4008,2
8875,2
6474,2
5492,2
6967,2
9630,2
6367,2
2568,2
4978,2
10311,2
697,2
6482,2
8717,2
6867,2
11464,2
7415,2
7276,2
9380,2
6343,2
10940,2
7948,2
1234,2
3136,2
6904,2
8837,2
3057,2
9802,2
2221,2
3009,2
1069,2
13052,2
7078,2
14036,2
13669,2
3684,2
1904,2
14306,2
7443,2
13175,2
2025,2
14003,2
10146,2
11615,2
12436,2
2127,2
10541,2
10332,2
8550,2
14660,2
6646,2
9652,2
9491,2
12863,2
4525,2
6726,2
8846,2
9665,2
2037,2
12782,2
663,2
1049,2
13953,2
4847,2
13800,2
4844,2
522,2
5910,2
9250,2
6481,2
2027,2
12212,2
7374,2
3910,2
4997,2
13502,2
3402,2
7254,2
8770,2
9056,2
1333,2
6112,2
5396,2
730,2
304,2
4660,2
13997,2
10996,2
6543,2
12726,2
11980,2
162,2
13591,2
6984,2
9590,2
10748,2
3240,2
6065,2
3291,2
2473,2
21,2
2267,2
13643,2
6205,2
5466,2
4611,2
12707,2
8830,2
8530,2
12934,2
6682,2
2955,2
3581,2
3212,2
13676,2
10930,2
7260,2
3249,2
2212,2
7120,2
14950,2
2706,2
5390,2
10412,2
13530,2
272,2
11187,2
3945,2
11612,2
763,2
8595,2
14873,2
7613,2
13757,2
5284,2
10566,2
5112,2
10409,2
68,2
13049,2
10844,2
4187,2
2583,2
1265,2
13924,2
12797,2
5469,2
8879,2
11346,2
14316,2
10000,2
1535,2
5092,2
882,2
2047,2
890,2
10418,2
7938,2
13343,2
3184,2
5634,2
974,2
9296,2
10722,2
5130,2
7530,2
4337,2
12014,2
8687,2
10950,2
14567,2
5704,2
239,2
636,2
14094,2
10174,2
4205,2
6045,2
14016,2
6264,2
4790,2
13729,2
8892,2
5545,2
5324,2
1009,2
14374,2
3789,2
12970,2
3270,2
7807,2
11890,2
14344,2
3175,2
6197,2
5664,2
10562,2
4655,2
13661,2
6470,2
3761,2
13299,2
834,2
895,2
5290,2
13847,2
11582,2
864,2
14614,2
8241,2
6246,2
2111,2
907,2
14594,2
10523,2
11070,2
2729,2
4132,2
4513,2
10658,2
2337,2
7995,2
8986,2
4905,2
9475,2
2138,2
1838,2
3151,2
12603,2
3186,2
4073,2
7393,2
2193,2
9556,2
3256,2
3917,2
2605,2
13525,2
10590,2
539,2
9037,2
3845,2
5193,2
11682,2
10007,2
7905,2
9430,2
4921,2
13657,2
4169,2
4933,2
10613,2
3471,2
3247,2
3265,2
9675,2
6499,2
12629,2
3375,2
3325,2
9703,2
2326,2
13360,2
8543,2
7006,2
830,2
2258,2
3355,2
8893,2
9713,2
12412,2
1076,2
166,2
1782,2
3699,2
1928,2
4277,2
11567,2
8203,2
1418,2
9159,2
12897,2
7328,2
12818,2
3183,2
9145,2
7540,2
1843,2
10953,2
2157,2
141,2
2690,2
7089,2
1143,2
12164,2
10762,2
6833,2
3545,2
6354,2
13853,2
2178,2
545,2
7574,2
6552,2
8038,2
4581,2
10982,2
11226,2
3438,2
1244,2
12895,2
3228,2
14102,2
2915,2
4608,2
9137,2
13371,2
1924,2
4468,2
2980,2
627,2
6024,2
12940,2
11517,2
5951,2
11749,2
5007,2
7562,2
12337,2
4920,2
6744,2
8200,2
13286,2
1,2
9759,2
2792,2
13192,2
13037,2
10460,2
3071,2
11576,2
7963,2
7053,2
4542,2
11217,2
14827,2
182,2
10626,2
2769,2
7112,2
6895,2
3372,2
289,2
9849,2
2285,2
9028,2
5165,2
2912,2
6663,2
10769,2
1834,2
5794,2
10814,2
1929,2
7382,2
6103,2
7657,2
3153,2
9359,2
2013,2
6709,2
6013,2
3324,2
12944,2
11051,2
13199,2
3055,2
7983,2
7771,2
13799,2
8324,2
2888,2
12025,2
5490,2
4261,2
6348,2
3093,2
8764,2
13533,2
2940,2
11250,2
4610,2
12433,2
10681,2
13416,2
9323,2
1406,2
123,2
4142,2
3878,2
2991,2
4722,2
1028,2
6467,2
5266,2
5623,2
13086,2
3675,2
3771,2
4121,2
406,2
14931,2
1696,2
1164,2
5308,2
5762,2
7205,2
2010,2
12788,2
13930,2
10200,2
6974,2
559,2
14992,2
10011,2
7215,2
12817,2
13397,2
7571,2
2746,2
1826,2
7656,2
8386,2
5730,2
9172,2
8343,2
13575,2
11768,2
11725,2
11341,2
12835,2
5194,2
14805,2
2559,2
13099,2
11222,2
10473,2
13870,2
13193,2
3875,2
7611,2
13370,2
2488,2
10399,2
14621,2
8890,2
9527,2
789,2
6439,2
11656,2
8206,2
12490,2
8172,2
116,2
6368,2
12211,2
759,2
8627,2
5881,2
13040,2
13177,2
14010,2
8704,2
10168,2
9790,2
4076,2
10759,2
6750,2
1680,2
566,2
10642,2
3975,2
14219,2
3734,2
1737,2
5168,2
11407,2
3713,2
12538,2
12885,2
9242,2
2477,2
3056,2
7372,2
11476,2
8971,2
4054,2
8096,2
4416,2
144,2
11203,2
6749,2
3341,2
5184,2
246,2
11378,2
14109,2
6104,2
5123,2
12993,2
4950,2
3981,2
13019,2
10326,2
648,2
11400,2
9879,2
3267,2
2996,2
4357,2
12847,2
1521,2
12822,2
6251,2
7633,2
4334,2
7211,2
13569,2
12117,2
11465,2
4744,2
12152,2
9604,2
12687,2
14179,2
4256,2
7795,2
4702,2
65,2
14436,2
10503,2
13274,2
10738,2
743,2
3782,2
11642,2
9076,2
11539,2
11440,2
10269,2
4491,2
12500,2
2294,2
1275,2
8884,2
7647,2
635,2
14188,2
10777,2
4775,2
11106,2
1165,2
10880,2
13584,2
6216,2
2419,2
2495,2
12869,2
13599,2
1801,2
1103,2
13972,2
2257,2
3695,2
8053,2
6493,2
10727,2
6265,2
557,2
1930,2
11559,2
4129,2
10812,2
8758,2
11255,2
12406,2
12892,2
5433,2
14355,2
1171,2
14288,2
1051,2
5025,2
14052,2
9045,2
3838,2
12199,2
7824,2
13663,2
11186,2
7243,2
4511,2
14812,2
5327,2
2366,2
3791,2
6245,2
12366,2
4670,2
13665,2
7225,2
3146,2
3708,2
787,2
10669,2
3901,2
10180,2
2371,2
5196,2
4048,2
12575,2
4060,2
13795,2
11783,2
5824,2
4413,2
7561,2
2394,2
1800,2
12908,2
10815,2
6561,2
6260,2
13082,2
6864,2
9286,2
9617,2
12026,2
12662,2
10385,2
3918,2
2829,2
8650,2
4227,2
7564,2
1073,2
12736,2
13104,2
4466,2
12016,2
5998,2
7355,2
1072,2
7343,2
13926,2
3039,2
3794,2
5900,2
12615,2
807,2
11909,2
13258,2
10215,2
13974,2
14544,2
14690,2
7452,2
10111,2
3698,2
5603,2
7221,2
6110,2
12923,2
13055,2
2522,2
3459,2
5898,2
2153,2
11496,2
6370,2
9379,2
7296,2
7943,2
377,2
12505,2
4035,2
14357,2
10245,2
14068,2
2821,2
6140,2
14277,2
10029,2
553,2
9184,2
9302,2
9012,2
657,2
9283,2
6101,2
14552,2
2350,2
484,2
12120,2
3793,2
11097,2
8033,2
408,2
1053,2
10757,2
3132,2
6118,2
277,2
1295,2
6781,2
4834,2
8792,2
5436,2
6837,2
12169,2
1775,2
9324,2
11675,2
5538,2
3315,2
10864,2
11916,2
5936,2
1431,2
3473,2
6946,2
11233,2
10749,2
1149,2
11391,2
6771,2
1716,2
1717,2
12355,2
9747,2
11026,2
14499,2
523,2
6675,2
3681,2
14521,2
7630,2
3852,2
1217,2
13249,2
9309,2
911,2
5014,2
11043,2
7587,2
12857,2
2338,2
2723,2
2609,2
2959,2
9823,2
2620,2
13251,2
5129,2
9722,2
12480,2
309,2
1055,2
1297,2
9082,2
11747,2
9225,2
8806,2
13574,2
1241,2
14615,2
2925,2
5541,2
10342,2
1463,2
3757,2
2335,2
13126,2
14504,2
12035,2
14987,2
195,2
7388,2
4217,2
2803,2
4040,2
9633,2
2847,2
4716,2
11743,2
1288,2
869,2
9843,2
12617,2
14711,2
8658,2
1240,2
7123,2
9469,2
10149,2
14612,2
1112,2
1106,2
12900,2
2457,2
2014,2
14142,2
146,2
3971,2
12240,2
8733,2
2702,2
11885,2
2057,2
4286,2
2877,2
13811,2
9354,2
14122,2
134,2
13976,2
3304,2
899,2
7200,2
122,2
12029,2
3135,2
12234,2
7715,2
10159,2
5622,2
11619,2
1127,2
11715,2
1179,2
7993,2
9308,2
11994,2
894,2
2442,2
13753,2
8742,2
8517,2
6776,2
192,2
2031,2
589,2
932,2
111,2
1571,2
2169,2
5230,2
5955,2
11317,2
10556,2
5550,2
11786,2
10974,2
5696,2
4965,2
9131,2
6587,2
14581,2
12373,2
120,2
3217,2
7055,2
794,2
8838,2
827,2
11534,2
83,2
11371,2
9273,2
6498,2
13793,2
13157,2
1645,2
9908,2
4653,2
640,2
2348,2
4561,2
4956,2
2132,2
3060,2
4339,2
5774,2
14041,2
4992,2
11995,2
6322,2
121,2
5531,2
2589,2
14426,2
5158,2
14775,2
8312,2
11585,2
3354,2
7931,2
2923,2
6461,2
4687,2
12270,2
5590,2
11770,2
5554,2
7340,2
1746,2
5991,2
331,2
662,2
11929,2
13277,2
9939,2
641,2
4402,2
5934,2
12679,2
6378,2
1374,2
10224,2
2247,2
1572,2
1012,2
12074,2
7684,2
7913,2
12927,2
5839,2
8416,2
2768,2
2147,2
6171,2
3770,2
1528,2
8502,2
9930,2
1032,2
2070,2
12613,2
6806,2
4201,2
2974,2
8831,2
325,2
1368,2
9705,2
8873,2
10606,2
8412,2
51,2
2235,2
5132,2
5841,2
872,2
4615,2
4081,2
9855,2
835,2
7097,2
12226,2
6992,2
10724,2
2603,2
8396,2
8773,2
11752,2
4733,2
9943,2
5701,2
11787,2
9287,2
7555,2
6925,2
9163,2
10003,2
14794,2
1693,2
1033,2
3595,2
4526,2
9771,2
5213,2
10711,2
6907,2
7692,2
1946,2
9622,2
11736,2
2922,2
10551,2
5054,2
5799,2
1402,2
12879,2
3266,2
10582,2
4690,2
6151,2
7363,2
10922,2
462,2
5968,2
6460,2
10442,2
9580,2
9755,2
11495,2
7284,2
9407,2
11244,2
3283,2
12836,2
14643,2
6954,2
1473,2
13451,2
3101,2
5241,2
11791,2
8306,2
481,2
8014,2
7474,2
12122,2
14021,2
3727,2
1301,2
11640,2
1962,2
13597,2
1670,2
12115,2
4354,2
1062,2
1230,2
1774,2
7811,2
9737,2
3462,2
6988,2
5735,2
12261,2
11430,2
299,2
14249,2
3390,2
8256,2
7321,2
510,2
873,2
14440,2
12969,2
2667,2
7857,2
2340,2
6247,2
3784,2
11855,2
1604,2
12486,2
3259,2
11093,2
14085,2
2919,2
10897,2
3889,2
8427,2
3162,2
4701,2
4257,2
12814,2
13991,2
8631,2
2498,2
4638,2
4816,2
10288,2
9299,2
7050,2
1522,2
5052,2
5357,2
7593,2
8619,2
4954,2
1439,2
10335,2
8862,2
10060,2
1167,2
2918,2
2270,2
4221,2
7074,2
2929,2
4480,2
11141,2
8906,2
401,2
1849,2
6553,2
7984,2
1063,2
12022,2
9698,2
13267,2
1944,2
11114,2
6091,2
403,2
8083,2
4934,2
2056,2
8483,2
12344,2
7494,2
7519,2
8449,2
6796,2
3596,2
5937,2
5394,2
7542,2
3825,2
13516,2
5183,2
10392,2
10403,2
953,2
20,2
13834,2
13802,2
12465,2
750,2
720,2
10169,2
10132,2
33,2
9531,2
9629,2
572,2
4662,2
12898,2
11957,2
9613,2
2476,2
13310,2
467,2
11352,2
12051,2
3458,2
3094,2
5446,2
7329,2
10587,2
6071,2
9898,2
8281,2
424,2
12084,2
12506,2
6471,2
9894,2
7203,2
2329,2
6508,2
5261,2
4837,2
3768,2
14726,2
1880,2
4097,2
6959,2
10622,2
7547,2
419,2
12178,2
7368,2
4031,2
7410,2
5558,2
2233,2
2109,2
1787,2
6699,2
12205,2
7249,2
2045,2
1309,2
7139,2
13317,2
3219,2
4637,2
3739,2
12307,2
4673,2
5931,2
12174,2
1307,2
1512,2
14417,2
560,2
3170,2
6524,2
13673,2
8470,2
5899,2
2674,2
6106,2
6896,2
10654,2
3152,2
8735,2
12762,2
7751,2
7454,2
9766,2
6185,2
11016,2
781,2
14638,2
5021,2
9890,2
5333,2
6305,2
8441,2
11189,2
1620,2
746,2
6122,2
13197,2
5385,2
9002,2
927,2
10164,2
8051,2
2174,2
8500,2
475,2
8387,2
1818,2
6897,2
13977,2
2068,2
3997,2
9231,2
14807,2
1738,2
6064,2
14695,2
10987,2
8147,2
7161,2
11179,2
3496,2
4717,2
175,2
13231,2
11039,2
740,2
1096,2
7856,2
5611,2
4640,2
2097,2
7005,2
6558,2
3647,2
8569,2
3948,2
14161,2
7299,2
13571,2
5326,2
13261,2
13385,2
14679,2
12408,2
4721,2
3994,2
2968,2
12555,2
160,2
3312,2
10868,2
3904,2
13352,2
1601,2
10819,2
10933,2
6360,2
8887,2
14356,2
3273,2
2248,2
4606,2
8115,2
7915,2
12012,2
3963,2
4529,2
9865,2
8317,2
10223,2
13362,2
11570,2
52,2
13634,2
5508,2
12576,2
1725,2
4746,2
8190,2
4718,2
9074,2
8031,2
4475,2
4680,2
10676,2
10516,2
656,2
639,2
7455,2
9279,2
3996,2
11437,2
13693,2
5787,2
14489,2
4439,2
5684,2
13018,2
8325,2
12525,2
12809,2
7017,2
1669,2
5987,2
4938,2
1476,2
1396,2
4204,2
12925,2
14268,2
8471,2
1318,2
803,2
115,2
12937,2
8474,2
7840,2
6641,2
8531,2
996,2
5907,2
9844,2
14080,2
6269,2
12067,2
9885,2
5091,2
13944,2
12082,2
11554,2
12303,2
3121,2
6413,2
4236,2
4254,2
11868,2
2596,2
1823,2
3612,2
7823,2
5051,2
11211,2
2344,2
12860,2
3117,2
275,2
7389,2
7616,2
6774,2
379,2
7,2
3851,2
7157,2
9474,2
1304,2
6386,2
8045,2
6187,2
12342,2
14227,2
6339,2
8798,2
7051,2
11484,2
1294,2
11591,2
7648,2
6976,2
14100,2
14274,2
12572,2
12534,2
9931,2
6491,2
9285,2
552,2
12087,2
3328,2
2263,2
13283,2
8671,2
3841,2
5695,2
12126,2
4854,2
9262,2
6686,2
7844,2
10527,2
9034,2
12448,2
6207,2
12469,2
1045,2
3037,2
2317,2
2176,2
6666,2
2566,2
12483,2
687,2
7674,2
1813,2
11368,2
4390,2
13677,2
9508,2
2902,2
12294,2
1890,2
12935,2
3510,2
10247,2
9033,2
10958,2
1380,2
1606,2
3582,2
10252,2
4189,2
5384,2
12803,2
11985,2
13334,2
2409,2
11456,2
14906,2
13200,2
13043,2
8469,2
11129,2
12811,2
10956,2
2390,2
6255,2
3939,2
3050,2
8171,2
3831,2
11266,2
10914,2
3336,2
11251,2
6657,2
14074,2
1194,2
4794,2
12192,2
5754,2
2170,2
4981,2
2060,2
1634,2
10955,2
3669,2
11588,2
11018,2
5927,2
5493,2
13227,2
3012,2
10751,2
1514,2
3322,2
5498,2
11944,2
10593,2
14497,2
12455,2
4410,2
1014,2
196,2
9687,2
12380,2
5943,2
5094,2
8371,2
2665,2
1091,2
2997,2
4100,2
10543,2
12341,2
6066,2
296,2
6316,2
13022,2
3874,2
7969,2
270,2
12063,2
1945,2
436,2
6688,2
11477,2
930,2
9967,2
11797,2
1403,2
3177,2
2967,2
3777,2
9405,2
1442,2
7354,2
11939,2
9784,2
2400,2
10705,2
8567,2
11238,2
7853,2
536,2
7758,2
14413,2
7779,2
7665,2
9799,2
10064,2
2334,2
164,2
4005,2
8440,2
7821,2
1412,2
8678,2
423,2
19,2
8288,2
435,2
9106,2
5864,2
14469,2
4539,2
7680,2
1809,2
4242,2
10404,2
3358,2
4602,2
2927,2
10416,2
8394,2
13117,2
6317,2
5439,2
11084,2
11637,2
44,2
1376,2
8135,2
3604,2
808,2
4299,2
453,2
10144,2
7501,2
1727,2
11742,2
8672,2
4,2
14480,2
913,2
6280,2
11272,2
11504,2
3365,2
5370,2
6179,2
2786,2
11228,2
8767,2
9122,2
4406,2
9962,2
5993,2
2647,2
7106,2
14218,2
4993,2
6117,2
10497,2
1493,2
6768,2
9197,2
8506,2
498,2
1015,2
9995,2
690,2
1120,2
2372,2
3483,2
7143,2
12290,2
4273,2
11193,2
2382,2
9463,2
10886,2
2101,2
241,2
7816,2
788,2
5662,2
1508,2
3585,2
8389,2
11165,2
11930,2
7891,2
4859,2
7420,2
9194,2
784,2
3639,2
1373,2
10791,2
7432,2
11630,2
5279,2
9388,2
2815,2
9027,2
4741,2
10734,2
11037,2
5350,2
10218,2
8867,2
12054,2
793,2
2240,2
11234,2
535,2
9417,2
5167,2
7537,2
6927,2
7791,2
12293,2
6396,2
8993,2
6933,2
6589,2
12069,2
2514,2
11551,2
14156,2
12757,2
12683,2
5744,2
2633,2
4136,2
10740,2
12186,2
482,2
12724,2
4350,2
7512,2
12193,2
12824,2
5255,2
10857,2
5359,2
2022,2
3029,2
2336,2
130,2
8007,2
683,2
4012,2
142,2
14834,2
1811,2
7129,2
7806,2
6830,2
411,2
6932,2
6998,2
3202,2
13728,2
9957,2
4960,2
6565,2
14128,2
14296,2
8540,2
7347,2
14217,2
8803,2
7439,2
6003,2
1846,2
12032,2
11139,2
941,2
8110,2
5086,2
11500,2
4663,2
2796,2
15002,2
9252,2
10904,2
880,2
10912,2
4962,2
1982,2
6333,2
6415,2
4192,2
5235,2
5995,2
3811,2
12841,2
9586,2
9143,2
2000,2
5376,2
3144,2
12112,2
2508,2
741,2
13849,2
2592,2
7755,2
11380,2
1077,2
6092,2
11265,2
26,2
450,2
1677,2
7598,2
8561,2
10584,2
11547,2
11831,2
531,2
6006,2
12691,2
11020,2
7238,2
8847,2
8621,2
7607,2
13818,2
1649,2
1360,2
2577,2
4068,2
2936,2
11157,2
8475,2
5997,2
7052,2
5076,2
2069,2
3388,2
12189,2
6275,2
4084,2
8012,2
76,2
2703,2
9868,2
7945,2
5685,2
6009,2
8793,2
7349,2
286,2
8245,2
4820,2
12733,2
9544,2
6137,2
13333,2
13604,2
5336,2
3017,2
3406,2
5642,2
11176,2
10155,2
14150,2
6052,2
8700,2
12938,2
2276,2
8648,2
6738,2
12625,2
857,2
3403,2
48,2
12979,2
8255,2
7678,2
12091,2
11081,2
8701,2
12771,2
5930,2
3048,2
3105,2
9528,2
4193,2
9915,2
1340,2
10775,2
1329,2
12493,2
8748,2
210,2
13358,2
9445,2
3527,2
13160,2
5821,2
4778,2
8415,2
5171,2
4577,2
10507,2
4757,2
2788,2
9001,2
5059,2
9120,2
11836,2
9423,2
1908,2
2753,2
6228,2
11269,2
3207,2
8311,2
4019,2
3720,2
3246,2
14645,2
170,2
11602,2
319,2
9560,2
1144,2
3492,2
2135,2
1612,2
3466,2
5897,2
1629,2
9685,2
2410,2
7914,2
10544,2
5829,2
11698,2
8716,2
13008,2
11398,2
1561,2
7837,2
813,2
4700,2
3033,2
9521,2
13259,2
1751,2
11219,2
12477,2
8492,2
2698,2
8499,2
7899,2
9373,2
1951,2
12155,2
5867,2
5204,2
12813,2
579,2
8610,2
9504,2
8057,2
5368,2
5902,2
4423,2
5572,2
631,2
4781,2
13812,2
4472,2
10293,2
4049,2
1552,2
4728,2
2833,2
1566,2
8121,2
10379,2
11125,2
10036,2
7237,2
12746,2
7781,2
4348,2
8204,2
5657,2
13216,2
12330,2
441,2
7860,2
10345,2
14029,2
2897,2
11397,2
218,2
9956,2
6689,2
11708,2
11971,2
11342,2
8811,2
3964,2
10317,2
6886,2
825,2
13968,2
9336,2
9645,2
2141,2
12024,2
9420,2
10284,2
9316,2
4826,2
7434,2
12311,2
10299,2
8106,2
4564,2
13207,2
1022,2
12656,2
10248,2
4265,2
6759,2
11523,2
4196,2
12472,2
9062,2
2427,2
11982,2
4140,2
5280,2
4214,2
3991,2
10869,2
13607,2
1569,2
2021,2
12648,2
997,2
12484,2
12374,2
1258,2
1853,2
2904,2
10902,2
1291,2
13294,2
1061,2
5471,2
14072,2
1002,2
4292,2
6617,2
764,2
4026,2
2617,2
9437,2
619,2
97,2
11716,2
11086,2
6017,2
2339,2
1861,2
980,2
13109,2
11377,2
8454,2
3440,2
833,2
11780,2
634,2
10394,2
7699,2
11847,2
2175,2
2561,2
10816,2
11824,2
4829,2
12304,2
10552,2
13335,2
2393,2
3369,2
786,2
8137,2
11757,2
13923,2
8501,2
7858,2
12316,2
3804,2
10992,2
5994,2
9281,2
3973,2
84,2
2686,2
2844,2
2509,2
10482,2
9529,2
13454,2
8653,2
5941,2
5950,2
11750,2
1125,2
4538,2
6507,2
1313,2
4808,2
4621,2
2142,2
9048,2
7425,2
8886,2
2011,2
5761,2
13431,2
4620,2
8157,2
2418,2
4463,2
11285,2
11071,2
6496,2
7718,2
1203,2
2831,2
11820,2
427,2
4881,2
1191,2
1743,2
13471,2
8167,2
5220,2
9883,2
6610,2
13672,2
5063,2
12919,2
4661,2
6165,2
8868,2
8447,2
12532,2
3548,2
9839,2
9320,2
2635,2
13576,2
13376,2
1839,2
8191,2
4686,2
1796,2
11349,2
12086,2
39,2
8778,2
4333,2
11480,2
576,2
13002,2
10040,2
5111,2
9069,2
8546,2
10393,2
9393,2
1205,2
2136,2
10716,2
7293,2
9912,2
4906,2
9993,2
13439,2
11996,2
8923,2
14788,2
12685,2
3989,2
4650,2
11213,2
13498,2
3890,2
5398,2
3269,2
9114,2
6464,2
1970,2
1381,2
493,2
2343,2
7398,2
3320,2
14045,2
8573,2
2860,2
5828,2
10621,2
9848,2
8105,2
11641,2
12886,2
5861,2
11590,2
3087,2
11023,2
4786,2
12132,2
6516,2
12078,2
25,2
1264,2
12631,2
1390,2
2763,2
2672,2
2580,2
251,2
93,2
4627,2
3912,2
8761,2
5808,2
8508,2
3672,2
4297,2
3140,2
2618,2
11841,2
2456,2
4471,2
8685,2
14117,2
9944,2
670,2
1734,2
10973,2
4310,2
9439,2
432,2
11063,2
6618,2
6145,2
4455,2
497,2
10875,2
2324,2
11290,2
10700,2
1290,2
10532,2
11735,2
13496,2
1892,2
7036,2
3015,2
1322,2
13270,2
816,2
9537,2
8616,2
702,2
4704,2
1387,2
2201,2
13905,2
9484,2
11803,2
14213,2
14079,2
12110,2
7928,2
11388,2
2180,2
12060,2
4594,2
5830,2
1523,2
13821,2
14894,2
3489,2
13021,2
1979,2
9006,2
11613,2
10433,2
5831,2
9391,2
9850,2
12003,2
11741,2
442,2
14559,2
6359,2
2387,2
13183,2
105,2
4825,2
796,2
6756,2
2379,2
7882,2
10909,2
1253,2
7396,2
7317,2
9808,2
2546,2
7726,2
1331,2
7736,2
13419,2
5726,2
13400,2
6189,2
1289,2
1348,2
3985,2
12213,2
11328,2
9104,2
8049,2
1872,2
1639,2
9523,2
12764,2
4528,2
345,2
12,2
6716,2
13888,2
4787,2
10407,2
625,2
5109,2
11553,2
12981,2
14698,2
7409,2
11420,2
3344,2
6188,2
583,2
9196,2
10910,2
4603,2
4879,2
4895,2
4801,2
11881,2
3690,2
12844,2
3331,2
7760,2
12139,2
7366,2
5210,2
9381,2
2950,2
11649,2
4630,2
4972,2
9367,2
7567,2
13356,2
13940,2
3780,2
13622,2
12742,2
14795,2
756,2
1018,2
5631,2
9693,2
514,2
446,2
12351,2
7463,2
1960,2
12551,2
4414,2
14780,2
12391,2
14697,2
10182,2
6313,2
3174,2
11424,2
1635,2
4239,2
766,2
744,2
9217,2
2547,2
2894,2
10440,2
5028,2
3026,2
1910,2
9497,2
9946,2
5383,2
232,2
5661,2
12144,2
2361,2
7991,2
5186,2
7764,2
3541,2
1461,2
8462,2
6116,2
3560,2
3628,2
14305,2
8789,2
1436,2
14903,2
5435,2
11825,2
2246,2
8368,2
6950,2
12596,2
5138,2
13789,2
9166,2
13726,2
8745,2
2429,2
8784,2
7092,2
3977,2
3329,2
5627,2
5727,2
3225,2
13846,2
6647,2
6534,2
5639,2
5858,2
533,2
10853,2
6510,2
7793,2
6241,2
10265,2
14648,2
3591,2
14434,2
2480,2
12888,2
11096,2
2363,2
14263,2
12712,2
3925,2
9996,2
1087,2
7846,2
13377,2
9179,2
23,2
10755,2
1029,2
10660,2
8498,2
8146,2
9634,2
10475,2
594,2
2197,2
11254,2
13683,2
6845,2
6040,2
1086,2
14527,2
8640,2
3088,2
3865,2
6109,2
2628,2
12118,2
5809,2
4500,2
7624,2
5947,2
3800,2
6083,2
5917,2
332,2
2264,2
3816,2
7042,2
6257,2
6674,2
5716,2
3868,2
3487,2
9014,2
10206,2
3795,2
10600,2
13704,2
10358,2
1242,2
12227,2
10651,2
14861,2
4013,2
11549,2
2945,2
5632,2
5893,2
5652,2
273,2
1859,2
2065,2
4875,2
10968,2
6172,2
216,2
8433,2
10517,2
2639,2
9187,2
2752,2
6857,2
11714,2
9490,2
7077,2
9264,2
4914,2
1964,2
8193,2
7750,2
4940,2
14377,2
3346,2
235,2
3658,2
11639,2
9830,2
7659,2
2375,2
2474,2
9670,2
3682,2
5887,2
11438,2
10295,2
9542,2
4636,2
1758,2
10465,2
4605,2
14330,2
12352,2
2845,2
1299,2
224,2
2500,2
1759,2
5703,2
8232,2
13695,2
13404,2
8264,2
11800,2
6773,2
4079,2
13507,2
13046,2
3185,2
1637,2
5711,2
12766,2
4304,2
11185,2
12670,2
8348,2
13645,2
11745,2
10753,2
5630,2
2931,2
9809,2
2987,2
2243,2
7339,2
6724,2
9595,2
6319,2
7362,2
5609,2
2520,2
4884,3
13915,3
922,3
10694,3
1868,3
12508,3
1942,3
1094,3
6659,3
13725,3
8680,3
3360,3
5105,3
2280,3
4544,3
4623,3
6980,3
7847,3
3130,3
11617,3
1760,3
12740,3
9271,3
8950,3
3599,3
11205,3
8351,3
6742,3
5872,3
9739,3
8307,3
3377,3
777,3
8783,3
6519,3
5222,3
2678,3
9089,3
975,3
8477,3
7677,3
7975,3
8438,3
6525,3
11769,3
4289,3
1679,3
12641,3
3775,3
4435,3
307,3
9706,3
10469,3
7546,3
5450,3
6533,3
1097,3
1397,3
12728,3
6515,3
609,3
8732,3
12635,3
7714,3
8944,3
6344,3
1628,3
11321,3
6862,3
12671,3
365,3
10340,3
3584,3
7219,3
4699,3
6026,3
3062,3
3472,3
11174,3
2001,3
7670,3
6665,3
7068,3
10605,3
4723,3
8119,3
2383,3
14032,3
10073,3
3955,3
4153,3
4388,3
1367,3
8824,3
3476,3
11166,3
1041,3
8646,3
7880,3
9382,3
4974,3
7011,3
12496,3
6123,3
5591,3
9600,3
2195,3
11895,3
4554,3
8516,3
3900,3
2789,3
6757,3
3111,3
13934,3
11225,3
4694,3
8378,3
7768,3
12602,3
12661,3
11983,3
11808,3
2009,3
135,3
458,3
11597,3
4222,3
944,3
4103,3
3726,3
6217,3
8872,3
11061,3
13181,3
9121,3
8219,3
2850,3
1281,3
5182,3
3172,3
10908,3
4840,3
13275,3
1714,3
193,3
7539,3
8547,3
2899,3
13770,3
11655,3
79,3
11845,3
4077,3
8318,3
2625,3
11239,3
2284,3
5491,3
1847,3
10712,3
565,3
5666,3
11339,3
7836,3
3115,3
5404,3
8338,3
6044,3
2275,3
4583,3
548,3
4134,3
4991,3
6342,3
10978,3
1832,3
8754,3
6834,3
12784,3
3979,3
9886,3
8992,3
9864,3
8620,3
9656,3
7252,3
10172,3
9465,3
9896,3
3070,3
5178,3
4419,3
2255,3
7056,3
2468,3
1980,3
1730,3
6128,3
9470,3
2023,3
7025,3
10285,3
2623,3
7842,3
2412,3
10176,3
1994,3
393,3
4928,3
2532,3
9084,3
2345,3
3252,3
499,3
7910,3
8374,3
7877,3
9618,3
4047,3
10356,3
8445,3
1219,3
1976,3
4560,3
11092,3
7210,3
9522,3
3181,3
1899,3
6035,3
4901,3
2185,3
7021,3
6530,3
8238,3
6843,3
2173,3
10679,3
9610,3
5420,3
1923,3
5561,3
9884,3
3435,3
12463,3
3721,3
3295,3
3735,3
11331,3
2641,3
6979,3
5120,3
4382,3
14001,3
8151,3
4090,3
4848,3
267,3
6468,3
7369,3
7536,3
11815,3
4967,3
1888,3
4488,3
6136,3
3610,3
9477,3
12949,3
628,3
2151,3
1767,3
3980,3
5218,3
7111,3
12668,3
6487,3
2249,3
1524,3
8037,3
10315,3
7794,3
11382,3
5604,3
5425,3
12721,3
1214,3
10228,3
5567,3
6797,3
3899,3
1919,3
6969,3
2327,3
4206,3
1515,3
9450,3
8757,3
3643,3
2227,3
1805,3
668,3
3316,3
8468,3
3232,3
11367,3
8240,3
4028,3
1356,3
4860,3
4170,3
3759,3
5682,3
3216,3
6215,3
2534,3
2669,3
6414,3
2634,3
10827,3
3941,3
3349,3
7970,3
5149,3
2381,3
2805,3
9063,3
3902,3
7812,3
5986,3
8913,3
13338,3
8910,3
2814,3
3122,3
4990,3
6204,3
4658,3
4433,3
6329,3
11739,3
1602,3
10972,3
10278,3
3854,3
11108,3
3415,3
2840,3
7384,3
5596,3
5212,3
3785,3
10631,3
7503,3
10050,3
9107,3
5868,3
942,3
585,3
8118,3
6281,3
1472,3
1421,3
11310,3
2461,3
13212,3
6436,3
5358,3
9245,3
6340,3
6914,3
6271,3
4425,3
960,3
2683,3
8943,3
1379,3
14005,3
4021,3
6232,3
4882,3
10421,3
5837,3
12260,3
6130,3
13050,3
8939,3
7662,3
2087,3
11307,3
618,3
7351,3
13420,3
4161,3
8559,3
3748,3
2896,3
605,3
7096,3
13680,3
12239,3
2656,3
5865,3
1080,3
4342,3
1742,3
1705,3
10905,3
9889,3
1562,3
2312,3
8756,3
10574,3
14326,3
2145,3
11531,3
5039,3
6279,3
6121,3
9386,3
8030,3
990,3
9029,3
11634,3
1464,3
9334,3
11505,3
10579,3
8432,3
3001,3
8608,3
5038,3
13487,3
2301,3
10799,3
1874,3
1513,3
3646,3
14427,3
9961,3
5948,3
11153,3
3730,3
4819,3
5003,3
11073,3
1452,3
5468,3
3275,3
11246,3
5789,3
11806,3
1583,3
2449,3
2392,3
6854,3
11861,3
6727,3
11461,3
2733,3
6278,3
2812,3
11156,3
4226,3
2523,3
4688,3
5203,3
6851,3
6948,3
10006,3
8329,3
8451,3
8652,3
3586,3
577,3
3872,3
2092,3
2506,3
2154,3
2380,3
10854,3
5487,3
4200,3
4849,3
207,3
1820,3
2489,3
2627,3
8634,3
5115,3
336,3
5277,3
2226,3
4050,3
2158,3
770,3
14279,3
10374,3
4696,3
3554,3
3385,3
11293,3
291,3
7921,3
9161,3
4117,3
3278,3
8421,3
4065,3
11709,3
2346,3
2631,3
9929,3
5547,3
6810,3
11429,3
13668,3
1254,3
11311,3
1404,3
1671,3
10667,3
6777,3
7866,3
1477,3
7942,3
13718,3
3724,3
213,3
5526,3
5979,3
7535,3
10323,3
7109,3
10237,3
13272,3
5423,3
12360,3
3223,3
10772,3
10596,3
8808,3
4451,3
2867,3
3481,3
5892,3
4944,3
8439,3
9913,3
1180,3
3960,3
1983,3
6307,3
11611,3
12995,3
1540,3
2526,3
1509,3
2837,3
11418,3
1600,3
7213,3
2073,3
3988,3
3809,3
8774,3
6766,3
10687,3
9597,3
5303,3
10638,3
11333,3
11850,3
3047,3
11401,3
633,3
3762,3
13437,3
12737,3
6311,3
7282,3
8366,3
1398,3
7467,3
2626,3
8263,3
8315,3
7876,3
10070,3
6063,3
532,3
695,3
2552,3
9352,3
7098,3
5231,3
229,3
7576,3
3766,3
9744,3
7541,3
3113,3
8133,3
6579,3
464,3
3827,3
6940,3
6424,3
3104,3
7313,3
13120,3
9456,3
8056,3
1655,3
7133,3
10352,3
2714,3
7907,3
2254,3
6961,3
9835,3
3154,3
7739,3
8593,3
13707,3
992,3
5643,3
1209,3
1783,3
11001,3
10264,3
8598,3
8750,3
13889,3
530,3
9100,3
4676,3
11778,3
10834,3
1781,3
1131,3
12873,3
4300,3
7170,3
4315,3
6405,3
10680,3
152,3
1016,3
2982,3
4469,3
8946,3
987,3
10266,3
10529,3
3923,3
2370,3
3540,3
11242,3
573,3
4207,3
7971,3
1335,3
5877,3
10074,3
8524,3
8000,3
3376,3
4066,3
10896,3
926,3
4411,3
288,3
5833,3
9583,3
6848,3
4556,3
2271,3
4375,3
3829,3
5065,3
3555,3
5464,3
5741,3
4258,3
2046,3
360,3
806,3
10773,3
12090,3
5852,3
8826,3
8668,3
4389,3
7732,3
8391,3
9101,3
718,3
1000,3
4957,3
7521,3
3951,3
6645,3
12982,3
11905,3
963,3
8428,3
2745,3
11027,3
24,3
11712,3
13129,3
11857,3
1400,3
2505,3
7515,3
10453,3
2750,3
14295,3
13708,3
8126,3
2539,3
3654,3
5108,3
3636,3
7801,3
10935,3
8269,3
6889,3
1308,3
10430,3
8448,3
11859,3
10398,3
9702,3
11494,3
7937,3
7070,3
8654,3
3943,3
7032,3
8027,3
2983,3
5116,3
3743,3
4649,3
2472,3
6518,3
221,3
8360,3
1465,3
11098,3
13523,3
4268,3
9841,3
11632,3
4487,3
5855,3
2756,3
6047,3
3199,3
1208,3
587,3
6068,3
8286,3
5530,3
12744,3
2521,3
5723,3
14114,3
7819,3
12151,3
8637,3
11976,3
688,3
8916,3
6706,3
8398,3
4151,3
11357,3
11759,3
12271,3
10378,3
4385,3
3002,3
7357,3
11799,3
3054,3
6289,3
2144,3
4982,3
6793,3
9044,3
1728,3
1623,3
3014,3
1950,3
6031,3
2619,3
9108,3
12621,3
5070,3
6915,3
244,3
8698,3
10327,3
5248,3
6570,3
2601,3
2272,3
6658,3
9543,3
10463,3
9534,3
5675,3
9772,3
9083,3
7954,3
5447,3
3659,3
6690,3
6772,3
8898,3
4858,3
4726,3
8029,3
4595,3
6715,3
455,3
1330,3
7498,3
1142,3
4951,3
1272,3
5016,3
5546,3
10479,3
2396,3
13056,3
10682,3
962,3
8211,3
4935,3
6823,3
7232,3
4343,3
8772,3
1156,3
3507,3
6352,3
1817,3
3677,3
14310,3
6870,3
3764,3
11537,3
5011,3
2602,3
6058,3
13557,3
5306,3
2018,3
9462,3
732,3
7029,3
755,3
1432,3
7311,3
3067,3
2053,3
870,3
10273,3
920,3
7825,3
7179,3
1134,3
8345,3
8294,3
7953,3
6668,3
9413,3
5121,3
469,3
11475,3
7578,3
2448,3
9493,3
1169,3
8107,3
1092,3
1829,3
5556,3
4763,3
9615,3
645,3
5640,3
2287,3
5542,3
9170,3
2236,3
8840,3
6371,3
1070,3
11181,3
1173,3
8997,3
4459,3
10024,3
2827,3
12237,3
2531,3
6983,3
5655,3
8730,3
8248,3
6181,3
1484,3
3885,3
832,3
5935,3
4752,3
9025,3
13835,3
10876,3
4600,3
5763,3
6654,3
7121,3
1963,3
448,3
11048,3
5064,3
253,3
967,3
9988,3
7929,3
8001,3
6563,3
4912,3
13791,3
13713,3
13114,3
4648,3
3850,3
7887,3
8178,3
3281,3
2079,3
575,3
821,3
12106,3
6164,3
10745,3
163,3
13447,3
6175,3
226,3
6213,3
6476,3
13078,3
8985,3
1621,3
7026,3
7176,3
4232,3
1560,3
4246,3
5236,3
3204,3
2885,3
7231,3
4708,3
8308,3
4303,3
5437,3
6894,3
6421,3
8473,3
14754,3
8393,3
4104,3
6374,3
574,3
3277,3
2517,3
6937,3
3613,3
5258,3
194,3
7090,3
1259,3
8663,3
4946,3
6438,3
7093,3
11323,3
9109,3
11432,3
12037,3
9460,3
7979,3
4210,3
3042,3
5784,3
2684,3
12218,3
12998,3
6129,3
3907,3
7312,3
8920,3
2727,3
3429,3
333,3
9403,3
2163,3
13958,3
7338,3
6148,3
1933,3
1748,3
5278,3
12536,3
13896,3
13539,3
8112,3
4158,3
7038,3
4715,3
8645,3
7447,3
2090,3
10721,3
8217,3
1471,3
1285,3
3437,3
8845,3
7673,3
11973,3
5150,3
1505,3
7288,3
5878,3
13655,3
6785,3
184,3
13332,3
8741,3
5624,3
12694,3
7932,3
3401,3
12902,3
8554,3
108,3
422,3
847,3
11840,3
12583,3
3833,3
711,3
13722,3
5340,3
6887,3
4336,3
6671,3
9591,3
10572,3
6509,3
7495,3
2748,3
9441,3
13167,3
4907,3
4230,3
1122,3
8870,3
4418,3
10500,3
2177,3
7004,3
4046,3
7694,3
11315,3
127,3
10127,3
5706,3
3201,3
4407,3
1622,3
1017,3
7946,3
7399,3
8321,3
12083,3
2926,3
4454,3
7777,3
5597,3
3855,3
1977,3
937,3
1276,3
2834,3
11556,3
2342,3
352,3
6611,3
2164,3
8570,3
3861,3
14243,3
3148,3
5918,3
8571,3
1283,3
8423,3
7446,3
8328,3
11275,3
5760,3
707,3
8706,3
317,3
2970,3
4586,3
1953,3
8323,3
1867,3
6236,3
2354,3
9558,3
7015,3
7854,3
9572,3
4280,3
10578,3
3155,3
9669,3
6243,3
11199,3
5292,3
128,3
9248,3
2914,3
1729,3
7023,3
7773,3
6995,3
7602,3
12573,3
2049,3
8223,3
10464,3
1921,3
11312,3
1803,3
87,3
10782,3
472,3
8856,3
10396,3
4975,3
2629,3
12364,3
3187,3
2447,3
4358,3
10075,3
12273,3
13951,3
1599,3
1545,3
13013,3
1844,3
4898,3
5963,3
7172,3
13235,3
1040,3
7636,3
5275,3
1202,3
9756,3
1772,3
10988,3
7727,3
11938,3
7788,3
266,3
367,3
5521,3
6629,3
5422,3
6908,3
4738,3
4395,3
2962,3
5562,3
6730,3
4789,3
4987,3
11695,3
9079,3
3011,3
1959,3
792,3
12859,3
2872,3
8693,3
2613,3
6736,3
9728,3
5160,3
5732,3
10004,3
563,3
14315,3
167,3
7635,3
11262,3
10232,3
10966,3
5977,3
6420,3
12950,3
3587,3
592,3
861,3
6194,3
7646,3
12056,3
8198,3
9632,3
4184,3
11338,3
12806,3
8905,3
9774,3
2066,3
11113,3
2198,3
3195,3
7909,3
4093,3
5459,3
5920,3
11335,3
10283,3
2910,3
7628,3
8117,3
3205,3
7831,3
4867,3
5053,3
7776,3
8791,3
4855,3
492,3
7080,3
7527,3
12143,3
5840,3
6055,3
11652,3
10151,3
9268,3
1422,3
8521,3
4381,3
1702,3
1961,3
3392,3
8836,3
6935,3
1446,3
9741,3
7230,3
3005,3
2711,3
2671,3
1339,3
4502,3
7497,3
5295,3
13999,3
7421,3
9562,3
8590,3
8304,3
3410,3
10067,3
8691,3
5440,3
4139,3
1567,3
447,3
3656,3
8280,3
3430,3
9426,3
7520,3
8442,3
12379,3
7884,3
738,3
5399,3
2930,3
1527,3
2017,3
5533,3
10429,3
9924,3
4322,3
8926,3
8904,3
12755,3
3867,3
4264,3
258,3
10189,3
9026,3
8430,3
13489,3
3028,3
4155,3
5921,3
6457,3
103,3
7152,3
12918,3
8231,3
9433,3
6538,3
7652,3
3189,3
2890,3
9267,3
3928,3
10821,3
5343,3
5972,3
8705,3
106,3
10699,3
328,3
4247,3
3332,3
4657,3
4495,3
4344,3
7569,3
9585,3
14347,3
6346,3
11875,3
5537,3
2222,3
5377,3
11550,3
7528,3
37,3
9429,3
4223,3
2030,3
3848,3
3558,3
5589,3
3950,3
10181,3
2740,3
8664,3
5139,3
12253,3
810,3
6734,3
9052,3
2653,3
7862,3
114,3
12079,3
6975,3
9128,3
3391,3
5512,3
13612,3
8876,3
7141,3
6303,3
1037,3
1363,3
1004,3
10839,3
8535,3
8497,3
1925,3
7336,3
6224,3
6687,3
936,3
12333,3
2229,3
3627,3
1869,3
496,3
6284,3
308,3
12554,3
4025,3
3984,3
7132,3
6600,3
5060,3
4470,3
6094,3
14286,3
7682,3
9684,3
4255,3
1429,3
3712,3
6254,3
5748,3
1135,3
13032,3
3598,3
948,3
7218,3
7583,3
1312,3
9394,3
951,3
10276,3
7413,3
1320,3
2575,3
5055,3
13868,3
3421,3
49,3
7516,3
11161,3
3870,3
12008,3
3967,3
5418,3
392,3
8523,3
6483,3
3116,3
6722,3
255,3
5916,3
4570,3
6586,3
2764,3
8829,3
1549,3
11469,3
1689,3
4323,3
2886,3
14508,3
456,3
11360,3
2293,3
795,3
7898,3
8972,3
1238,3
6838,3
13808,3
11007,3
2252,3
14520,3
4420,3
7642,3
12235,3
8267,3
8246,3
8927,3
12141,3
2277,3
2933,3
8435,3
8866,3
10913,3
538,3
1074,3
8405,3
5274,3
6765,3
6466,3
8633,3
9300,3
2166,3
11670,3
5733,3
8079,3
8578,3
3632,3
12557,3
8994,3
7207,3
1278,3
2884,3
1249,3
2395,3
9903,3
4377,3
3790,3
9065,3
824,3
1654,3
9010,3
6877,3
4030,3
9070,3
7386,3
351,3
14271,3
3723,3
3072,3
6522,3
5361,3
11627,3
4588,3
1733,3
231,3
5348,3
6916,3
10625,3
2741,3
7888,3
4599,3
4535,3
5625,3
8581,3
11863,3
6286,3
6395,3
6613,3
7581,3
9341,3
1168,3
29,3
2286,3
4791,3
11991,3
1532,3
89,3
3045,3
5338,3
9157,3
1498,3
3351,3
3877,3
1882,3
4251,3
1385,3
6502,3
5693,3
13116,3
6076,3
11828,3
5242,3
10454,3
8599,3
10271,3
364,3
8718,3
11436,3
3102,3
10191,3
3683,3
4883,3
5066,3
602,3
1534,3
4773,3
7848,3
6839,3
12347,3
10945,3
4346,3
8390,3
13586,3
2416,3
11147,3
5551,3
8859,3
5085,3
1596,3
6376,3
2152,3
10512,3
11337,3
5962,3
7062,3
7191,3
12751,3
10862,3
7189,3
10743,3
1185,3
12638,3
820,3
8316,3
9416,3
2425,3
8073,3
9064,3
10437,3
1346,3
1771,3
12015,3
5575,3
1548,3
8699,3
1972,3
2947,3
4335,3
148,3
9779,3
1952,3
5269,3
99,3
623,3
9339,3
2032,3
8975,3
13998,3
3645,3
12584,3
2579,3
198,3
3733,3
7767,3
5645,3
5854,3
11497,3
7258,3
4719,3
7753,3
3308,3
3208,3
2234,3
7757,3
11834,3
2645,3
969,3
1661,3
9925,3
8989,3
779,3
5243,3
1724,3
1506,3
1821,3
7309,3
3097,3
330,3
2640,3
9436,3
12441,3
1459,3
8429,3
12101,3
10975,3
6809,3
9753,3
3765,3
1938,3
11299,3
10563,3
10805,3
7510,3
6007,3
8813,3
604,3
1556,3
3114,3
6098,3
5341,3
508,3
5332,3
11411,3
6953,3
10446,3
7192,3
5783,3
4765,3
9307,3
12701,3
4943,3
7083,3
4404,3
4916,3
3619,3
3667,3
13403,3
3486,3
4547,3
8108,3
3803,3
7280,3
2082,3
2785,3
5552,3
6799,3
7198,3
7248,3
6297,3
12649,3
5660,3
6989,3
4590,3
4903,3
1510,3
8922,3
7833,3
5563,3
14370,3
8996,3
10058,3
7359,3
7326,3
12868,3
8579,3
4417,3
8050,3
390,3
8848,3
7371,3
954,3
11034,3
1542,3
8182,3
11463,3
7720,3
8413,3
5776,3
2196,3
5500,3
12510,3
8689,3
848,3
5507,3
8900,3
8572,3
4667,3
15,3
7725,3
12156,3
9878,3
3381,3
1657,3
12228,3
1780,3
9546,3
1706,3
355,3
8410,3
10141,3
4338,3
8914,3
8515,3
2208,3
12168,3
9948,3
10150,3
3139,3
2707,3
9928,3
10122,3
11940,3
4915,3
614,3
10858,3
6847,3
45,3
4861,3
6357,3
478,3
5081,3
2972,3
31,3
3214,3
12805,3
10158,3
4199,3
4219,3
2481,3
12102,3
4485,3
4766,3
2807,3
1555,3
10033,3
5237,3
14486,3
2680,3
4145,3
2563,3
11561,3
10188,3
714,3
5163,3
4678,3
6964,3
3138,3
4267,3
4833,3
8511,3
4148,3
671,3
3821,3
12349,3
4179,3
12875,3
12328,3
6978,3
1658,3
5974,3
4166,3
1564,3
3523,3
4666,3
9345,3
6266,3
8090,3
1010,3
8568,3
9483,3
13027,3
7459,3
12320,3
6173,3
7733,3
7623,3
13359,3
4800,3
4274,3
4281,3
222,3
4403,3
5932,3
5386,3
569,3
12159,3
9552,3
734,3
9859,3
1732,3
9355,3
6535,3
7383,3
5929,3
6994,3
1342,3
9947,3
3605,3
5413,3
8891,3
9655,3
339,3
5576,3
5863,3
1150,3
3018,3
9350,3
10797,3
3965,3
4977,3
6511,3
3447,3
8522,3
70,3
4842,3
7513,3
3089,3
11392,3
12335,3
11154,3
2121,3
3350,3
5549,3
6863,3
5217,3
6521,3
7893,3
3630,3
3464,3
10765,3
3163,3
11680,3
4483,3
5700,3
10689,3
6046,3
63,3
8009,3
817,3
3758,3
3750,3
5488,3
75,3
7305,3
3368,3
4767,3
8901,3
1123,3
11684,3
6124,3
5478,3
4449,3
9340,3
11499,3
9812,3
8679,3
5938,3
3601,3
725,3
6574,3
405,3
485,3
2485,3
2585,3
9922,3
8960,3
8981,3
8555,3
11308,3
2742,3
2357,3
13059,3
7376,3
5223,3
5356,3
2191,3
10031,3
5122,3
4807,3
13180,3
11544,3
169,3
8419,3
2661,3
5259,3
7911,3
6648,3
1788,3
7744,3
3484,3
6778,3
4063,3
8369,3
8481,3
2598,3
9554,3
6090,3
578,3
4988,3
650,3
6385,3
9955,3
1147,3
6084,3
11945,3
11028,3
8563,3
6326,3
8221,3
7599,3
2554,3
4452,3
11417,3
10614,3
12276,3
4241,3
7227,3
3972,3
6001,3
10999,3
7142,3
14138,3
8888,3
6632,3
6731,3
8921,3
800,3
13091,3
9313,3
10339,3
10120,3
6202,3
11810,3
7166,3
5738,3
8444,3
7066,3
7580,3
9691,3
3921,3
11764,3
14351,3
4783,3
5524,3
2961,3
7524,3
5188,3
1101,3
1428,3
9917,3
1358,3
12884,3
2504,3
7402,3
3514,3
12939,3
11573,3
14140,3
2791,3
6283,3
1300,3
1553,3
11358,3
9103,3
11718,3
9524,3
7306,3
2511,3
433,3
1247,3
10309,3
4394,3
3992,3
888,3
893,3
1966,3
2204,3
4809,3
3876,3
4540,3
4756,3
7918,3
10856,3
5314,3
898,3
6144,3
4776,3
6861,3
11300,3
280,3
7851,3
12653,3
5555,3
985,3
7834,3
2630,3
11593,3
3886,3
11006,3
11951,3
5656,3
4923,3
3211,3
9141,3
7041,3
929,3
10229,3
5708,3
3086,3
3168,3
7235,3
11229,3
2952,3
4259,3
212,3
9193,3
11856,3
2075,3
3479,3
6273,3
6922,3
7610,3
8220,3
9008,3
11041,3
17,3
2064,3
7002,3
6695,3
7173,3
13269,3
2113,3
7940,3
12515,3
7370,3
7381,3
2438,3
1936,3
2483,3
13859,3
1177,3
1529,3
4878,3
7698,3
10129,3
10175,3
1337,3
3525,3
7054,3
7600,3
6458,3
6544,3
4908,3
7761,3
12738,3
8243,3
5164,3
10108,3
9198,3
1876,3
3648,3
8180,3
9773,3
2402,3
4094,3
5648,3
8091,3
5980,3
4976,3
6272,3
2946,3
1126,3
8149,3
7538,3
11694,3
8785,3
3133,3
1216,3
2512,3
10280,3
7554,3
3808,3
9329,3
3044,3
12183,3
7747,3
11577,3
2859,3
7883,3
9681,3
8726,3
11370,3
1768,3
8403,3
10391,3
13388,3
11344,3
3529,3
5835,3
5612,3
2499,3
3357,3
11524,3
14115,3
8010,3
14551,3
2494,3
7160,3
3600,3
2754,3
6944,3
8821,3
7908,3
8336,3
7431,3
5250,3
9582,3
3518,3
10383,3
9177,3
5616,3
7233,3
13752,3
11896,3
9077,3
2213,3
4306,3
9421,3
2572,3
1862,3
13065,3
9659,3
9311,3
5002,3
9346,3
5443,3
6019,3
2773,3
5825,3
6096,3
13060,3
3650,3
4156,3
7500,3
651,3
1201,3
921,3
1646,3
6529,3
13895,3
4910,3
6,3
2360,3
7174,3
2905,3
5885,3
1148,3
11744,3
13448,3
10096,3
8134,3
2242,3
13558,3
7634,3
7669,3
8018,3
6855,3
5057,3
2421,3
5924,3
11350,3
10270,3
8382,3
11911,3
10254,3
10419,3
682,3
845,3
1815,3
1386,3
1326,3
3499,3
3490,3
7209,3
4058,3
2822,3
6873,3
11961,3
8036,3
10390,3
2551,3
2496,3
12415,3
5402,3
11949,3
6288,3
12319,3
4243,3
3443,3
11264,3
5442,3
10056,3
3321,3
6231,3
1336,3
8809,3
6893,3
3812,3
7356,3
8084,3
2738,3
3380,3
6423,3
3353,3
8642,3
1170,3
4163,3
3933,3
6158,3
11882,3
3425,3
1349,3
9047,3
2528,3
3383,3
849,3
3504,3
2355,3
5740,3
7330,3
3244,3
3661,3
649,3
4043,3
6014,3
7708,3
5580,3
13445,3
282,3
5895,3
8130,3
616,3
8860,3
9754,3
6380,3
3820,3
6569,3
4327,3
6794,3
3533,3
8553,3
9624,3
6913,3
6672,3
6102,3
4460,3
342,3
4995,3
11821,3
10870,3
1912,3
10983,3
1410,3
13992,3
12611,3
11318,3
8141,3
4777,3
10960,3
12636,3
11260,3
11332,3
1886,3
723,3
6469,3
9573,3
8857,3
12620,3
8712,3
13336,3
11654,3
6884,3
11286,3
9142,3
8586,3
561,3
409,3
7900,3
667,3
11105,3
6962,3
3373,3
11635,3
7049,3
11765,3
10337,3
6078,3
3446,3
6584,3
5379,3
7072,3
12285,3
8006,3
8719,3
6111,3
6220,3
1858,3
6196,3
4405,3
10137,3
3942,3
4490,3
9819,3
8212,3
7706,3
11818,3
3178,3
11533,3
6607,3
11089,3
1897,3
4245,3
6416,3
8961,3
1206,3
6599,3
8796,3
7614,3
10019,3
1816,3
5381,3
6492,3
11329,3
10474,3
7518,3
10136,3
1362,3
8333,3
2078,3
12244,3
1794,3
984,3
11283,3
4244,3
8520,3
2039,3
11030,3
1895,3
9666,3
6812,3
6852,3
4899,3
2553,3
1282,3
6070,3
1587,3
1779,3
9072,3
9907,3
5617,3
2957,3
3753,3
2887,3
2440,3
1665,3
2935,3
14405,3
12852,3
10891,3
6557,3
3289,3
5679,3
2493,3
1236,3
2608,3
8271,3
10085,3
7820,3
8164,3
3703,3
10347,3
11730,3
1825,3
2658,3
358,3
3692,3
1676,3
3530,3
5482,3
11354,3
11528,3
11493,3
7707,3
9213,3
7936,3
6042,3
10193,3
2892,3
7294,3
2700,3
5896,3
5749,3
4209,3
14895,3
1483,3
7723,3
2479,3
12994,3
5473,3
5788,3
7125,3
14275,3
6680,3
5819,3
4074,3
3058,3
7766,3
2290,3
12312,3
3752,3
6335,3
778,3
13504,3
5100,3
2861,3
2428,3
2074,3
6485,3
6878,3
6437,3
4534,3
10289,3
12204,3
8227,3
7728,3
8032,3
5712,3
10832,3
12246,3
11173,3
395,3
2159,3
5317,3
581,3
4634,3
4275,3
5663,3
11396,3
3898,3
5234,3
12217,3
2119,3
2749,3
6548,3
5672,3
3958,3
11270,3
5118,3
12040,3
684,3
11564,3
1841,3
3954,3
6729,3
2365,3
1941,3
4780,3
8067,3
11144,3
9291,3
6125,3
7472,3
4659,3
838,3
362,3
1711,3
3296,3
6119,3
2209,3
3036,3
10524,3
7917,3
4029,3
3422,3
8046,3
5470,3
11647,3
5239,3
11017,3
10104,3
7903,3
8185,3
11304,3
1146,3
12530,3
7183,3
7944,3
4091,3
5605,3
8465,3
1883,3
3075,3
5282,3
12558,3
7849,3
3393,3
5409,3
5759,3
1425,3
13173,3
14049,3
13058,3
14209,3
7091,3
5946,3
454,3
10673,3
10785,3
1052,3
717,3
3689,3
407,3
5812,3
7316,3
1741,3
4378,3
2320,3
8630,3
10395,3
10733,3
7999,3
10589,3
11622,3
1778,3
13536,3
129,3
6270,3
8063,3
7523,3
5637,3
8409,3
10855,3
2237,3
6252,3
1221,3
3226,3
13855,3
7018,3
9602,3
5453,3
7577,3
8113,3
7034,3
5692,3
12413,3
3200,3
10861,3
13748,3
14292,3
4143,3
5540,3
9130,3
4609,3
7691,3
7060,3
383,3
9495,3
13103,3
62,3
1613,3
14252,3
388,3
4797,3
8293,3
2367,3
5347,3
1332,3
1166,3
8722,3
9686,3
5796,3
5117,3
7400,3
8109,3
6849,3
13477,3
7827,3
7104,3
1753,3
3126,3
5888,3
1124,3
7226,3
137,3
3962,3
3732,3
6947,3
4888,3
1430,3
11638,3
5981,3
3946,3
5686,3
10219,3
2038,3
7491,3
7103,3
798,3
369,3
6154,3
4909,3
10731,3
7164,3
5999,3
12964,3
11442,3
9952,3
5018,3
8202,3
2851,3
10701,3
11705,3
11740,3
14136,3
9007,3
12343,3
13441,3
2550,3
6696,3
13883,3
5044,3
10225,3
10536,3
2806,3
10077,3
11624,3
1565,3
10066,3
3976,3
2562,3
1713,3
8003,3
5593,3
9727,3
9690,3
10683,3
12623,3
1547,3
9321,3
9950,3
3008,3
2260,3
6032,3
7214,3
161,3
3524,3
7496,3
3330,3
5792,3
556,3
12274,3
10049,3
13842,3
5472,3
8802,3
6030,3
6694,3
1237,3
6541,3
3936,3
772,3
4150,3
7441,3
2916,3
9951,3
12119,3
4579,3
2697,3
13187,3
4426,3
9620,3
14257,3
5029,3
1071,3
6901,3
9550,3
3620,3
6514,3
9226,3
4644,3
11679,3
13383,3
7275,3
2299,3
6214,3
262,3
9182,3
4814,3
1736,3
3128,3
7244,3
1426,3
6338,3
5226,3
4750,3
9448,3
7277,3
12676,3
6821,3
1931,3
6577,3
8283,3
8260,3
10353,3
9153,3
6735,3
7115,3
8,3
13766,3
8743,3
1133,3
2016,3
1546,3
12428,3
7508,3
7010,3
4154,3
12769,3
4850,3
14386,3
8446,3
11278,3
3411,3
4925,3
1881,3
7573,3
11455,3
11012,3
13111,3
2519,3
8080,3
10698,3
5177,3
7273,3
8480,3
11604,3
10263,3
517,3
5244,3
12041,3
10213,3
5743,3
901,3
7445,3
3579,3
9409,3
3552,3
637,3
7618,3
4177,3
9204,3
11522,3
7872,3
2106,3
7268,3
3233,3
3237,3
1235,3
8638,3
5397,3
1884,3
7122,3
4294,3
4240,3
8276,3
4188,3
11854,3
4589,3
11867,3
9036,3
7471,3
4208,3
151,3
2820,3
4496,3
3871,3
13264,3
4643,3
12167,3
4587,3
8225,3
6310,3
10324,3
2351,3
8822,3
4162,3
3040,3
11481,3
5395,3
2238,3
7095,3
4041,3
10538,3
1154,3
4707,3
2108,3
1624,3
8075,3
5911,3
4675,3
2020,3
101,3
6486,3
4924,3
2413,3
5197,3
4071,3
6960,3
8089,3
2140,3
7522,3
2973,3
10098,3
3565,3
8479,3
6676,3
8682,3
2328,3
9910,3
1991,3
3156,3
13963,3
9769,3
3004,3
2530,3
7490,3
2006,3
7916,3
131,3
5906,3
1588,3
8507,3
584,3
6336,3
2399,3
10032,3
5252,3
10362,3
9458,3
6780,3
445,3
6762,3
5586,3
9979,3
1357,3
5520,3
5522,3
1449,3
2571,3
2849,3
10017,3
7457,3
6802,3
10729,3
7588,3
489,3
66,3
490,3
2615,3
7802,3
3903,3
2261,3
6442,3
918,3
10647,3
4112,3
6161,3
8041,3
12588,3
238,3
5133,3
4218,3
7135,3
11445,3
10534,3
1263,3
9559,3
6206,3
12129,3
8168,3
10652,3
7302,3
1819,3
12440,3
4276,3
10637,3
8287,3
6728,3
8934,3
896,3
6616,3
509,3
8683,3
10438,3
6479,3
1507,3
742,3
9588,3
12089,3
8310,3
318,3
1494,3
3323,3
731,3
8337,3
7345,3
12229,3
5923,3
8461,3
1837,3
13720,3
1093,3
386,3
7128,3
3931,3
10670,3
515,3
3697,3
5928,3
3873,3
4555,3
1252,3
11355,3
10576,3
4947,3
8820,3
8334,3
10885,3
7394,3
4447,3
8363,3
7709,3
82,3
7407,3
4596,3
9496,3
12147,3
10093,3
8941,3
2878,3
608,3
4133,3
8936,3
11605,3
6349,3
7212,3
4362,3
7423,3
9188,3
3568,3
7544,3
4503,3
8541,3
1145,3
3063,3
3412,3
11192,3
3663,3
3084,3
181,3
968,3
4918,3
9941,3
6418,3
8136,3
8375,3
6650,3
7470,3
9785,3
11087,3
11200,3
6760,3
1020,3
281,3
11296,3
11771,3
9621,3
4173,3
2192,3
5104,3
5856,3
1828,3
5389,3
7712,3
9398,3
3426,3
10780,3
3722,3
7790,3
10650,3
9520,3
6549,3
3747,3
9087,3
260,3
8670,3
13196,3
2003,3
3629,3
3143,3
6443,3
6630,3
7852,3
8086,3
1068,3
9564,3
147,3
7182,3
6444,3
11409,3
5862,3
7604,3
9880,3
14130,3
2989,3
9180,3
7778,3
1769,3
1384,3
14244,3
5513,3
1048,3
10979,3
7397,3
10549,3
13402,3
3693,3
2050,3
215,3
7117,3
6858,3
3688,3
8777,3
9365,3
7290,3
5626,3
4714,3
8362,3
5501,3
3961,3
8052,3
11607,3
10088,3
4345,3
2648,3
646,3
3817,3
27,3
1854,3
6588,3
9871,3
9422,3
11128,3
14184,3
4412,3
12774,3
12348,3
7105,3
5553,3
1551,3
10260,3
10016,3
1678,3
158,3
3157,3
3569,3
6489,3
6664,3
1089,3
2220,3
6560,3
8174,3
4961,3
11177,3
2783,3
8945,3
382,3
6999,3
187,3
8270,3
5382,3
2737,3
7981,3
5847,3
4486,3
7261,3
5345,3
356,3
12023,3
1031,3
9263,3
2846,3
3025,3
5479,3
5644,3
12231,3
6387,3
2444,3
751,3
6986,3
4664,3
7307,3
1995,3
1047,3
1537,3
9547,3
4045,3
3400,3
9735,3
2083,3
7187,3
8341,3
3974,3
2095,3
13928,3
8977,3
178,3
4355,3
10448,3
340,3
4693,3
13291,3
2137,3
3949,3
10450,3
11261,3
2318,3
7645,3
8775,3
11075,3
9649,3
11906,3
9438,3
11773,3
7889,3
7448,3
2560,3
8991,3
3257,3
8839,3
2155,3
1808,3
8207,3
3231,3
88,3
1856,3
4713,3
394,3
11040,3
7808,3
3755,3
11685,3
3779,3
11273,3
3536,3
8842,3
11486,3
2451,3
10786,3
3292,3
9370,3
8552,3
12812,3
998,3
6183,3
2433,3
12815,3
7242,3
1824,3
8818,3
7482,3
4462,3
1057,3
5976,3
2802,3
11175,3
11884,3
59,3
9073,3
6660,3
818,3
7352,3
1395,3
7703,3
6755,3
7478,3
1793,3
13509,3
9411,3
1481,3
8495,3
526,3
6982,3
6372,3
7878,3
4827,3
7935,3
3198,3
6153,3
6075,3
2688,3
5777,3
13095,3
8159,3
5166,3
145,3
8564,3
3441,3
4123,3
6564,3
8177,3
2093,3
8539,3
10291,3
1083,3
2507,3
4832,3
761,3
5427,3
11579,3
4301,3
11188,3
7308,3
6598,3
10735,3
8235,3
7163,3
2296,3
2866,3
3449,3
4645,3
10952,3
8933,3
4894,3
8322,3
6300,3
642,3
5771,3
1497,3
2469,3
6034,3
4793,3
6435,3
12855,3
6819,3
8161,3
2321,3
12502,3
2574,3
12191,3
5416,3
4309,3
4367,3
385,3
4788,3
991,3
6673,3
7320,3
7265,3
6604,3
6790,3
1467,3
3264,3
3622,3
949,3
6842,3
12543,3
5953,3
4110,3
6829,3
2624,3
7863,3
7291,3
2863,3
1434,3
3826,3
11314,3
8903,3
10510,3
12722,3
9402,3
3077,3
3641,3
4725,3
7220,3
1364,3
13367,3
8794,3
1266,3
1776,3
1399,3
2307,3
2590,3
243,3
4152,3
1036,3
7465,3
4125,3
5321,3
5205,3
488,3
8142,3
7481,3
3844,3
6527,3
5169,3
7502,3
1222,3
5152,3
12321,3
9714,3
8298,3
919,3
804,3
11287,3
8937,3
13810,3
8788,3
981,3
2994,3
1377,3
2432,3
7641,3
11180,3
9540,3
12590,3
12791,3
1822,3
3164,3
10321,3
8628,3
6073,3
6643,3
2161,3
1099,3
3193,3
5460,3
6720,3
1059,3
8617,3
6512,3
971,3
7829,3
3340,3
7475,3
546,3
603,3
6410,3
346,3
11118,3
11152,3
6203,3
2876,3
451,3
11891,3
4601,3
3448,3
2793,3
2139,3
1840,3
1417,3
7127,3
1697,3
8954,3
547,3
7406,3
174,3
7615,3
4116,3
12883,3
4493,3
9051,3
13805,3
2105,3
5026,3
8623,3
6807,3
7867,3
4027,3
14443,3
8189,3
1557,3
334,3
11082,3
2063,3
7871,3
7534,3
10239,3
219,3
762,3
3493,3
10023,3
6012,3
3475,3
5380,3
5583,3
626,3
1879,3
3919,3
3686,3
7902,3
4115,3
2643,3
6208,3
13214,3
4795,3
653,3
8320,3
3469,3
11920,3
7625,3
2503,3
8710,3
12743,3
5560,3
35,3
8044,3
5697,3
2466,3
1531,3
7264,3
727,3
9636,3
9068,3
5281,3
8213,3
7870,3
2062,3
8909,3
12933,3
5750,3
856,3
2758,3
9353,3
8854,3
3433,3
2,3
2374,3
7650,3
1462,3
12254,3
9919,3
5615,3
9862,3
10483,3
11753,3
9343,3
709,3
13203,3
7193,3
4668,3
11860,3
117,3
5813,3
4434,3
658,3
2029,3
5289,3
1392,3
8655,3
10776,3
823,3
6885,3
5990,3
7803,3
10408,3
11734,3
9304,3
5509,3
8278,3
1116,3
2401,3
14325,3
7000,3
6723,3
3286,3
486,3
12430,3
8377,3
13009,3
850,3
4772,3
8179,3
665,3
13202,3
5866,3
8632,3
10135,3
1328,3
13327,3
6233,3
10977,3
11904,3
10486,3
5089,3
8915,3
6669,3
3522,3
6804,3
4635,3
8537,3
2891,3
4453,3
8878,3
2854,3
12759,3
1526,3
9904,3
2303,3
10595,3
11151,3
2779,3
2304,3
6261,3
1893,3
1351,3
2378,3
752,3
12647,3
5669,3
8931,3
4514,3
1877,3
664,3
12570,3
2114,3
11375,3
6126,3
2604,3
9743,3
3556,3
13380,3
9902,3
6949,3
9461,3
1686,3
6462,3
7318,3
4464,3
6195,3
12220,3
7428,3
4604,3
1536,3
1754,3
375,3
5288,3
9974,3
4085,3
8237,3
4739,3
3594,3
9096,3
10795,3
4360,3
11162,3
9751,3
4481,3
4853,3
8234,3
6930,3
10262,3
7895,3
10090,3
10884,3
1920,3
1233,3
13378,3
1663,3
7087,3
1731,3
3704,3
439,3
11511,3
7058,3
119,3
430,3
2217,3
4505,3
8097,3
6341,3
1691,3
4067,3
7162,3
6888,3
7729,3
10610,3
2832,3
11503,3
4817,3
6404,3
8641,3
5511,3
9516,3
7426,3
5886,3
11667,3
7379,3
6453,3
11999,3
6411,3
9019,3
10513,3
7976,3
7731,3
12046,3
6711,3
13801,3
5010,3
6636,3
7843,3
4249,3
6545,3
6882,3
5068,3
6575,3
2646,3
2283,3
13337,3
7920,3
8896,3
5608,3
3797,3
4550,3
7297,3
2744,3
9729,3
7289,3
4917,3
10567,3
321,3
5581,3
5766,3
159,3
5518,3
12166,3
4015,3
1182,3
171,3
6504,3
10649,3
652,3
4171,3
139,3
2510,3
8005,3
1457,3
2210,3
4147,3
8069,3
13241,3
5273,3
2726,3
1559,3
2475,3
3935,3
11095,3
6920,3
4510,3
9035,3
4764,3
1598,3
8644,3
9015,3
4356,3
3274,3
3521,3
7180,3
8094,3
6318,3
8519,3
434,3
1785,3
8379,3
14654,3
11334,3
2224,3
465,3
6754,3
3998,3
11883,3
9094,3
5677,3
13878,3
6505,3
8061,3
13174,3
12059,3
4086,3
1383,3
1642,3
5251,3
3763,3
3096,3
1130,3
6503,3
8556,3
1163,3
1765,3
4037,3
3990,3
4930,3
4353,3
1271,3
9707,3
4197,3
14200,3
14098,3
2250,3
11460,3
2524,3
8028,3
4530,3
7196,3
12277,3
6957,3
3615,3
5641,3
1643,3
5798,3
3485,3
7792,3
4618,3
6050,3
11688,3
10874,3
1833,3
7033,3
12665,3
283,3
4880,3
3866,3
1391,3
9046,3
5161,3
1487,3
7987,3
8145,3
10617,3
7864,3
8453,3
4497,3
1153,3
1413,3
8303,3
13097,3
1594,3
3607,3
11348,3
9945,3
3655,3
5992,3
1694,3
970,3
8702,3
1757,3
4384,3
11781,3
7667,3
2776,3
4958,3
1468,3
5628,3
3053,3
1137,3
8970,3
13637,3
5008,3
6601,3
12135,3
6004,3
2889,3
3894,3
5215,3
10564,3
13422,3
3397,3
13796,3
6353,3
9861,3
7798,3
211,3
5960,3
4619,3
14222,3
4467,3
4761,3
118,3
10964,3
2765,3
12361,3
11140,3
1851,3
737,3
10629,3
5668,3
12628,3
617,3
3642,3
13807,3
5565,3
11710,3
3573,3
568,3
9671,3
7253,3
3477,3
6398,3
2721,3
4305,3
3837,3
1178,3
570,3
4295,3
7596,3
3526,3
4160,3
1502,3
10678,3
7433,3
4181,3
1485,3
4584,3
12136,3
3823,3
2555,3
775,3
5458,3
5543,3
11600,3
2407,3
5676,3
7304,3
4057,3
10946,3
10308,3
3399,3
5072,3
5889,3
1256,3
5148,3
7460,3
14435,3
11449,3
3100,3
7627,3
6008,3
8357,3
868,3
3158,3
3423,3
2347,3
1580,3
4512,3
7323,3
8582,3
5532,3
8828,3
2048,3
268,3
3956,3
8226,3
227,3
11595,3
11088,3
3497,3
5649,3
822,3
2663,3
4569,3
9,3
3083,3
10573,3
9178,3
11008,3
1197,3
6609,3
13194,3
6174,3
5714,3
6567,3
13036,3
6430,3
1239,3
6452,3
2941,3
630,3
8763,3
874,3
2732,3
3197,3
3640,3
10867,3
3776,3
638,3
2131,3
4450,3
5476,3
540,3
2976,3
1918,3
12503,3
2352,3
6446,3
2724,3
7612,3
7310,3
1898,3
9949,3
7813,3
366,3
2985,3
7019,3
5638,3
7250,3
9954,3
12475,3
11309,3
5984,3
2059,3
993,3
5651,3
7591,3
7377,3
3194,3
3416,3
1132,3
12776,3
1184,3
46,3
4592,3
14020,3
9807,3
5271,3
8279,3
3110,3
6168,3
11374,3
1488,3
5134,3
1084,3
7449,3
10113,3
3227,3
279,3
4331,3
10792,3
11322,3
6054,3
7590,3
7256,3
4537,3
3927,3
1597,3
4597,3
12772,3
10688,3
11560,3
7586,3
9721,3
10901,3
6143,3
3685,3
10065,3
9738,3
13893,3
9132,3
10537,3
10810,3
4541,3
14129,3
4945,3
1704,3
6608,3
7511,3
11126,3
3229,3
7505,3
3818,3
12410,3
558,3
6384,3
13087,3
12787,3
429,3
4038,3
4963,3
8301,3
13201,3
5670,3
11509,3
9752,3
8150,3
6107,3
6230,3
4862,3
2450,3
12402,3
11629,3
6406,3
1193,3
3563,3
7549,3
2459,3
11448,3
4371,3
189,3
6323,3
10641,3
5517,3
2349,3
7724,3
3751,3
9851,3
7147,3
14278,3
12547,3
2584,3
12864,3
13345,3
3896,3
3882,3
3566,3
677,3
8584,3
204,3
12626,3
4613,3
9183,3
8262,3
5519,3
5098,3
4562,3
6364,3
2825,3
11104,3
3539,3
541,3
1198,3
4400,3
10684,3
14487,3
8259,3
3774,3
9017,3
4044,3
3452,3
13047,3
4051,3
9503,3
3345,3
5113,3
8955,3
6578,3
863,3
8088,3
10110,3
5346,3
4290,3
2228,3
2582,3
9360,3
10480,3
10259,3
4053,3
9278,3
9994,3
4551,3
8242,3
7202,3
8068,3
8381,3
13743,3
3078,3
3010,3
4633,3
9115,3
9024,3
4948,3
7550,3
2282,3
11413,3
4137,3
7037,3
11513,3
6702,3
8795,3
9532,3
1474,3
8529,3
1496,3
8807,3
4272,3
13256,3
9792,3
11359,3
9628,3
3832,3
1075,3
13081,3
3571,3
6625,3
632,3
10917,3
1220,3
2454,3
4973,3
13843,3
3547,3
3038,3
6945,3
1232,3
13101,3
7740,3
7488,3
2838,3
10550,3
8339,3
6814,3
3307,3
1627,3
11019,3
1948,3
977,3
6292,3
2085,3
7716,3
9325,3
10630,3
5894,3
525,3
11956,3
13250,3
14211,3
10231,3
4119,3
5006,3
2794,3
7492,3
1723,3
7762,3
109,3
4248,3
4430,3
11444,3
3203,3
8925,3
126,3
8414,3
10746,3
6783,3
3773,3
1058,3
1440,3
11343,3
13239,3
9447,3
13616,3
12363,3
3561,3
9452,3
713,3
6459,3
3532,3
4710,3
8087,3
841,3
3574,3
7982,3
3327,3
9533,3
5996,3
8486,3
8929,3
9228,3
8577,3
2739,3
55,3
10927,3
2117,3
12442,3
9105,3
4892,3
6067,3
5316,3
2376,3
10655,3
12138,3
2008,3
7027,3
4127,3
9238,3
6573,3
8490,3
4631,3
10145,3
6114,3
12581,3
11726,3
8978,3
10514,3
5978,3
7556,3
8928,3
7149,3
12104,3
2455,3
1956,3
13089,3
5128,3
10825,3
10491,3
4424,3
12222,3
6536,3
8952,3
13191,3
9222,3
8709,3
7962,3
819,3
10934,3
769,3
50,3
14375,3
7622,3
5101,3
1865,3
9990,3
6523,3
11150,3
7190,3
4811,3
7043,3
4913,3
2040,3
10957,3
5245,3
9972,3
6429,3
2436,3
840,3
1722,3
11746,3
7754,3
9973,3
4567,3
8420,3
13654,3
9274,3
1541,3
6432,3
11659,3
5140,3
1791,3
7022,3
3508,3
5071,3
10069,3
3700,3
8810,3
1375,3
8194,3
7947,3
10586,3
7063,3
264,3
13090,3
7841,3
5444,3
943,3
11077,3
883,3
5729,3
5800,3
5919,3
8330,3
9246,3
3778,3
10010,3
2939,3
2958,3
1246,3
9092,3
4492,3
9473,3
6828,3
10851,3
203,3
5654,3
12137,3
2751,3
1158,3
12612,3
8353,3
2332,3
6425,3
5291,3
7782,3
4998,3
11,3
7365,3
2966,3
9139,3
2928,3
9805,3
678,3
34,3
11880,3
8340,3
6546,3
773,3
10220,3
8077,3
5926,3
591,3
8335,3
2705,3
13735,3
8384,3
1140,3
6713,3
8548,3
297,3
8596,3
7998,3
7378,3
8974,3
13205,3
3644,3
10803,3
5221,3
1113,3
2232,3
461,3
323,3
6817,3
11589,3
9009,3
8129,3
4055,3
5773,3
5747,3
6222,3
4364,3
9387,3
2651,3
354,3
9798,3
12941,3
12300,3
5354,3
2836,3
6710,3
14251,3
8988,3
4165,3
8589,3
10020,3
2548,3
11900,3
5268,3
722,3
2813,3
370,3
10128,3
12808,3
6419,3
8690,3
8431,3
5069,3
9998,3
1574,3
7387,3
1343,3
3617,3
9206,3
3550,3
8493,3
1932,3
6472,3
8755,3
6294,3
902,3
96,3
7961,3
676,3
8918,3
1922,3
6655,3
5875,3
8669,3
7743,3
61,3
6719,3
12278,3
6366,3
5335,3
4113,3
518,3
7509,3
43,3
8762,3
3027,3
5497,3
5956,3
3701,3
12384,3
3299,3
2146,3
7375,3
6769,3
56,3
9203,3
477,3
10730,3
1656,3
5075,3
3864,3
2239,3
11103,3
9247,3
4069,3
2189,3
12524,3
10732,3
8746,3
7832,3
217,3
8155,3
1267,3
5717,3
3386,3
5401,3
10338,3
7924,3
1355,3
9867,3
3230,3
11798,3
4759,3
347,3
5702,3
10833,3
4039,3
3407,3
4168,3
8496,3
4291,3
9425,3
9853,3
4684,3
11271,3
2359,3
7071,3
5349,3
6718,3
3893,3
2809,3
7468,3
300,3
735,3
6053,3
12456,3
3066,3
9148,3
8881,3
47,3
9700,3
8250,3
3863,3
10068,3
5587,3
7197,3
1359,3
7594,3
11922,3
2515,3
956,3
4806,3
8917,3
7469,3
10756,3
6951,3
1894,3
3160,3
4324,3
1159,3
9118,3
5062,3
2441,3
2843,3
12917,3
5224,3
4622,3
11669,3
5614,3
7414,3
10580,3
9384,3
2529,3
8216,3
4135,3
2621,3
1915,3
13780,3
8156,3
13236,3
3310,3
10095,3
2675,3
8684,3
11237,3
4871,3
10923,3
132,3
8643,3
11508,3
5618,3
4665,3
5765,3
8932,3
5353,3
7926,3
13942,3
7153,3
3428,3
3969,3
1719,3
149,3
10664,3
10588,3
14281,3
3665,3
14303,3
8254,3
10423,3
8404,3
5973,3
156,3
10985,3
3076,3
9877,3
4824,3
9466,3
154,3
1482,3
8739,3
13141,3
9085,3
9760,3
9401,3
9127,3
2606,3
3234,3
4182,3
3495,3
13379,3
8606,3
12598,3
3621,3
13273,3
8476,3
7869,3
909,3
13587,3
9720,3
5157,3
12529,3
2855,3
666,3
780,3
90,3
2709,3
5079,3
7341,3
11068,3
10704,3
8124,3
5097,3
13139,3
877,3
2333,3
13760,3
12100,3
8040,3
4190,3
12655,3
5485,3
11277,3
9901,3
5689,3
4167,3
1968,3
376,3
10255,3
1558,3
2362,3
5599,3
2214,3
10830,3
10879,3
471,3
7881,3
5698,3
4075,3
11022,3
3049,3
11010,3
7973,3
14324,3
5328,3
5411,3
2391,3
11793,3
2086,3
41,3
1303,3
474,3
11935,3
7661,3
1419,3
1695,3
8769,3
7956,3
11069,3
1298,3
8527,3
6023,3
261,3
7266,3
12658,3
9124,3
1486,3
2655,3
5966,3
3741,3
5114,3
10526,3
6717,3
5736,3
5087,3
13147,3
12889,3
10991,3
2778,3
6652,3
2586,3
201,3
2128,3
2513,3
1668,3
3069,3
6178,3
13554,3
7548,3
6393,3
4341,3
1324,3
6290,3
8358,3
10241,3
54,3
6583,3
3013,3
534,3
6005,3
10889,3
7717,3
9110,3
1478,3
1750,3
9049,3
2364,3
4839,3
12127,3
2901,3
3572,3
9093,3
4220,3
3660,3
11661,3
2463,3
4061,3
6440,3
3634,3
4278,3
284,3
11324,3
5448,3
5364,3
910,3
13560,3
179,3
7672,3
8071,3
11405,3
5088,3
9467,3
2501,3
7960,3
6319,3
3362,3
12826,3
440,3
14039,3
13603,3
1885,3
11422,3
8376,3
8487,3
3926,3
7390,3
12076,3
1044,3
6302,3
14680,3
6934,3
3444,3
8016,3
5834,3
4735,3
4444,3
1284,3
790,3
8236,3
2518,3
6590,3
12756,3
9294,3
1317,3
6751,3
1666,3
13134,3
6163,3
11636,3
3431,3
4785,3
10817,3
8102,3
9348,3
9619,3
6786,3
13553,3
5721,3
12238,3
11609,3
305,3
2160,3
4989,3
4672,3
8737,3
5331,3
10197,3
3814,3
7003,3
3828,3
6900,3
1286,3
11592,3
13561,3
7601,3
9860,3
11693,3
8602,3
9933,3
11921,3
10898,3
400,3
7159,3
3213,3
2569,3
6038,3
940,3
350,3
1766,3
5206,3
5483,3
9788,3
11616,3
757,3
2115,3
4233,3
5438,3
1653,3
1900,3
6705,3
2734,3
11059,3
10487,3
12264,3
1873,3
1433,3
11510,3
9284,3
8611,3
13531,3
1891,3
13161,3
6361,3
11110,3
415,3
5015,3
8081,3
7146,3
1139,3
2638,3
12088,3
8364,3
5912,3
12693,3
3887,3
4758,3
8251,3
12394,3
4697,3
8162,3
9383,3
228,3
4130,3
11807,3
10397,3
14018,3
11276,3
6160,3
4229,3
3786,3
13939,3
1128,3
2908,3
2576,3
10012,3
11122,3
8677,3
13225,3
10962,3
1213,3
1830,3
8395,3
13247,3
9310,3
3064,3
6250,3
8951,3
1511,3
3543,3
1306,3
10363,3
5131,3
14293,3
2125,3
173,3
4296,3
10035,3
5407,3
315,3
7292,3
7031,3
5780,3
2081,3
9538,3
9075,3
952,3
9757,3
7155,3
13287,3
4144,3
5260,3
4919,3
3276,3
3512,3
1949,3
5481,3
11557,3
11249,3
10553,3
5737,3
225,3
10080,3
4427,3
8224,3
6100,3
8434,3
2251,3
9598,3
6191,3
7247,3
503,3
6506,3
7631,3
6872,3
783,3
2129,3
12667,3
7444,3
512,3
1499,3
5768,3
1999,3
1749,3
13135,3
4225,3
10924,3
5850,3
5674,3
10307,3
172,3
905,3
7651,3
9066,3
5786,3
7879,3
14284,3
5056,3
7734,3
12232,3
6764,3
5181,3
2024,3
8085,3
6580,3
10125,3
13678,3
12642,3
13472,3
6079,3
2190,3
7570,3
7897,3
2035,3
4109,3
8861,3
5658,3
8629,3
10506,3
10183,3
7035,3
2999,3
1533,3
4607,3
6027,3
6239,3
3502,3
3298,3
6244,3
6048,3
4545,3
12354,3
11601,3
978,3
6633,3
7140,3
6337,3
3460,3
8526,3
7138,3
5933,3
3251,3
2869,3
9233,3
8285,3
9828,3
1466,3
9361,3
2130,3
4576,3
5683,3
1684,3
4639,3
5578,3
5958,3
2298,3
7592,3
4216,3
3043,3
10790,3
3597,3
416,3
8695,3
6931,3
6010,3
7224,3
2978,3
12170,3
3944,3
1712,3
4753,3
13300,3
749,3
8266,3
2316,3
2268,3
2311,3
4507,3
712,3
4743,3
8233,3
13325,3
5817,3
6321,3
136,3
2107,3
2969,3
6325,3
10570,3
3124,3
14298,3
3635,3
1625,3
1989,3
1650,3
9517,3
3924,3
7145,3
11441,3
8852,3
12922,3
7458,3
9257,3
3300,3
487,3
6623,3
8011,3
9301,3
3022,3
2614,3
4751,3
4398,3
1901,3
338,3
925,3
7620,3
7477,3
7020,3
13023,3
384,3
6965,3
6011,3
748,3
10899,3
5233,3
13920,3
4531,3
10890,3
8019,3
6263,3
2558,3
1141,3
597,3
908,3
1200,3
9977,3
5536,3
739,3
1710,3
8455,3
5836,3
6184,3
12514,3
6219,3
4271,3
6258,3
4429,3
9718,3
2478,3
1503,3
11134,3
9942,3
3414,3
13592,3
6832,3
3567,3
8380,3
10663,3
12646,3
10723,3
290,3
13623,3
11288,3
8805,3
5746,3
9750,3
2808,3
7786,3
10592,3
1411,3
3562,3
2992,3
5125,3
9032,3
3255,3
6312,3
5301,3
8727,3
8305,3
8370,3
5371,3
10804,3
6571,3
8466,3
7885,3
36,3
4804,3
1664,3
2167,3
13919,3
2998,3
11681,3
1739,3
12223,3
3167,3
1451,3
5219,3
209,3
4792,3
1887,3
12250,3
6157,3
9635,3
10929,3
11289,3
6576,3
2587,3
8574,3
6941,3
853,3
12858,3
3123,3
5753,3
14311,3
78,3
8199,3
10720,3
8924,3
10528,3
4559,3
2895,3
1934,3
3023,3
4283,3
2581,3
9876,3
6085,3
6256,3
4092,3
12566,3
8017,3
6463,3
13016,3
9392,3
12913,3
10653,3
567,3
4157,3
8956,3
4996,3
1692,3
4445,3
2657,3
2848,3
7222,3
5334,3
12666,3
12639,3
2747,3
11538,3
11848,3
8039,3
327,3
9389,3
3478,3
580,3
9911,3
2696,3
11966,3
8594,3
8314,3
9086,3
4504,3
6403,3
4101,3
11543,3
10118,3
5162,3
4626,3
7151,3
1119,3
8103,3
673,3
10708,3
7024,3
1100,3
13467,3
1382,3
2278,3
13243,3
7314,3
4178,3
5510,3
5667,3
9905,3
983,3
982,3
4032,3
2636,3
7787,3
2274,3
867,3
1268,3
6775,3
4438,3
13527,3
4580,3
3271,3
6327,3
10597,3
12593,3
4911,3
4474,3
8815,3
4146,3
1054,3
7333,3
12709,3
14673,3
9852,3
13497,3
4293,3
64,3
13012,3
1067,3
9653,3
9060,3
3551,3
8176,3
4441,3
3673,3
3631,3
9434,3
7487,3
2819,3
5110,3
4494,3
6192,3
8459,3
9020,3
2036,3
1414,3
9004,3
8673,3
10131,3
3302,3
12564,3
357,3
14196,3
5811,3
11119,3
5083,3
14467,3
6679,3
8407,3
5606,3
2677,3
1909,3
1475,3
1060,3
519,3
6223,3
6721,3
6626,3
1721,3
8008,3
13268,3
11473,3
7693,3
3210,3
2934,3
4287,3
4612,3
9138,3
11320,3
4325,3
9577,3
2460,3
2810,3
3374,3
4089,3
8078,3
13691,3
6186,3
1974,3
4843,3
4128,3
1034,3
3348,3
7437,3
2368,3
9840,3
3801,3
8467,3
5694,3
946,3
5074,3
3995,3
5795,3
3371,3
7582,3
9822,3
4397,3
14716,3
582,3
5323,3
8346,3
8349,3
9824,3
11598,3
14553,3
5806,3
716,3
5034,3
5718,3
674,3
1917,3
4437,3
10195,3
11666,3
5355,3
3537,3
2076,3
4941,3
4011,3
2305,3
4006,3
11025,3
4689,3
12036,3
13346,3
809,3
9869,3
10967,3
4698,3
11107,3
10609,3
1199,3
3035,3
4373,3
6770,3
7014,3
8392,3
8070,3
3165,3
8261,3
2462,3
10702,3
11858,3
3717,3
9378,3
9134,3
8272,3
8659,3
6377,3
7737,3
11563,3
11941,3
4269,3
2857,3
4524,3
7719,3
1906,3
1581,3
1659,3
6080,3
7686,3
3032,3
5434,3
9322,3
4869,3
11887,3
2637,3
1807,3
11294,3
961,3
5119,3
8116,3
3830,3
6939,3
4874,3
6871,3
4288,3
11721,3
2411,3
7073,3
12154,3
4120,3
71,3
3342,3
4302,3
5366,3
3180,3
5046,3
3041,3
9592,3
7892,3
8183,3
13506,3
5598,3
2772,3
6309,3
9013,3
12681,3
5127,3
183,3
6841,3
11452,3
6061,3
5283,3
4868,3
7344,3
10822,3
12350,3
6417,3
6556,3
8532,3
4629,3
8542,3
2439,3
2112,3
6347,3
6049,3
2330,3
6860,3
11886,3
13764,3
8397,3
11707,3
9366,3
3531,3
6209,3
2766,3
8895,3
1458,3
1445,3
11305,3
7850,3
14403,3
4552,3
2660,3
5302,3
6991,3
6891,3
4473,3
2731,3
10883,3
306,3
410,3
1683,3
5871,3
4080,3
6997,3
8907,3
1913,3
9211,3
7044,3
5475,3
797,3
3090,3
421,3
10703,3
6818,3
6892,3
12501,3
12541,3
4018,3
768,3
13279,3
7939,3
9825,3
11035,3
12975,3
4571,3
886,3
1195,3
6177,3
2516,3
58,3
206,3
10178,3
13215,3
6235,3
8565,3
12992,3
7045,3
4931,3
6441,3
8674,3
2088,3
22,3
1160,3
5417,3
7608,3
13394,3
5337,3
4007,3
5175,3
12466,3
3938,3
6963,3
2699,3
2600,3
1479,3
3461,3
3564,3
9794,3
12097,3
4692,3
4457,3
10840,3
3134,3
4677,3
7008,3
10948,3
3021,3
13605,3
2804,3
12891,3
7748,3
2265,3
11846,3
3999,3
1393,3
10361,3
4359,3
7154,3
785,3
1570,3
5022,3
5574,3
7681,3
1939,3
3970,3
1450,3
4279,3
8257,3
3756,3
1703,3
7797,3
11964,3
8058,3
2181,3
9758,3
5882,3
8707,3
8055,3
1573,3
3179,3
8166,3
12657,3
1489,3
8510,3
2388,3
1437,3
4329,3
5778,3
7485,3
3982,3
2096,3
12172,3
2231,3
13168,3
69,3
5135,3
4064,3
269,3
5843,3
1770,3
933,3
1525,3
3467,3
9270,3
958,3
4059,3
13884,3
12095,3
8452,3
3911,3
9099,3
7271,3
3676,3
7358,3
10211,3
14236,3
5983,3
2874,3
7350,3
11728,3
4851,3
11790,3
3068,3
14,3
3287,3
9874,3
2043,3
9253,3
11054,3
11914,3
1105,3
5822,3
8999,3
3940,3
11801,3
6667,3
5527,3
2054,3
7048,3
5000,3
6180,3
4646,3
11258,3
2781,3
12093,3
10490,3
10282,3
854,3
2052,3
2567,3
2816,3
6596,3
7701,3
7721,3
2937,3
359,3
7551,3
6681,3
11459,3
1985,3
14137,3
11924,3
3239,3
7177,3
527,3
11243,3
5216,3
4203,3
3235,3
3947,3
11133,3
14264,3
8551,3
102,3
13015,3
11960,3
7405,3
9920,3
1314,3
3092,3
9088,3
1138,3
1108,3
3395,3
624,3
10138,3
199,3
10706,3
3334,3
1260,3
67,3
2798,3
11979,3
7348,3
312,3
9186,3
887,3
1007,3
9265,3
6875,3
1327,3
7688,3
9344,3
8158,3
5225,3
4175,3
11136,3
9481,3
2405,3
16,3
988,3
5496,3
4527,3
7959,3
5884,3
7094,3
5506,3
9677,3
6691,3
7730,3
7322,3
4685,3
1889,3
3503,3
12773,3
2642,3
7663,3
5584,3
6253,3
6139,3
5559,3
11606,3
1270,3
11223,3
8605,3
6653,3
5305,3
9331,3
10522,3
12705,3
7533,3
2573,3
6402,3
7331,3
3737,3
8721,3
14735,3
8694,3
5017,3
8841,3
2797,3
6537,3
4316,3
426,3
5734,3
4379,3
2800,3
5393,3
520,3
4803,3
7084,3
3589,3
601,3
9897,3
8728,3
2963,3
13880,3
1632,3
12561,3
10086,3
8833,3
2186,3
10709,3
8790,3
2091,3
1066,3
2100,3
4191,3
2156,3
8101,3
7994,3
7285,3
4003,3
257,3
11819,3
7046,3
8688,3
3709,3
8776,3
12754,3
4518,3
10160,3
6390,3
8418,3
7453,3
8979,3
6147,3
8457,3
13715,3
8980,3
7364,3
7269,3
2830,3
7526,3
10928,3
5779,3
3333,3
7385,3
3127,3
3500,3
6559,3
513,3
2302,3
9251,3
11876,3
6835,3
11555,3
6059,3
502,3
1305,3
7800,3
3849,3
2818,3
11127,3
8331,3
9043,3
8252,3
2165,3
9280,3
7451,3
3147,3
1814,3
3079,3
1490,3
9442,3
4896,3
6971,3
4010,3
10106,3
9992,3
3575,3
9965,3
4799,3
7057,3
1394,3
10763,3
1935,3
5539,3
9599,3
3559,3
7236,3
2215,3
8327,3
3906,3
9627,3
6816,3
13003,3
1630,3
6330,3
301,3
4002,3
6449,3
5247,3
12353,3
1111,3
912,3
6015,3
11038,3
2538,3
5480,3
5495,3
839,3
13711,3
5845,3
6977,3
3000,3
2403,3
12545,3
7165,3
5715,3
4211,3
233,3
9832,3
5588,3
13001,3
10623,3
7603,3
5408,3
7845,3
6077,3
5144,3
3546,3
6732,3
8503,3
3978,3
8711,3
11427,3
3106,3
3065,3
2644,3
9454,3
7927,3
5477,3
1762,3
6746,3
2266,3
1361,3
3098,3
6921,3
3915,3
6105,3
4548,3
7817,3
6767,3
7906,3
622,3
7061,3
11871,3
414,3
6057,3
7315,3
6597,3
14192,3
11474,3
11482,3
12781,3
1971,3
8708,3
6237,3
10750,3
8877,3
10620,3
7637,3
3337,3
12614,3
1453,3
4836,3
1319,3
4679,3
2134,3
3544,3
5126,3
3506,3
837,3
13393,3
10167,3
8697,3
11660,3
12513,3
3293,3
4332,3
8399,3
6594,3
2094,3
6622,3
9021,3
5764,3
5961,3
4124,3
81,3
3930,3
10341,3
4033,3
7100,3
9969,3
6585,3
4476,3
11937,3
5462,3
12252,3
188,3
7617,3
6968,3
1415,3
11502,3
10841,3
1369,3
1660,3
8731,3
5375,3
7949,3
5659,3
11116,3
5339,3
4810,3
3363,3
2099,3
8759,3
8871,3
80,3
729,3
13083,3
507,3
4308,3
3192,3
428,3
5592,3
1726,3
6787,3
3638,3
7780,3
5879,3
7689,3
1605,3
10061,3
6401,3
10509,3
7274,3
2184,3
2225,3
7298,3
3847,3
11302,3
7137,3
3719,3
1699,3
6445,3
4253,3
12031,3
12310,3
959,3
8210,3
4056,3
1902,3
3149,3
4625,3
7638,3
12358,3
2917,3
1181,3
5040,3
842,3
12507,3
2292,3
2977,3
4001,3
8205,3
6002,3
4846,3
10042,3
815,3
10476,3
2269,3
6141,3
964,3
2356,3
6099,3
10163,3
5613,3
4270,3
4372,3
5713,3
8734,3
8603,3
8456,3
2774,3
4543,3
12725,3
7772,3
12070,3
6917,3
12989,3
9227,3
928,3
4194,3
9202,3
8987,3
957,3
9638,3
5970,3
1204,3
3772,3
8222,3
3284,3
13642,3
4671,3
7240,3
11490,3
7464,3
2687,3
4805,3
13625,3
8982,3
11514,3
8284,3
2172,3
13230,3
3220,3
3209,3
12729,3
511,3
9777,3
5745,3
113,3
5849,3
1998,3
1638,3
5461,3
11083,3
4515,3
955,3
11901,3
9236,3
802,3
9016,3
3394,3
5267,3
11336,3
9443,3
7838,3
11301,3
4902,3
11100,3
3103,3
6621,3
4326,3
6836,3
12735,3
8962,3
2811,3
6903,3
10980,3
11013,3
2044,3
7763,3
8935,3
7553,3
10192,3
417,3
7270,3
9126,3
6039,3
4126,3
12750,3
9221,3
3799,3
8681,3
4078,3
6800,3
1735,3
5457,3
4949,3
2464,3
8436,3
5141,3
11844,3
4760,3
4328,3
6456,3
8417,3
310,3
5179,3
176,3
6788,3
13024,3
10087,3
2353,3
1378,3
7416,3
4415,3
5793,3
12451,3
2730,3
1218,3
9736,3
13466,3
6635,3
13979,3
8411,3
8484,3
7752,3
6701,3
1926,3
771,3
5045,3
719,3
5577,3
721,3
438,3
6639,3
11032,3
3909,3
6820,3
12121,3
1085,3
4317,3
11485,3
431,3
7148,3
8460,3
8076,3
500,3
995,3
7504,3
12481,3
5566,3
1079,3
5758,3
11209,3
2668,3
11366,3
11171,3
8703,3
4183,3
107,3
2852,3
7223,3
7110,3
4712,3
5037,3
3745,3
3606,3
8095,3
5870,3
3206,3
3570,3
2426,3
6996,3
4821,3
6029,3
1023,3
8092,3
1114,3
3679,3
5913,3
443,3
3061,3
12579,3
2842,3
3141,3
5646,3
12027,3
14331,3
1747,3
3694,3
6301,3
1207,3
1027,3
11626,3
5772,3
1674,3
7814,3
4549,3
13892,3
5360,3
7749,3
3614,3
6876,3
397,3
256,3
2315,3
8665,3
11785,3
10495,3
177,3
4536,3
12920,3
1616,3
4796,3
4198,3
590,3
5939,3
5851,3
3509,3
2722,3
8406,3
8197,3
9872,3
10115,3
2384,3
4822,3
7028,3
5949,3
14089,3
8819,3
1582,3
6763,3
2597,3
9415,3
5722,3
5201,3
2612,3
3370,3
11351,3
844,3
12622,3
9932,3
143,3
2911,3
13903,3
3653,3
8723,3
4703,3
2920,3
11345,3
505,3
4263,3
5681,3
7784,3
9269,3
13763,3
4893,3
3405,3
6644,3
3957,3
8768,3
4176,3
425,3
9921,3
1293,3
5049,3
4368,3
2297,3
11406,3
372,3
6095,3
843,3
7923,3
3856,3
4409,3
8002,3
5142,3
2900,3
1516,3
7649,3
7108,3
9934,3
18,3
5915,3
14813,3
1544,3
7246,3
6831,3
8558,3
7925,3
6115,3
12804,3
672,3
701,3
10432,3
9256,3
8604,3
8309,3
7079,3
5013,3
4574,3
2019,3
11182,3
12630,3
3576,3
1755,3
3319,3
10364,3
2118,3
3892,3
13960,3
6276,3
7621,3
8713,3
8372,3
2868,3
2291,3
875,3
10918,3
10697,3
8195,3
6791,3
2502,3
5096,3
7088,3
6840,3
1454,3
8736,3
4624,3
3662,3
13072,3
6827,3
7263,3
8122,3
4890,3
208,3
5293,3
12396,3
6210,3
1773,3
8239,3
1255,3
8138,3
13938,3
13365,3
9377,3
1978,3
8614,3
14333,3
10414,3
3314,3
8169,3
6631,3
9471,3
7704,3
4873,3
9488,3
13573,3
3301,3
12219,3
6692,3
2755,3
11962,3
6093,3
9102,3
2187,3
3671,3
14134,3
9067,3
5710,3
10030,3
4008,3
8875,3
6474,3
5492,3
6967,3
6367,3
2568,3
10311,3
6482,3
6867,3
11464,3
7415,3
9380,3
6343,3
7948,3
6904,3
9802,3
8837,3
2221,3
3009,3
13052,3
13669,3
3684,3
1904,3
7443,3
14003,3
10146,3
12436,3
2127,3
10541,3
8550,3
6646,3
9652,3
9491,3
12863,3
4525,3
6726,3
8846,3
9665,3
2037,3
12782,3
663,3
4847,3
4844,3
522,3
5910,3
6481,3
2027,3
7374,3
3910,3
4997,3
13502,3
3402,3
7254,3
9056,3
1333,3
730,3
5396,3
304,3
4660,3
13997,3
10996,3
6543,3
11980,3
162,3
6984,3
6065,3
3291,3
2473,3
21,3
2267,3
13643,3
5466,3
4611,3
12707,3
8830,3
12934,3
2955,3
3581,3
13676,3
2212,3
7120,3
2706,3
5390,3
10412,3
272,3
11612,3
763,3
14873,3
13757,3
5284,3
5112,3
10409,3
1265,3
12797,3
5469,3
10000,3
11346,3
5092,3
882,3
890,3
10418,3
7938,3
5634,3
974,3
9296,3
5130,3
7530,3
4337,3
12014,3
8687,3
10950,3
5704,3
636,3
14094,3
10174,3
6045,3
6264,3
5324,3
1009,3
3789,3
12970,3
3270,3
6197,3
5664,3
4655,3
895,3
834,3
864,3
6246,3
907,3
2729,3
4132,3
2337,3
8986,3
4905,3
9475,3
1838,3
3151,3
7393,3
2193,3
9556,3
3256,3
3917,3
2605,3
10590,3
539,3
9037,3
3845,3
10007,3
7905,3
9430,3
4169,3
4933,3
3471,3
9675,3
6499,3
3325,3
2326,3
7006,3
3355,3
8893,3
1076,3
166,3
1782,3
3699,3
8203,3
1418,3
7328,3
3183,3
7540,3
1843,3
2157,3
141,3
2690,3
7089,3
12164,3
10762,3
6833,3
6354,3
13853,3
2178,3
545,3
7574,3
6552,3
8038,3
4581,3
10982,3
11226,3
3228,3
14102,3
2915,3
4608,3
9137,3
13371,3
1924,3
4468,3
2980,3
627,3
6024,3
12940,3
11517,3
5951,3
4920,3
6744,3
8200,3
1,3
13192,3
3071,3
7053,3
14827,3
10626,3
7112,3
6895,3
3372,3
289,3
9028,3
5165,3
2912,3
6663,3
10769,3
5794,3
10814,3
1929,3
7382,3
6103,3
7657,3
2013,3
6709,3
6013,3
12944,3
3055,3
7983,3
7771,3
2888,3
12025,3
5490,3
4261,3
6348,3
3093,3
8764,3
13533,3
2940,3
10681,3
13416,3
123,3
4142,3
2991,3
4722,3
1028,3
6467,3
5266,3
5623,3
3771,3
4121,3
406,3
1164,3
5308,3
5762,3
7205,3
2010,3
6974,3
559,3
10011,3
12817,3
7571,3
2746,3
1826,3
7656,3
8386,3
5730,3
9172,3
8343,3
13575,3
11725,3
5194,3
2559,3
10473,3
13870,3
10399,3
9527,3
789,3
6439,3
11656,3
12490,3
8172,3
116,3
12211,3
8627,3
8704,3
4076,3
6750,3
566,3
3734,3
1737,3
5168,3
11407,3
3713,3
12538,3
9242,3
2477,3
8971,3
8096,3
4416,3
11203,3
6749,3
3341,3
5184,3
246,3
6104,3
5123,3
4950,3
10326,3
648,3
9879,3
1521,3
6251,3
4334,3
12117,3
9604,3
65,3
4256,3
7795,3
10738,3
743,3
3782,3
11642,3
9076,3
10269,3
4491,3
2294,3
8884,3
635,3
10880,3
11106,3
6216,3
13584,3
2419,3
2495,3
13599,3
1801,3
1103,3
2257,3
3695,3
10727,3
557,3
1930,3
11559,3
4129,3
10812,3
11255,3
12406,3
5433,3
14288,3
1051,3
5025,3
3838,3
7824,3
11186,3
7243,3
4511,3
5327,3
2366,3
6245,3
12366,3
13665,3
7225,3
3708,3
10180,3
2371,3
4048,3
4060,3
11783,3
7561,3
1800,3
12908,3
10815,3
6561,3
6260,3
6864,3
10385,3
2829,3
8650,3
7564,3
1073,3
12736,3
4466,3
12016,3
5998,3
1072,3
13926,3
3794,3
5900,3
807,3
11909,3
10215,3
14690,3
7452,3
3698,3
7221,3
6110,3
12923,3
13055,3
2522,3
3459,3
2153,3
11496,3
6370,3
7296,3
7943,3
377,3
14357,3
10245,3
14277,3
9184,3
9302,3
9012,3
657,3
2350,3
484,3
8033,3
408,3
1053,3
10757,3
3132,3
6118,3
277,3
6781,3
8792,3
5436,3
6837,3
1775,3
9324,3
11675,3
5538,3
3315,3
5936,3
3473,3
6946,3
10749,3
1149,3
1716,3
1717,3
12355,3
11026,3
6675,3
14521,3
7630,3
3852,3
911,3
5014,3
12857,3
2338,3
2609,3
2620,3
13251,3
5129,3
1297,3
309,3
11747,3
8806,3
1241,3
2925,3
5541,3
1463,3
3757,3
2335,3
14504,3
195,3
4217,3
4040,3
2847,3
9843,3
1240,3
7123,3
10149,3
1112,3
1106,3
12900,3
146,3
3971,3
8733,3
11885,3
2057,3
4286,3
2877,3
9354,3
134,3
3304,3
7200,3
122,3
12029,3
3135,3
10159,3
5622,3
11619,3
1127,3
11715,3
7993,3
894,3
2442,3
13753,3
8742,3
8517,3
6776,3
192,3
2031,3
589,3
932,3
2169,3
5230,3
5955,3
10556,3
5550,3
10974,3
4965,3
9131,3
6587,3
7055,3
794,3
827,3
11371,3
9273,3
1645,3
4653,3
2348,3
4561,3
4956,3
2132,3
3060,3
4339,3
5774,3
6322,3
4992,3
11995,3
5531,3
2589,3
8312,3
7931,3
2923,3
6461,3
4687,3
12270,3
1746,3
5991,3
331,3
662,3
641,3
4402,3
5934,3
12679,3
6378,3
2247,3
1012,3
7913,3
5839,3
8416,3
2768,3
2147,3
6171,3
3770,3
1528,3
8502,3
9930,3
1032,3
2070,3
6806,3
4201,3
2974,3
1368,3
8412,3
2235,3
5132,3
5841,3
872,3
4615,3
4081,3
835,3
7097,3
2603,3
6992,3
8773,3
8396,3
11752,3
4733,3
5701,3
7555,3
10003,3
1033,3
3595,3
4526,3
9771,3
5213,3
10711,3
6907,3
7692,3
1946,3
2922,3
10551,3
5054,3
1402,3
12879,3
3266,3
4690,3
6151,3
7363,3
462,3
5968,3
6460,3
9407,3
7284,3
11244,3
3283,3
12836,3
13451,3
3101,3
5241,3
8306,3
8014,3
12122,3
14021,3
3727,3
1301,3
11640,3
1962,3
1670,3
12115,3
4354,3
1062,3
1230,3
7811,3
9737,3
3462,3
6988,3
299,3
3390,3
8256,3
7321,3
873,3
12969,3
7857,3
2340,3
3784,3
3259,3
1604,3
2919,3
3889,3
4257,3
8631,3
2498,3
4816,3
9299,3
7050,3
5052,3
5357,3
7593,3
8619,3
4954,3
1439,3
10335,3
1167,3
10060,3
2918,3
4221,3
4480,3
11141,3
8906,3
401,3
6553,3
1063,3
9698,3
13267,3
11114,3
6091,3
403,3
4934,3
2056,3
8483,3
7519,3
8449,3
3596,3
5394,3
7542,3
13516,3
5183,3
10392,3
10403,3
953,3
12465,3
750,3
9531,3
9629,3
572,3
467,3
12051,3
3458,3
3094,3
7329,3
6071,3
8281,3
424,3
6471,3
9894,3
7203,3
6508,3
5261,3
4837,3
1880,3
7547,3
6959,3
12178,3
7368,3
4031,3
5558,3
2233,3
2109,3
1787,3
6699,3
7249,3
1309,3
7139,3
3219,3
3739,3
5931,3
1512,3
3170,3
8470,3
6106,3
3152,3
7751,3
7454,3
9766,3
6185,3
14638,3
5021,3
5333,3
746,3
1620,3
13197,3
5385,3
9002,3
927,3
8051,3
8500,3
8387,3
1818,3
6897,3
2068,3
3997,3
1738,3
6064,3
8147,3
7161,3
13231,3
175,3
11039,3
1096,3
4640,3
6558,3
3647,3
8569,3
7299,3
4721,3
3994,3
2968,3
160,3
3312,3
3904,3
1601,3
10933,3
6360,3
8887,3
3273,3
2248,3
3963,3
4529,3
9865,3
8317,3
10223,3
11570,3
52,3
5508,3
8190,3
1725,3
9074,3
8031,3
4680,3
10676,3
10516,3
656,3
639,3
7455,3
9279,3
11437,3
4439,3
5684,3
8325,3
1669,3
5987,3
4938,3
1476,3
4204,3
12925,3
8471,3
115,3
1318,3
6641,3
8531,3
996,3
9844,3
6269,3
12067,3
5091,3
12082,3
11554,3
3121,3
6413,3
4236,3
4254,3
2596,3
1823,3
3612,3
11211,3
2344,3
3117,3
275,3
7389,3
7616,3
7,3
3851,3
7157,3
9474,3
8045,3
6187,3
6339,3
8798,3
7051,3
1294,3
11591,3
7648,3
6976,3
14100,3
14274,3
9931,3
9285,3
552,3
12087,3
2263,3
13283,3
8671,3
5695,3
7844,3
10527,3
9034,3
12448,3
12469,3
1045,3
3037,3
687,3
7674,3
4390,3
9508,3
2902,3
1890,3
12935,3
3582,3
9033,3
10958,3
1606,3
4189,3
2409,3
13043,3
12811,3
2390,3
6255,3
3939,3
3050,3
8171,3
3831,3
10914,3
3336,3
11251,3
6657,3
4794,3
5754,3
2170,3
4981,3
1634,3
3669,3
5927,3
5493,3
13227,3
3012,3
5498,3
1514,3
3322,3
10593,3
4410,3
1014,3
9687,3
5094,3
8371,3
2665,3
1091,3
2997,3
4100,3
296,3
3874,3
7969,3
270,3
436,3
6688,3
930,3
11797,3
1403,3
3177,3
3777,3
1442,3
7354,3
2400,3
8567,3
7853,3
536,3
7758,3
7779,3
7665,3
9799,3
2334,3
4005,3
7821,3
8440,3
1412,3
8678,3
423,3
8288,3
5864,3
7680,3
1809,3
4242,3
10404,3
3358,3
4602,3
2927,3
10416,3
8394,3
13117,3
6317,3
5439,3
44,3
3604,3
1727,3
8672,3
4,3
913,3
6280,3
11272,3
6179,3
2786,3
11228,3
9122,3
4406,3
5993,3
7106,3
4993,3
6117,3
10497,3
1493,3
498,3
1015,3
9995,3
690,3
1120,3
2372,3
7143,3
4273,3
2382,3
10886,3
2101,3
241,3
7816,3
3585,3
8389,3
11165,3
11930,3
7891,3
4859,3
784,3
3639,3
1373,3
10791,3
7432,3
11630,3
9027,3
4741,3
8867,3
12054,3
2240,3
535,3
9417,3
5167,3
7791,3
6396,3
8993,3
6933,3
2514,3
5744,3
2633,3
4136,3
10740,3
12186,3
7512,3
12824,3
5255,3
10857,3
5359,3
130,3
683,3
4012,3
142,3
1811,3
7129,3
7806,3
6830,3
411,3
6998,3
9957,3
4960,3
6565,3
14128,3
14296,3
8540,3
8803,3
7439,3
6003,3
1846,3
11139,3
941,3
8110,3
5086,3
11500,3
4663,3
10904,3
880,3
10912,3
6333,3
6415,3
5235,3
3811,3
12841,3
9143,3
2000,3
5376,3
12112,3
2508,3
741,3
2592,3
7755,3
11380,3
1077,3
26,3
450,3
1677,3
7598,3
8561,3
11547,3
11831,3
11020,3
7238,3
8847,3
8621,3
13818,3
1649,3
1360,3
8475,3
2069,3
3388,3
6275,3
2703,3
9868,3
6009,3
8793,3
7349,3
286,3
5336,3
3406,3
11176,3
6052,3
8700,3
8648,3
2276,3
6738,3
857,3
3403,3
7678,3
8701,3
12771,3
5930,3
3048,3
3105,3
9528,3
4193,3
9915,3
1340,3
1329,3
210,3
9445,3
5821,3
4778,3
5171,3
2788,3
9001,3
9120,3
11836,3
9423,3
2753,3
6228,3
8311,3
3246,3
170,3
11602,3
319,3
9560,3
3492,3
2135,3
3466,3
5897,3
9685,3
7914,3
10544,3
5829,3
8716,3
13008,3
7837,3
4700,3
3033,3
1751,3
11219,3
7899,3
8492,3
1951,3
9504,3
5867,3
5204,3
579,3
8057,3
5368,3
5902,3
4423,3
5572,3
631,3
4781,3
13812,3
4728,3
4049,3
1552,3
2833,3
8121,3
7237,3
7781,3
4348,3
8204,3
5657,3
13216,3
12330,3
441,3
11397,3
218,3
9956,3
6689,3
11342,3
11971,3
3964,3
9336,3
9645,3
2141,3
12024,3
9420,3
4826,3
7434,3
12311,3
10299,3
8106,3
13207,3
1022,3
4265,3
6759,3
11523,3
4140,3
5280,3
3991,3
10869,3
13607,3
1569,3
2021,3
12648,3
12484,3
1258,3
2904,3
1291,3
5471,3
4292,3
6617,3
764,3
2617,3
619,3
97,3
6017,3
2339,3
1861,3
13109,3
11377,3
8454,3
833,3
11780,3
10394,3
7699,3
11847,3
2175,3
11824,3
12304,3
13335,3
3369,3
8137,3
7858,3
10992,3
9281,3
3973,3
2686,3
2844,3
10482,3
8653,3
5950,3
11750,3
1125,3
4538,3
6507,3
1313,3
4808,3
4621,3
2142,3
9048,3
8886,3
2011,3
5761,3
4620,3
2418,3
11071,3
6496,3
7718,3
2831,3
427,3
4881,3
1743,3
5220,3
13672,3
5063,3
12919,3
4661,3
8868,3
8447,3
3548,3
9839,3
2635,3
1839,3
8191,3
1796,3
12086,3
39,3
11480,3
10040,3
5111,3
9069,3
10393,3
9393,3
1205,3
7293,3
9993,3
3989,3
4650,3
11213,3
3269,3
9114,3
6464,3
1381,3
493,3
2343,3
7398,3
3320,3
14045,3
2860,3
5828,3
10621,3
11641,3
5861,3
11590,3
11023,3
4786,3
6516,3
12078,3
25,3
1264,3
1390,3
2763,3
2672,3
2580,3
93,3
4627,3
3912,3
8761,3
5808,3
8508,3
3672,3
2618,3
11841,3
2456,3
4471,3
14117,3
9944,3
670,3
1734,3
10973,3
9439,3
6618,3
6145,3
2324,3
10700,3
1290,3
1892,3
7036,3
1322,3
13270,3
9537,3
702,3
1387,3
2201,3
14213,3
7928,3
4594,3
5830,3
13821,3
9006,3
10433,3
5831,3
9391,3
9850,3
442,3
2387,3
6359,3
796,3
6756,3
2379,3
1253,3
7396,3
7317,3
9808,3
2546,3
7726,3
7736,3
5726,3
1289,3
1348,3
11328,3
9104,3
8049,3
9523,3
6716,3
625,3
5109,3
11553,3
12981,3
7409,3
3344,3
6188,3
583,3
10910,3
4603,3
4895,3
4801,3
11881,3
12844,3
3331,3
7760,3
7366,3
5210,3
2950,3
11649,3
4972,3
9367,3
7567,3
12742,3
756,3
5631,3
9693,3
514,3
446,3
7463,3
1960,3
4414,3
12391,3
6313,3
3174,3
11424,3
1635,3
4239,3
766,3
744,3
9217,3
2894,3
3026,3
1910,3
232,3
2361,3
7991,3
5186,3
7764,3
3541,3
1461,3
6116,3
3628,3
8789,3
2246,3
6950,3
12596,3
5138,3
9166,3
2429,3
8784,3
3977,3
5727,3
5627,3
6647,3
5639,3
6510,3
3591,3
2480,3
12888,3
11096,3
12712,3
1087,3
1029,3
10660,3
8498,3
8146,3
10475,3
594,3
2197,3
6845,3
6040,3
1086,3
3088,3
3865,3
2628,3
5809,3
4500,3
7624,3
3800,3
6083,3
2264,3
3816,3
7042,3
6257,3
3868,3
3487,3
9014,3
3795,3
10600,3
10358,3
1242,3
12227,3
10651,3
4013,3
2945,3
5632,3
5893,3
5652,3
273,3
2065,3
4875,3
216,3
8433,3
10517,3
11714,3
7077,3
4914,3
7750,3
4940,3
3346,3
235,3
3658,3
11639,3
7659,3
2474,3
9670,3
3682,3
10295,3
1758,3
10465,3
4605,3
14330,3
1299,3
2500,3
1759,3
5703,3
8264,3
6773,3
4079,3
13046,3
3185,3
1637,3
11185,3
8348,3
13645,3
10753,3
5630,3
2931,3
9809,3
2243,3
6724,3
4897,3
7362,3
5609,3
2520,3
7142,4
8888,4
13915,4
7505,4
3818,4
922,4
12410,4
11937,4
12252,4
6731,4
1868,4
6384,4
13087,4
8921,4
800,4
12787,4
7617,4
11502,4
13091,4
9313,4
10841,4
10339,4
6659,4
13725,4
10120,4
11810,4
1369,4
7166,4
4038,4
8301,4
8680,4
5105,4
8731,4
5375,4
2280,4
6980,4
7847,4
3130,4
7066,4
11617,4
9691,4
13201,4
3921,4
5659,4
11116,4
14351,4
5339,4
12740,4
4810,4
2099,4
4783,4
11509,4
8759,4
9752,4
5524,4
6230,4
2961,4
11205,4
4862,4
7524,4
6742,4
5872,4
1101,4
9917,4
12402,4
13083,4
9739,4
12884,4
11629,4
7402,4
12939,4
8307,4
3377,4
11573,4
14140,4
507,4
6283,4
8783,4
11448,4
428,4
9089,4
189,4
5592,4
10641,4
6787,4
8477,4
7780,4
7677,4
9851,4
9103,4
11718,4
14278,4
8438,4
9524,4
12547,4
7689,4
7306,4
2511,4
2584,4
12864,4
433,4
13345,4
1605,4
6401,4
10509,4
3882,4
11769,4
677,4
4289,4
10309,4
204,4
4394,4
7274,4
2184,4
4613,4
9183,4
3992,4
888,4
1679,4
5519,4
1966,4
3847,4
5098,4
4562,4
6364,4
11302,4
7137,4
4756,4
4253,4
7918,4
6445,4
9706,4
10856,4
5314,4
10469,4
6144,4
7546,4
4776,4
12031,4
6533,4
1198,4
4400,4
12310,4
11300,4
14487,4
8259,4
12728,4
8210,4
3774,4
1902,4
280,4
5555,4
985,4
9017,4
4044,4
3452,4
3886,4
11006,4
13047,4
8732,4
12635,4
7714,4
8944,4
6344,4
1628,4
5656,4
11321,4
9503,4
3345,4
8955,4
12358,4
2917,4
842,4
12507,4
2292,4
3211,4
2977,4
365,4
8205,4
4290,4
7219,4
7041,4
929,4
2228,4
9360,4
10480,4
10229,4
10259,4
5708,4
3086,4
3062,4
4846,4
9994,4
7235,4
815,4
10476,4
2269,4
8242,4
964,4
7670,4
212,4
2356,4
11856,4
4723,4
8381,4
13743,4
2383,4
10163,4
14032,4
10073,4
5613,4
6922,4
4153,4
8220,4
9008,4
4270,4
1367,4
8824,4
3476,4
1041,4
2064,4
7880,4
9024,4
7550,4
2282,4
11413,4
7002,4
4137,4
7011,4
12496,4
11513,4
8603,4
9600,4
2195,4
13269,4
8456,4
7940,4
9532,4
1474,4
11895,4
8807,4
12515,4
4543,4
7370,4
8516,4
13256,4
12725,4
3900,4
2483,4
7772,4
9792,4
13859,4
1177,4
13934,4
11225,4
4694,4
9628,4
1529,4
3832,4
4878,4
12602,4
1075,4
3571,4
6625,4
12661,4
928,4
10129,4
632,4
10917,4
1220,4
957,4
13843,4
5970,4
3038,4
1337,4
8222,4
3284,4
135,4
458,4
6945,4
11597,4
944,4
4103,4
3726,4
13642,4
8872,4
7740,4
13181,4
2850,4
8219,4
7054,4
1281,4
7488,4
4805,4
7600,4
10908,4
4908,4
13625,4
7761,4
12738,4
10550,4
8339,4
13275,4
8982,4
10108,4
1876,4
9773,4
2402,4
2172,4
193,4
13230,4
3220,4
3307,4
12729,4
13770,4
5849,4
6272,4
11655,4
11845,4
4077,4
4515,4
11083,4
9325,4
8318,4
2625,4
11239,4
9236,4
2284,4
7538,4
11694,4
5267,4
8785,4
13250,4
14211,4
4119,4
5006,4
11336,4
9443,4
1216,4
10712,4
7492,4
11301,4
4902,4
11339,4
7836,4
6621,4
5404,4
1723,4
109,4
4248,4
2275,4
4430,4
12735,4
8962,4
4134,4
4991,4
11444,4
3203,4
6342,4
10280,4
7554,4
3808,4
10978,4
11013,4
9329,4
7763,4
8754,4
8935,4
12183,4
7553,4
6834,4
8414,4
10746,4
6783,4
7747,4
12784,4
11577,4
2859,4
1058,4
8620,4
4126,4
7883,4
9656,4
1440,4
8681,4
6800,4
11370,4
1735,4
7252,4
1768,4
9896,4
8403,4
5178,4
10391,4
13388,4
5457,4
11344,4
2255,4
3529,4
11343,4
13239,4
7056,4
9447,4
1730,4
6128,4
9470,4
13616,4
12363,4
11844,4
5835,4
2023,4
4328,4
5612,4
310,4
3532,4
5179,4
8087,4
2499,4
10285,4
3357,4
11524,4
14551,4
7982,4
7160,4
2412,4
13024,4
8821,4
7908,4
10087,4
8336,4
393,4
7431,4
4928,4
8929,4
5793,4
9228,4
2730,4
2345,4
8577,4
3252,4
13466,4
7910,4
9582,4
2739,4
55,4
10927,4
12442,4
13979,4
9105,4
10356,4
8411,4
13752,4
2376,4
8484,4
7752,4
10655,4
2213,4
9421,4
12138,4
2008,4
1219,4
4560,4
2572,4
7027,4
11092,4
9238,4
6573,4
8490,4
1862,4
9522,4
3181,4
1899,4
6035,4
9659,4
10145,4
6114,4
1926,4
12581,4
771,4
5045,4
5443,4
719,4
5577,4
438,4
7021,4
6639,4
11032,4
11726,4
8238,4
13060,4
8978,4
3909,4
6820,4
12121,4
1085,4
6843,4
2173,4
10679,4
9610,4
5420,4
7148,4
11485,4
7556,4
8460,4
9884,4
12104,4
13089,4
10825,4
1646,4
13895,4
995,4
10491,4
4424,4
12463,4
6,4
12222,4
5758,4
3721,4
7174,4
11209,4
3295,4
2668,4
11331,4
2905,4
11171,4
8703,4
107,4
5885,4
8709,4
769,4
7223,4
4712,4
6979,4
11744,4
13448,4
14375,4
10096,4
7622,4
5101,4
14001,4
8151,4
9990,4
5037,4
13558,4
11150,4
7190,4
3606,4
4090,4
7043,4
4913,4
7634,4
5245,4
5870,4
3570,4
7669,4
9972,4
4821,4
7369,4
1722,4
11746,4
1114,4
7754,4
3679,4
5913,4
9973,4
443,4
12579,4
5924,4
1888,4
3141,4
11350,4
10270,4
4488,4
8420,4
12027,4
14331,4
6136,4
13654,4
10419,4
11626,4
6432,4
9477,4
1326,4
11659,4
12949,4
5140,4
3499,4
3490,4
5772,4
1674,4
7209,4
1791,4
7022,4
4058,4
7814,4
5071,4
11961,4
8036,4
10390,4
7749,4
12415,4
3700,4
5402,4
11949,4
8810,4
8194,4
10586,4
12319,4
13090,4
4243,4
12668,4
7841,4
397,4
6487,4
8037,4
10056,4
3321,4
11077,4
6231,4
883,4
5729,4
1336,4
7794,4
5800,4
7356,4
9246,4
8084,4
10495,4
12721,4
10010,4
1214,4
10228,4
3353,4
4536,4
2958,4
12920,4
1919,4
1170,4
9092,4
4206,4
3933,4
4198,4
590,4
9450,4
8757,4
5939,4
11882,4
3425,4
10851,4
5851,4
2722,4
3643,4
1349,4
12137,4
1158,4
8197,4
8468,4
11367,4
8240,4
1356,4
5740,4
3244,4
3661,4
7028,4
5949,4
4043,4
5682,4
6014,4
3216,4
5291,4
14089,4
8819,4
7782,4
2669,4
5580,4
13445,4
11,4
6763,4
5895,4
10827,4
9139,4
9415,4
8130,4
9754,4
3820,4
6569,4
4327,4
9805,4
678,4
7970,4
3533,4
5201,4
5149,4
8340,4
9624,4
2612,4
6546,4
2805,4
9063,4
773,4
10220,4
844,4
12622,4
8077,4
7812,4
342,4
5926,4
591,4
2911,4
11821,4
13903,4
13735,4
1912,4
2814,4
13338,4
12611,4
13992,4
2920,4
11318,4
10960,4
1886,4
4263,4
1140,4
9573,4
13336,4
11654,4
11739,4
297,4
8596,4
7998,4
9269,4
13763,4
4893,4
13205,4
6644,4
3957,4
10803,4
5221,4
561,4
1113,4
409,4
2232,4
323,4
5049,4
667,4
11589,4
3854,4
11105,4
6962,4
11635,4
4055,4
11406,4
7049,4
11765,4
5773,4
5747,4
7923,4
10337,4
6078,4
4409,4
6222,4
3446,4
4364,4
5379,4
5142,4
7503,4
7072,4
8006,4
2651,4
354,4
7649,4
942,4
9798,4
18,4
14813,4
11310,4
2461,4
13212,4
5358,4
9245,4
6115,4
6914,4
12300,4
12804,4
4405,4
5354,4
2836,4
6710,4
10137,4
14251,4
4425,4
960,4
9256,4
4490,4
9819,4
11900,4
8309,4
5013,4
14005,4
722,4
4574,4
2019,4
7706,4
11182,4
12630,4
6232,4
11818,4
3319,4
4882,4
10421,4
11533,4
10128,4
13960,4
6276,4
6419,4
8690,4
8713,4
5069,4
11089,4
4245,4
9998,4
8961,4
6599,4
1574,4
2291,4
8796,4
13050,4
875,4
10697,4
10019,4
7662,4
11307,4
618,4
6791,4
7518,4
10136,4
13420,4
7387,4
6840,4
1343,4
8559,4
2896,4
605,4
7096,4
13680,4
2078,4
12244,4
1794,4
3617,4
12239,4
9206,4
8493,4
984,4
6472,4
3662,4
13072,4
6294,4
11283,4
1742,4
4890,4
5293,4
1705,4
4244,4
8520,4
12396,4
96,4
6210,4
2039,4
11030,4
14638,4
1895,4
9666,4
1255,4
7961,4
8918,4
10905,4
13938,4
13365,4
2312,4
8756,4
6655,4
6070,4
10574,4
14326,4
2145,4
8669,4
6279,4
9386,4
1978,4
990,4
9029,4
7743,4
14333,4
6719,4
11634,4
12278,4
1779,4
1464,4
9471,4
9334,4
4873,4
11505,4
13573,4
2957,4
12219,4
10579,4
3753,4
2440,4
1665,4
2755,4
12852,4
14405,4
11962,4
8608,4
10891,4
6557,4
6093,4
5038,4
5679,4
518,4
1236,4
14134,4
10799,4
1874,4
2608,4
1513,4
43,4
9067,4
3646,4
14427,4
9961,4
5948,4
6967,4
11153,4
5003,4
10311,4
11073,4
5497,4
5956,4
6482,4
3703,4
6867,4
12384,4
11464,4
10347,4
11730,4
7375,4
9380,4
56,4
2658,4
5468,4
3275,4
11246,4
358,4
9203,4
477,4
3692,4
1676,4
5789,4
10730,4
9802,4
5075,4
2221,4
2239,4
13669,4
3684,4
1583,4
11354,4
9247,4
2392,4
11493,4
9213,4
11861,4
14003,4
7936,4
12436,4
10193,4
2892,4
8746,4
6727,4
10541,4
11461,4
2700,4
8155,4
1267,4
9652,4
9491,4
12863,4
5717,4
8846,4
6278,4
12782,4
4209,4
5401,4
4847,4
7924,4
1355,4
4226,4
522,4
14895,4
1483,4
2027,4
7723,4
2479,4
11798,4
6948,4
12994,4
10833,4
10006,4
13502,4
8451,4
12989,4
7254,4
8496,4
9056,4
4291,4
9425,4
5396,4
3586,4
304,4
4684,4
11271,4
7125,4
2359,4
4660,4
13997,4
14275,4
10996,4
3893,4
6680,4
6543,4
7468,4
11980,4
2092,4
2506,4
735,4
2380,4
2290,4
6053,4
12456,4
3066,4
3752,4
778,4
10854,4
5100,4
47,4
6065,4
6485,4
3863,4
2473,4
10068,4
21,4
10289,4
2267,4
4849,4
207,4
13643,4
1820,4
8227,4
5466,4
7728,4
12707,4
8830,4
7197,4
1359,4
11173,4
395,4
7594,4
2226,4
12934,4
2515,4
2955,4
3581,4
5317,4
581,4
770,4
13676,4
11396,4
8917,4
14279,4
10374,4
12217,4
2212,4
3554,4
3385,4
11293,4
5390,4
10412,4
6548,4
3958,4
9161,4
11270,4
5118,4
5062,4
14873,4
12040,4
2843,4
12917,4
4065,4
11564,4
10409,4
6729,4
4622,4
4780,4
2631,4
11144,4
11669,4
9291,4
6125,4
12797,4
10000,4
4659,4
9384,4
362,4
1711,4
3296,4
2529,4
890,4
10418,4
8216,4
13668,4
1915,4
5634,4
9296,4
11311,4
6119,4
2209,4
3036,4
13780,4
13236,4
10667,4
7917,4
4029,4
10095,4
2675,4
5130,4
12014,4
6777,4
8684,4
1477,4
7942,4
13718,4
14094,4
10174,4
5239,4
11017,4
11237,4
5526,4
5979,4
4871,4
8185,4
7109,4
11304,4
10237,4
10923,4
6045,4
11508,4
1146,4
12530,4
6264,4
7944,4
4665,4
5324,4
12360,4
5765,4
1009,4
5605,4
8465,4
3789,4
13942,4
4451,4
2867,4
12558,4
3969,4
7849,4
1719,4
9913,4
1180,4
10664,4
5409,4
895,4
11611,4
12995,4
1540,4
10588,4
1509,4
2837,4
14281,4
6246,4
13173,4
3665,4
11418,4
14303,4
1600,4
8254,4
10423,4
3809,4
13058,4
14209,4
5946,4
454,4
10687,4
9597,4
8986,4
4905,4
3151,4
10638,4
11333,4
10785,4
2193,4
10985,4
633,4
717,4
9556,4
3917,4
9877,4
407,4
10590,4
7316,4
13437,4
1741,4
9037,4
4824,4
12737,4
9466,4
154,4
3845,4
6311,4
10733,4
10589,4
8366,4
7467,4
1482,4
7905,4
13141,4
13536,4
2626,4
129,4
6270,4
8263,4
7523,4
7876,4
10070,4
4169,4
4933,4
9401,4
695,4
9352,4
10855,4
2606,4
2237,4
3234,4
9675,4
229,4
6252,4
1221,4
3495,4
13855,4
13379,4
8606,4
7006,4
7018,4
12598,4
3355,4
9602,4
9744,4
7541,4
8133,4
13273,4
3827,4
6424,4
8113,4
1782,4
7869,4
3699,4
7034,4
9456,4
8203,4
13587,4
1418,4
7328,4
5692,4
12413,4
9720,4
3183,4
7907,4
12529,4
3200,4
2855,4
10861,4
780,4
2157,4
13748,4
14292,4
2709,4
2690,4
4143,4
9835,4
5540,4
7089,4
3154,4
7341,4
11068,4
10704,4
9130,4
12164,4
10762,4
6833,4
992,4
5643,4
1209,4
7060,4
9495,4
13139,4
13103,4
877,4
6354,4
13853,4
2178,4
545,4
7574,4
8038,4
13760,4
12100,4
10982,4
8040,4
11226,4
8750,4
12655,4
14252,4
11277,4
9901,4
3228,4
14102,4
9137,4
13371,4
1924,4
530,4
9100,4
11778,4
2367,4
1332,4
1166,4
10834,4
12873,4
1131,4
4300,4
5951,4
6275,4
7170,4
9686,4
5796,4
5117,4
4315,4
7400,4
2214,4
10830,4
1016,4
10879,4
8200,4
2982,4
4469,4
8946,4
13192,4
10266,4
10529,4
5698,4
4075,4
6849,4
3049,4
13477,4
3540,4
11010,4
14827,4
11242,4
10626,4
4207,4
7971,4
5411,4
2391,4
5877,4
7226,4
2086,4
3372,4
10074,4
137,4
289,4
8000,4
5165,4
4066,4
474,4
6663,4
10769,4
288,4
10814,4
7382,4
7661,4
6103,4
11638,4
1695,4
5981,4
5686,4
2013,4
10219,4
6013,4
2038,4
7491,4
261,4
12944,4
2201,4
7103,4
5065,4
798,4
12658,4
9124,4
7771,4
2655,4
5966,4
5464,4
6154,4
4909,4
5741,4
4258,4
12025,4
5490,4
12964,4
10773,4
8764,4
13533,4
11442,4
9952,4
13416,4
12090,4
13147,4
12889,4
10991,4
10701,4
4722,4
11705,4
11740,4
14136,4
9007,4
6467,4
5623,4
4121,4
718,4
201,4
2128,4
2513,4
1000,4
6178,4
13441,4
13554,4
6696,4
7548,4
6393,4
13883,4
4341,4
1324,4
5308,4
5044,4
7521,4
10225,4
10536,4
2806,4
5762,4
6645,4
12982,4
7205,4
10241,4
2010,4
559,4
54,4
963,4
8428,4
6583,4
10011,4
7571,4
11027,4
24,4
11712,4
1565,4
13129,4
11857,4
1826,4
8386,4
1400,4
1750,4
8003,4
2750,4
5593,4
13575,4
14295,4
13708,4
9690,4
2539,4
10683,4
11725,4
12623,4
2364,4
5194,4
4839,4
12127,4
9950,4
3654,4
5108,4
10473,4
3572,4
9093,4
3636,4
4220,4
3660,4
11661,4
13870,4
6032,4
2463,4
7801,4
161,4
8269,4
10399,4
6889,4
9527,4
7496,4
789,4
5792,4
10430,4
11324,4
11656,4
12274,4
12490,4
8172,4
8448,4
11859,4
10049,4
10398,4
13842,4
5364,4
5472,4
6694,4
8627,4
11494,4
13560,4
7070,4
3936,4
3943,4
8071,4
7672,4
6750,4
2983,4
5116,4
3743,4
566,4
2472,4
1465,4
9951,4
9202,4
2501,4
11098,4
13523,4
7960,4
4268,4
1737,4
12538,4
2697,4
12826,4
9242,4
2477,4
440,4
9620,4
14039,4
14257,4
11632,4
5029,4
4487,4
13603,4
6749,4
5184,4
3620,4
3199,4
1208,4
587,4
6104,4
5123,4
4950,4
4644,4
5530,4
12744,4
11679,4
9879,4
13383,4
14114,4
7275,4
2299,4
3926,4
7390,4
12076,4
7819,4
12151,4
6302,4
14680,4
8637,4
9182,4
8016,4
5834,4
4334,4
11976,4
4444,4
688,4
1284,4
1426,4
8916,4
9604,4
2518,4
12756,4
4151,4
4256,4
1317,4
11357,4
10738,4
12271,4
4750,4
1666,4
11642,4
9448,4
9076,4
10378,4
4385,4
7277,4
12676,4
13134,4
4491,4
11799,4
10353,4
9153,4
6735,4
7115,4
8,4
13766,4
4982,4
6163,4
8884,4
6793,4
9044,4
11636,4
10880,4
1728,4
3431,4
12428,4
2495,4
10817,4
13599,4
1801,4
1103,4
8102,4
9348,4
1950,4
6031,4
4154,4
9619,4
2619,4
9108,4
12621,4
6786,4
3695,4
10727,4
5721,4
11609,4
305,4
557,4
5070,4
11559,4
4129,4
6915,4
4850,4
14386,4
8446,4
10812,4
11278,4
8737,4
11255,4
12406,4
10327,4
14288,4
1286,4
11592,4
13561,4
9543,4
9860,4
3838,4
10463,4
9534,4
7824,4
11186,4
7243,4
5675,4
4511,4
13111,4
2519,4
6245,4
12366,4
7273,4
9772,4
9083,4
11604,4
10263,4
517,4
7954,4
400,4
13665,4
7225,4
3659,4
10180,4
4048,4
350,4
12041,4
6690,4
5206,4
8029,4
9788,4
11783,4
4595,4
11616,4
10815,4
1142,4
7618,4
9204,4
11522,4
1653,4
5546,4
10479,4
13056,4
7268,4
10385,4
1235,4
8638,4
6705,4
7564,4
4935,4
1073,4
7232,4
12736,4
12016,4
8772,4
11059,4
1156,4
10487,4
12264,4
4188,4
3507,4
6352,4
1817,4
14310,4
6870,4
11867,4
11537,4
9036,4
11510,4
13557,4
6058,4
9284,4
807,4
11909,4
10215,4
4208,4
14690,4
7452,4
755,4
1432,4
13531,4
7221,4
7311,4
12923,4
3067,4
13055,4
2522,4
2053,4
6361,4
920,4
2153,4
11110,4
7825,4
12167,4
4587,4
1139,4
8294,4
10324,4
12088,4
6668,4
9413,4
3887,4
14357,4
5121,4
4758,4
469,4
11475,4
14277,4
4162,4
9493,4
3040,4
9383,4
1169,4
5395,4
9184,4
9302,4
228,4
9012,4
657,4
2350,4
4130,4
8107,4
10538,4
5556,4
9615,4
1154,4
14018,4
11276,4
408,4
6160,4
2287,4
10757,4
2108,4
9170,4
277,4
3786,4
6781,4
6371,4
8075,4
13939,4
8792,4
2908,4
6837,4
10012,4
11181,4
4675,4
1173,4
13225,4
9324,4
10962,4
11675,4
6486,4
8997,4
10024,4
2827,4
1830,4
6946,4
12237,4
2413,4
8395,4
5197,4
10749,4
13247,4
4071,4
9310,4
8089,4
6983,4
5655,4
8248,4
3543,4
7522,4
1717,4
10098,4
3565,4
8479,4
12355,4
10363,4
6675,4
5131,4
9025,4
13835,4
14293,4
10876,4
14521,4
10035,4
7630,4
2328,4
9910,4
3852,4
3156,4
448,4
7292,4
5014,4
11048,4
5064,4
13963,4
9769,4
7031,4
9988,4
12857,4
2081,4
2338,4
7490,4
2620,4
7916,4
952,4
13251,4
9757,4
5129,4
1297,4
13791,4
11747,4
8507,4
13713,4
584,4
1241,4
2925,4
8178,4
3281,4
13287,4
2079,4
10032,4
5252,4
9458,4
5260,4
14504,4
6780,4
6762,4
4217,4
3512,4
9979,4
5520,4
575,4
821,4
5522,4
4040,4
2847,4
12106,4
10745,4
13447,4
6175,4
11557,4
11249,4
2571,4
10553,4
5737,4
10017,4
226,4
225,4
10080,4
9843,4
4427,4
10729,4
7123,4
489,4
66,4
490,4
8434,4
13078,4
8985,4
10149,4
1621,4
2261,4
12900,4
918,4
9598,4
10647,4
4112,4
6161,4
6191,4
8041,4
7247,4
146,4
503,4
5236,4
3971,4
12588,4
6506,4
5133,4
7135,4
3204,4
11445,4
10534,4
783,4
2129,4
2885,4
2877,4
12667,4
7444,4
7231,4
4708,4
9354,4
5437,4
12129,4
6894,4
8168,4
10652,4
1499,4
6421,4
7302,4
12029,4
3135,4
1819,4
12440,4
14754,4
11619,4
13135,4
8393,4
1127,4
11715,4
7993,4
6374,4
574,4
6728,4
10924,4
3613,4
2442,4
896,4
5674,4
13753,4
7090,4
1259,4
4946,4
10438,4
10307,4
9066,4
7093,4
932,4
742,4
2169,4
9109,4
14284,4
5056,4
5230,4
12037,4
9588,4
5550,4
9460,4
12089,4
8085,4
10125,4
9131,4
8310,4
7979,4
6587,4
13678,4
12229,4
7055,4
12642,4
827,4
8461,4
11371,4
4210,4
13472,4
1837,4
13720,4
9273,4
3042,4
6079,4
7570,4
1645,4
12218,4
386,4
4109,4
4561,4
12998,4
4956,4
2132,4
3060,4
8629,4
4339,4
5774,4
6129,4
6322,4
3931,4
5531,4
2589,4
10670,4
7312,4
10183,4
8920,4
2727,4
2999,4
1533,4
9403,4
6027,4
3697,4
6461,4
4687,4
5928,4
2163,4
13958,4
3298,4
12270,4
11355,4
1746,4
10576,4
331,4
7338,4
4947,4
12354,4
662,4
10885,4
11601,4
641,4
12536,4
8363,4
6633,4
13539,4
7709,4
12679,4
8112,4
7140,4
2247,4
6337,4
7038,4
4715,4
8645,4
9496,4
3460,4
12147,4
7447,4
10093,4
2090,4
7913,4
10721,4
8416,4
2768,4
608,4
3251,4
4133,4
2869,4
3437,4
8845,4
7673,4
9233,4
1528,4
11605,4
11973,4
8285,4
9828,4
1466,4
9930,4
1505,4
6806,4
5878,4
13655,4
7212,4
13332,4
8741,4
9188,4
2130,4
5624,4
12694,4
1684,4
8412,4
3568,4
4503,4
5578,4
7932,4
8541,4
5841,4
12902,4
872,4
108,4
4615,4
7592,4
2603,4
4216,4
8396,4
10790,4
11752,4
5701,4
7555,4
3597,4
12583,4
3833,4
416,4
711,4
13722,4
3084,4
5340,4
8695,4
10003,4
6931,4
6010,4
6418,4
9591,4
10572,4
8375,4
6650,4
12170,4
3944,4
9771,4
9785,4
2748,4
1712,4
13300,4
749,4
13167,4
8266,4
4230,4
1946,4
2311,4
6760,4
2922,4
5817,4
712,4
13325,4
10551,4
11296,4
10500,4
11771,4
12879,4
6321,4
3266,4
2192,4
7694,4
5856,4
11315,4
127,4
5389,4
462,4
6460,4
7712,4
10127,4
5706,4
3201,4
9398,4
9407,4
11244,4
10780,4
10650,4
9520,4
6549,4
8321,4
3635,4
13451,4
1989,4
2926,4
1650,4
7777,4
9517,4
3924,4
11441,4
12122,4
260,4
8670,4
13196,4
2003,4
14021,4
3629,4
3727,4
6630,4
12922,4
937,4
1276,4
8086,4
11556,4
12115,4
7458,4
2342,4
352,4
6611,4
9564,4
147,4
7182,4
487,4
7811,4
6444,4
9737,4
3462,4
6623,4
6988,4
14243,4
8011,4
3148,4
9301,4
5862,4
3390,4
7321,4
5918,4
2614,4
1901,4
8423,4
7446,4
8328,4
7477,4
7020,4
8706,4
6965,4
7857,4
14130,4
9180,4
7778,4
10899,4
4586,4
13920,4
3784,4
10890,4
6236,4
2919,4
2354,4
8019,4
1048,4
10979,4
7397,4
1141,4
908,4
4257,4
9977,4
8631,4
5536,4
13402,4
739,4
3693,4
1710,4
8455,4
5836,4
7117,4
6219,4
4954,4
4271,4
10335,4
10060,4
6858,4
4280,4
3688,4
8777,4
9365,4
10578,4
6258,4
3155,4
4429,4
9669,4
11141,4
8906,4
6553,4
11199,4
9718,4
5292,4
1063,4
2478,4
1503,4
9698,4
11134,4
9942,4
13267,4
3414,4
13592,4
11114,4
403,4
5501,4
8380,4
7023,4
4934,4
11607,4
6995,4
10663,4
7519,4
7602,4
12646,4
12573,4
2049,4
10088,4
10723,4
13623,4
3596,4
10464,4
27,4
1854,4
8805,4
7542,4
5746,4
9750,4
11312,4
9871,4
2808,4
87,4
7786,4
9422,4
5183,4
10392,4
10592,4
14184,4
4412,4
8856,4
10396,4
4975,4
12774,4
1411,4
10403,4
12364,4
953,4
3187,4
5553,4
1551,4
12465,4
2447,4
2992,4
10016,4
1678,4
9032,4
10075,4
12273,4
158,4
6312,4
13951,4
5301,4
9629,4
1545,4
6664,4
572,4
1089,4
467,4
13013,4
8370,4
5371,4
3094,4
7329,4
6571,4
6071,4
8281,4
8466,4
5963,4
7885,4
7172,4
8174,4
4961,4
11177,4
1664,4
13919,4
2998,4
9894,4
5261,4
1739,4
12223,4
1040,4
5275,4
8270,4
2737,4
1880,4
7547,4
4792,4
12250,4
4486,4
9635,4
10929,4
5345,4
12178,4
2587,4
6941,4
7368,4
12858,4
4031,4
9756,4
10988,4
11938,4
1787,4
7788,4
12023,4
266,4
9263,4
6908,4
3025,4
1309,4
7139,4
14311,4
4738,4
5644,4
12231,4
10720,4
6387,4
5931,4
1512,4
10528,4
3170,4
2895,4
6986,4
8470,4
3023,4
4283,4
3152,4
4789,4
4987,4
11695,4
9079,4
7307,4
9547,4
7751,4
7454,4
4045,4
9735,4
6185,4
1959,4
12859,4
7187,4
3974,4
6736,4
2613,4
13928,4
9728,4
5160,4
5732,4
8977,4
5333,4
10004,4
1620,4
563,4
13197,4
14315,4
5385,4
4355,4
167,4
9002,4
927,4
10448,4
8051,4
340,4
7635,4
11262,4
13291,4
10966,4
2137,4
6420,4
12913,4
6897,4
1738,4
3587,4
11261,4
7646,4
2318,4
8198,4
11338,4
12806,4
8905,4
9774,4
9649,4
2657,4
2848,4
2066,4
12666,4
11113,4
5334,4
11906,4
12639,4
13231,4
9438,4
175,4
2747,4
2198,4
11773,4
3195,4
11538,4
7889,4
7448,4
11848,4
8991,4
327,4
4640,4
1808,4
3647,4
9389,4
580,4
9911,4
3231,4
88,4
11966,4
8117,4
394,4
8594,4
3994,4
8314,4
2968,4
3755,4
4867,4
9086,4
11486,4
5053,4
1601,4
10933,4
7776,4
8791,4
3292,4
6360,4
4504,4
9370,4
8552,4
12812,4
11543,4
2248,4
998,4
10118,4
5162,4
6183,4
7527,4
12815,4
7242,4
6917,4
11652,4
10151,4
4529,4
1422,4
8521,4
8818,4
10223,4
1961,4
3392,4
1057,4
11570,4
7024,4
1100,4
52,4
6935,4
5508,4
1446,4
13467,4
11175,4
9741,4
11884,4
59,4
13243,4
3005,4
2711,4
10676,4
6660,4
1395,4
4178,4
5510,4
9905,4
7478,4
7497,4
1793,4
13509,4
9411,4
4032,4
5295,4
9279,4
13999,4
526,4
2636,4
7787,4
6372,4
1268,4
9562,4
8590,4
4827,4
4438,4
3198,4
13527,4
5777,4
13095,4
3271,4
6327,4
10597,4
8159,4
12593,4
5166,4
3410,4
10067,4
4911,4
1669,4
8815,4
8564,4
4146,4
7333,4
12709,4
12925,4
8691,4
8471,4
14673,4
9852,4
8531,4
1567,4
13497,4
996,4
10291,4
8280,4
9844,4
3430,4
13012,4
1067,4
9653,4
7520,4
12067,4
7884,4
2507,4
738,4
9060,4
3551,4
5091,4
5399,4
12082,4
11554,4
3121,4
2596,4
4254,4
2930,4
11188,4
3631,4
1527,4
5533,4
9434,4
10429,4
7487,4
11211,4
2819,4
8904,4
7389,4
3449,4
3851,4
9474,4
9004,4
6187,4
4264,4
10131,4
4894,4
258,4
8798,4
7051,4
10189,4
357,4
8322,4
14196,4
1294,4
642,4
8430,4
13489,4
11591,4
7648,4
6976,4
5771,4
14100,4
14274,4
1497,4
9931,4
6457,4
9285,4
552,4
103,4
14467,4
4793,4
7152,4
12918,4
8231,4
9433,4
6435,4
2263,4
13283,4
12855,4
2890,4
9267,4
1909,4
1060,4
519,4
10527,4
10821,4
8161,4
2321,4
12502,4
6626,4
12191,4
12469,4
8705,4
5416,4
1045,4
3037,4
4309,4
8008,4
11473,4
687,4
3210,4
2934,4
991,4
6673,4
9508,4
3332,4
4657,4
2902,4
4495,4
1890,4
9138,4
11320,4
12935,4
3582,4
10958,4
14347,4
4089,4
2810,4
3374,4
2409,4
949,4
6842,4
13691,4
6186,4
1974,4
3939,4
12543,4
3831,4
4843,4
4110,4
10914,4
7291,4
11251,4
6657,4
4794,4
2863,4
3348,4
3826,4
2368,4
11314,4
2170,4
10510,4
946,4
1634,4
9402,4
7582,4
7528,4
3641,4
3371,4
9822,4
4397,4
5927,4
5493,4
4725,4
37,4
9429,4
7220,4
14716,4
8346,4
3012,4
5498,4
2030,4
3558,4
1776,4
1399,4
243,4
9824,4
4152,4
11598,4
2740,4
5139,4
9687,4
14553,4
5806,4
5094,4
716,4
1036,4
7465,4
5718,4
1917,4
10195,4
8371,4
5355,4
8142,4
3537,4
2997,4
2076,4
7481,4
4100,4
114,4
2305,4
6527,4
4006,4
296,4
11025,4
5169,4
7502,4
4689,4
3874,4
270,4
5152,4
12321,4
9714,4
804,4
13346,4
5512,4
13612,4
436,4
6688,4
809,4
13810,4
9869,4
2994,4
11797,4
11180,4
9540,4
3777,4
12590,4
12791,4
8567,4
10609,4
3035,4
536,4
6770,4
1925,4
10321,4
7336,4
8628,4
7014,4
7779,4
6224,4
2161,4
1099,4
8392,4
8070,4
3193,4
5460,4
6720,4
7665,4
3165,4
4005,4
6687,4
7821,4
10702,4
8440,4
1412,4
11858,4
3717,4
423,4
3340,4
7475,4
546,4
9378,4
9134,4
603,4
5864,4
3627,4
346,4
496,4
11118,4
11152,4
6284,4
10404,4
3358,4
2876,4
308,4
11563,4
10416,4
11941,4
8394,4
13117,4
6317,4
4269,4
5439,4
2857,4
11891,4
4601,4
3448,4
3984,4
2793,4
1906,4
7132,4
7686,4
6080,4
1727,4
8672,4
1697,4
8954,4
14286,4
913,4
6280,4
5434,4
9684,4
12883,4
9322,4
6179,4
2786,4
4493,4
9051,4
13805,4
4255,4
11887,4
11228,4
9122,4
2637,4
8623,4
5993,4
1807,4
4993,4
11294,4
4027,4
961,4
5119,4
10497,4
14443,4
6254,4
498,4
5748,4
9995,4
1135,4
4874,4
7143,4
11082,4
13032,4
2063,4
4288,4
11721,4
7073,4
12154,4
7583,4
1312,4
762,4
10886,4
3493,4
10023,4
7816,4
9394,4
951,4
10276,4
3475,4
5380,4
5583,4
7413,4
2575,4
11930,4
626,4
13868,4
1879,4
3180,4
11161,4
9592,4
3870,4
12008,4
3967,4
3639,4
10791,4
7432,4
2643,4
392,4
8523,4
6208,4
9027,4
13214,4
7892,4
4741,4
3116,4
13506,4
4795,4
6722,4
3469,4
2772,4
255,4
4570,4
12054,4
12681,4
7625,4
183,4
9417,4
8710,4
12743,4
6396,4
6061,4
5283,4
10822,4
12350,4
6556,4
14508,4
2466,4
11360,4
7264,4
2293,4
12186,4
8532,4
727,4
12824,4
7898,4
10857,4
5359,4
9068,4
5281,4
8213,4
7870,4
2062,4
8972,4
6838,4
13808,4
11007,4
12933,4
2252,4
14520,4
130,4
6347,4
4012,4
12235,4
6049,4
3433,4
2,4
2330,4
11886,4
142,4
7129,4
13764,4
7806,4
6830,4
411,4
11707,4
8246,4
12141,4
7650,4
2277,4
9366,4
6998,4
6209,4
8435,4
12254,4
9957,4
10913,4
538,4
2766,4
9862,4
10483,4
4960,4
6565,4
11753,4
8895,4
13203,4
14296,4
7193,4
1445,4
9227,4
11305,4
11860,4
14403,4
4552,4
8803,4
6003,4
1846,4
11139,4
941,4
11500,4
4663,4
8633,4
10904,4
5289,4
10776,4
8655,4
11670,4
6885,4
6333,4
6415,4
5235,4
10408,4
11734,4
10883,4
12841,4
9304,4
410,4
1683,4
5376,4
3632,4
8278,4
741,4
12557,4
1116,4
11380,4
1077,4
4080,4
6997,4
2395,4
14325,4
26,4
1913,4
7598,4
9903,4
11547,4
11831,4
9065,4
7000,4
8847,4
8621,4
1654,4
9010,4
421,4
13818,4
6877,4
486,4
6818,4
12430,4
12501,4
1649,4
13009,4
8179,4
665,4
13202,4
5866,4
2069,4
7386,4
10135,4
351,4
3388,4
12541,4
11627,4
1328,4
13327,4
5361,4
6233,4
768,4
13279,4
4588,4
9825,4
10977,4
231,4
11035,4
2703,4
10486,4
4571,4
5348,4
286,4
886,4
6669,4
1195,4
6177,4
2516,4
58,4
7888,4
5336,4
6804,4
10178,4
6052,4
5625,4
13215,4
6738,4
6235,4
8537,4
2891,4
857,4
4453,4
12992,4
2854,4
12759,4
1526,4
9904,4
2303,4
10595,4
2779,4
7678,4
6441,4
8674,4
8701,4
9341,4
12771,4
3048,4
1168,4
12647,4
5669,4
9528,4
22,4
11991,4
11375,4
6126,4
5338,4
13394,4
9157,4
1498,4
9743,4
1340,4
3556,4
4007,4
3877,4
13380,4
12466,4
6949,4
6963,4
9445,4
1479,4
2600,4
9461,4
6462,4
3564,4
4464,4
9001,4
6195,4
9120,4
6076,4
13116,4
11828,4
11836,4
4604,4
1536,4
10454,4
8599,4
9794,4
12097,4
4692,4
4457,4
9974,4
10271,4
8718,4
11436,4
3246,4
10191,4
4085,4
8237,4
3594,4
10795,4
11602,4
11162,4
9751,4
9560,4
5066,4
8234,4
6930,4
5897,4
10262,4
7895,4
4677,4
7914,4
7008,4
12347,4
10090,4
10945,4
10884,4
10948,4
1920,4
8716,4
3021,4
1233,4
13008,4
13605,4
2804,4
1663,4
12891,4
7837,4
7748,4
13586,4
11219,4
8492,4
439,4
11147,4
9504,4
11846,4
5204,4
579,4
11511,4
5368,4
4423,4
10361,4
2152,4
10512,4
11337,4
5962,4
7154,4
8097,4
4781,4
13812,4
4049,4
1552,4
8121,4
4067,4
7237,4
7781,4
7729,4
5022,4
12751,4
5574,4
11503,4
10862,4
7681,4
10743,4
13216,4
3970,4
6404,4
12638,4
8641,4
8316,4
9516,4
2425,4
5886,4
8257,4
11397,4
218,4
9064,4
9956,4
1346,4
3756,4
11667,4
11342,4
11971,4
7379,4
1703,4
3964,4
12015,4
6453,4
9645,4
5575,4
12024,4
8699,4
6411,4
9019,4
4335,4
10513,4
7976,4
7731,4
2181,4
12046,4
6711,4
12311,4
13801,4
10299,4
1952,4
13207,4
8707,4
6636,4
5269,4
6882,4
623,4
11523,4
2283,4
12657,4
13337,4
9339,4
2032,4
4140,4
5280,4
8975,4
3797,4
10869,4
13607,4
13998,4
1569,4
7297,4
2744,4
1437,4
9729,4
12584,4
5778,4
3982,4
2021,4
12648,4
12484,4
2904,4
12172,4
3733,4
1291,4
13168,4
11497,4
7258,4
4064,4
7289,4
269,4
5843,4
4719,4
4292,4
6617,4
764,4
97,4
2234,4
10567,4
7757,4
11834,4
2645,4
1861,4
969,4
13109,4
3467,4
11377,4
8454,4
5766,4
159,4
9270,4
5518,4
12166,4
958,4
4059,4
833,4
779,4
1724,4
2175,4
1506,4
6504,4
7309,4
3676,4
7358,4
3097,4
330,4
11824,4
4171,4
2640,4
12304,4
13335,4
3369,4
12441,4
1459,4
8137,4
8429,4
10211,4
12101,4
2210,4
14236,4
2874,4
9281,4
8069,4
11728,4
6809,4
13241,4
3765,4
4851,4
1938,4
11790,4
2686,4
2844,4
1559,4
3068,4
11299,4
10563,4
2475,4
3287,4
9874,4
2043,4
10482,4
6007,4
11095,4
6920,4
9253,4
5950,4
11054,4
604,4
11750,4
8644,4
4538,4
6507,4
11914,4
4356,4
3114,4
4808,4
4621,4
5822,4
7180,4
2142,4
9048,4
5341,4
11801,4
2011,4
6667,4
1785,4
11411,4
6953,4
10446,4
2418,4
2054,4
7048,4
5783,4
11071,4
14654,4
5000,4
4646,4
9307,4
12701,4
2831,4
2224,4
11258,4
7083,4
465,4
2781,4
12093,4
10490,4
11883,4
4881,4
4916,4
3619,4
854,4
2052,4
13403,4
13672,4
5063,4
12919,4
4661,4
4547,4
13878,4
2937,4
6505,4
13174,4
9839,4
12059,4
8191,4
4086,4
3803,4
11459,4
1642,4
5251,4
1985,4
14137,4
12086,4
3763,4
11924,4
3239,4
1130,4
6503,4
8556,4
10040,4
1163,4
1765,4
2785,4
9069,4
527,4
5552,4
6799,4
10393,4
9393,4
1205,4
11243,4
4203,4
3235,4
7248,4
12649,4
9707,4
11133,4
6989,4
4903,4
3989,4
14264,4
11213,4
14200,4
14098,4
3269,4
102,4
2250,4
9114,4
11460,4
2524,4
8028,4
5563,4
14370,4
11960,4
7398,4
4530,4
7196,4
7405,4
14045,4
9920,4
1314,4
10621,4
12277,4
6957,4
3615,4
11641,4
1138,4
11023,4
3485,4
10138,4
8050,4
390,4
1260,4
2798,4
1264,4
954,4
11034,4
11979,4
1542,4
7348,4
312,4
9186,4
8182,4
887,4
1007,4
9265,4
7033,4
1390,4
12665,4
11463,4
7720,4
6875,4
2580,4
8761,4
8508,4
9344,4
3672,4
8158,4
1391,4
12510,4
11841,4
8689,4
4471,4
848,4
14117,4
5507,4
8453,4
4667,4
7864,4
670,4
11136,4
15,4
4497,4
16,4
7725,4
12156,4
10973,4
9439,4
988,4
5496,4
6618,4
13097,4
9878,4
6145,4
11348,4
1657,4
12228,4
9945,4
1780,4
3655,4
7094,4
9677,4
10700,4
1290,4
6691,4
7730,4
4685,4
10141,4
4338,4
1889,4
970,4
12773,4
8702,4
2642,4
7663,4
4384,4
11781,4
13270,4
7667,4
6253,4
4958,4
10150,4
3139,4
2707,4
3053,4
1137,4
9928,4
10122,4
11940,4
8970,4
13637,4
6139,4
4915,4
5008,4
5559,4
14213,4
614,4
11606,4
11223,4
8605,4
10858,4
6847,4
6653,4
7928,4
45,4
4861,4
9331,4
12135,4
10522,4
5830,4
13821,4
12705,4
5081,4
7533,4
2573,4
9006,4
6004,4
2889,4
6402,4
7331,4
5831,4
9391,4
9850,4
10564,4
13422,4
3214,4
3737,4
12805,4
10158,4
13796,4
4199,4
8721,4
14735,4
4219,4
7798,4
4485,4
4619,4
2807,4
1555,4
14222,4
5017,4
10033,4
8841,4
5237,4
14486,4
4145,4
10964,4
2765,4
12361,4
7396,4
9808,4
10188,4
6537,4
4316,4
2800,4
1851,4
10629,4
5668,4
5393,4
3138,4
12628,4
4267,4
3642,4
13807,4
5565,4
1348,4
3821,4
9897,4
12349,4
3573,4
4179,4
12875,4
568,4
9671,4
11328,4
12328,4
6398,4
2721,4
4305,4
1658,4
3837,4
13880,4
9523,4
12561,4
10086,4
10709,4
2186,4
1564,4
8790,4
3523,4
1066,4
5109,4
11553,4
8101,4
8090,4
1502,4
10678,4
7433,4
3344,4
6188,4
4003,4
10910,4
1010,4
4584,4
12136,4
11819,4
13027,4
11881,4
7046,4
12844,4
3331,4
7760,4
8688,4
7459,4
3709,4
8776,4
12754,4
4518,4
12320,4
6173,4
2950,4
11649,4
7623,4
11600,4
13359,4
4274,4
4972,4
569,4
222,4
4403,4
5932,4
7304,4
9367,4
4057,4
10946,4
7453,4
9859,4
1732,4
10308,4
3399,4
9355,4
8979,4
8457,4
5148,4
13715,4
7460,4
5929,4
14435,4
756,4
11449,4
3100,4
7269,4
7627,4
5631,4
9947,4
6008,4
2830,4
7526,4
8891,4
3333,4
446,4
9655,4
339,4
7463,4
3127,4
3500,4
5863,4
3423,4
6559,4
1150,4
12391,4
513,4
1580,4
9350,4
2302,4
9251,4
3965,4
6313,4
3174,4
11424,4
6511,4
11876,4
11555,4
4239,4
7323,4
9217,4
2894,4
1305,4
7800,4
3849,4
8522,4
3956,4
4842,4
7513,4
11127,4
8252,4
3089,4
232,4
2165,4
12335,4
11595,4
11154,4
9280,4
7451,4
3541,4
1461,4
822,4
2663,4
6116,4
2121,4
3628,4
3350,4
3083,4
6863,4
10573,4
4896,4
9178,4
6971,4
11008,4
12596,4
10106,4
6609,4
5138,4
7893,4
9992,4
3630,4
9166,4
9965,4
13036,4
3464,4
6430,4
2429,4
3977,4
6452,4
8763,4
630,4
11680,4
2732,4
4483,4
5700,4
3197,4
3640,4
10867,4
5539,4
3776,4
4450,4
3591,4
3559,4
2215,4
2480,4
12888,4
10689,4
9627,4
6046,4
63,4
12712,4
8009,4
817,4
1630,4
540,4
1087,4
3758,4
6449,4
12353,4
12503,4
7305,4
912,4
2352,4
6015,4
2724,4
7612,4
9949,4
1898,4
366,4
7813,4
2985,4
2538,4
10660,4
8146,4
1123,4
7019,4
10475,4
5495,4
2197,4
5478,4
5638,4
9954,4
6845,4
9340,4
6040,4
13711,4
3088,4
12545,4
7165,4
11499,4
5809,4
9812,4
8679,4
7624,4
3800,4
9832,4
5938,4
13001,4
725,4
3816,4
6574,4
10623,4
405,4
3868,4
485,4
3487,4
9014,4
7591,4
9922,4
3194,4
10600,4
8503,4
3978,4
8960,4
8981,4
8711,4
1242,4
11308,4
10651,4
3416,4
2742,4
11427,4
12776,4
5632,4
14020,4
13059,4
5893,4
9807,4
5271,4
273,4
7376,4
5223,4
10031,4
13180,4
6746,4
2065,4
4807,4
11544,4
8279,4
8433,4
10517,4
2266,4
5259,4
3110,4
1361,4
11714,4
11374,4
6921,4
7817,4
7911,4
1488,4
6767,4
1788,4
5134,4
3484,4
7906,4
7449,4
10113,4
6778,4
3227,4
279,4
4063,4
4331,4
4051,4
622,4
7061,4
11871,4
7750,4
4940,4
3346,4
3658,4
6597,4
11639,4
8481,4
6054,4
7590,4
7659,4
14192,4
9554,4
11474,4
4537,4
2474,4
9670,4
12781,4
8708,4
6385,4
10750,4
9955,4
8877,4
1597,4
10620,4
4597,4
6084,4
10688,4
10465,4
7637,4
11560,4
14330,4
12614,4
1319,4
4679,4
1299,4
10901,4
3544,4
5126,4
6143,4
3685,4
13393,4
1759,4
5703,4
8697,4
11660,4
8221,4
4332,4
13046,4
2094,4
1637,4
13893,4
4124,4
11185,4
81,4
8348,4
13645,4
3930,4
10753,4
5630,4
10614,4
10810,4
12276,4
10341,4
9809,4
5609,4
2243,4
4241,4
7100,4
9969,4
7227,4
14129,4
1704,4
6608,4
10999,4
7362,4
7511,4
11126,4
7142,5
13915,5
12410,5
7505,5
11937,5
12252,5
6731,5
1868,5
13087,5
7617,5
12787,5
13091,5
9313,5
1369,5
13725,5
11810,5
4038,5
8301,5
8680,5
5105,5
8731,5
5375,5
7847,5
7066,5
11617,5
11116,5
3921,5
4810,5
14351,5
12740,5
2099,5
11509,5
9752,5
5524,5
6230,5
7524,5
5872,5
1101,5
12402,5
13083,5
9739,5
428,5
10641,5
6787,5
8477,5
9851,5
14278,5
9524,5
7689,5
7306,5
2511,5
2584,5
13345,5
3882,5
11769,5
10309,5
4394,5
7274,5
2184,5
3992,5
888,5
3847,5
6364,5
4756,5
7918,5
10856,5
5314,5
10469,5
12031,5
6533,5
12310,5
1198,5
11300,5
8259,5
1902,5
5555,5
9017,5
4044,5
4051,5
3886,5
11006,5
8732,5
12635,5
7714,5
9503,5
3345,5
1628,5
12358,5
11321,5
2917,5
12507,5
8205,5
4290,5
7219,5
9360,5
10480,5
10259,5
5708,5
3062,5
9994,5
10476,5
2269,5
964,5
7670,5
212,5
8381,5
10073,5
6922,5
4153,5
4270,5
1367,5
11413,5
4137,5
7011,5
12496,5
11513,5
8603,5
9600,5
2195,5
13269,5
8456,5
8807,5
4543,5
7370,5
3900,5
9792,5
13859,5
1177,5
13934,5
9628,5
1075,5
3571,5
928,5
12989,5
4878,5
9202,5
12661,5
10129,5
632,5
10917,5
1220,5
13843,5
1337,5
458,5
11597,5
944,5
13642,5
13181,5
7054,5
1281,5
4805,5
7488,5
7600,5
13625,5
7761,5
12738,5
10550,5
8982,5
10108,5
9773,5
193,5
13230,5
12729,5
13770,5
6272,5
11845,5
4515,5
11083,5
9325,5
8318,5
2625,5
11239,5
9236,5
5267,5
11336,5
1216,5
7492,5
11339,5
6621,5
109,5
4248,5
2275,5
4430,5
4991,5
3203,5
11013,5
10280,5
3808,5
9329,5
7763,5
8754,5
7553,5
6834,5
8414,5
11577,5
1058,5
7883,5
9656,5
1440,5
11370,5
1735,5
7252,5
1768,5
9896,5
10391,5
13388,5
5457,5
2255,5
3529,5
7056,5
1730,5
6128,5
13616,5
12363,5
11844,5
5835,5
4328,5
3532,5
8087,5
3357,5
2412,5
13024,5
8821,5
7908,5
10087,5
393,5
4928,5
9228,5
2730,5
13466,5
7910,5
55,5
12442,5
13979,5
13752,5
8484,5
7752,5
9421,5
1219,5
2572,5
11092,5
9238,5
6573,5
1862,5
3181,5
1899,5
6035,5
10145,5
6114,5
771,5
12581,5
5443,5
719,5
438,5
7021,5
6639,5
13060,5
8978,5
3909,5
6820,5
2173,5
10679,5
9610,5
5420,5
11485,5
7556,5
8460,5
9884,5
13089,5
1646,5
13895,5
10491,5
4424,5
12222,5
5758,5
7174,5
3295,5
11331,5
2905,5
8703,5
107,5
8709,5
6979,5
11744,5
13448,5
14375,5
7622,5
14001,5
8151,5
9990,5
5037,5
13558,5
11150,5
7190,5
3606,5
7043,5
4913,5
5870,5
3570,5
7754,5
9973,5
443,5
12579,5
5924,5
1888,5
3141,5
11350,5
10270,5
4488,5
12027,5
14331,5
13654,5
11626,5
1326,5
11659,5
12949,5
5140,5
3499,5
3490,5
5772,5
7814,5
7209,5
1791,5
7022,5
7749,5
8036,5
10390,5
12415,5
5402,5
11949,5
8810,5
12319,5
13090,5
397,5
10056,5
3321,5
11077,5
6231,5
1336,5
10495,5
10228,5
3353,5
2958,5
9092,5
3933,5
4198,5
9450,5
8757,5
5851,5
10851,5
11367,5
8240,5
5740,5
7028,5
5949,5
5291,5
5682,5
3216,5
8819,5
7782,5
5580,5
13445,5
6763,5
8130,5
4327,5
678,5
5201,5
3533,5
8340,5
9624,5
6546,5
773,5
10220,5
844,5
7812,5
342,5
5926,5
591,5
13903,5
2814,5
12611,5
2920,5
11318,5
10960,5
4263,5
9573,5
13336,5
11654,5
11739,5
7998,5
9269,5
13763,5
4893,5
6644,5
3957,5
10803,5
5221,5
1113,5
667,5
11105,5
6962,5
4055,5
11406,5
11765,5
5747,5
10337,5
6078,5
6222,5
3446,5
4364,5
5379,5
5142,5
8006,5
2651,5
354,5
9798,5
11310,5
5358,5
9245,5
6115,5
6914,5
12300,5
12804,5
5354,5
6710,5
14251,5
9256,5
4490,5
9819,5
11900,5
5013,5
14005,5
4574,5
12630,5
7706,5
6232,5
11818,5
6419,5
8690,5
8713,5
11089,5
4245,5
9998,5
1574,5
8796,5
875,5
10019,5
11307,5
618,5
6791,5
13420,5
7387,5
1343,5
2896,5
605,5
7096,5
13680,5
2078,5
12244,5
1794,5
9206,5
8493,5
6294,5
5293,5
1705,5
4244,5
8520,5
12396,5
6210,5
2039,5
1895,5
1255,5
8918,5
10905,5
2312,5
8756,5
6655,5
6070,5
10574,5
14326,5
2145,5
8669,5
6279,5
9386,5
1978,5
990,5
9029,5
6719,5
9334,5
4873,5
11505,5
13573,5
2957,5
3753,5
2755,5
1665,5
12852,5
8608,5
5038,5
518,5
1236,5
14134,5
1874,5
2608,5
1513,5
3646,5
14427,5
9961,5
5948,5
11153,5
10311,5
5497,5
6482,5
3703,5
6867,5
12384,5
11464,5
56,5
2658,5
5468,5
358,5
9203,5
477,5
10730,5
5789,5
2221,5
3684,5
9213,5
14003,5
8746,5
10541,5
11461,5
9491,5
5717,5
6278,5
12782,5
522,5
14895,5
1483,5
7723,5
2479,5
11798,5
12994,5
10833,5
13502,5
8496,5
9056,5
9425,5
5396,5
3586,5
4684,5
2359,5
4660,5
13997,5
6680,5
2092,5
2506,5
6053,5
12456,5
778,5
10854,5
5100,5
6485,5
3863,5
2473,5
2267,5
4849,5
207,5
13643,5
5466,5
7728,5
8830,5
395,5
12934,5
2955,5
3581,5
5317,5
581,5
770,5
11396,5
14279,5
10374,5
2212,5
3554,5
3385,5
5390,5
10412,5
11270,5
5062,5
12040,5
2843,5
6729,5
4622,5
4780,5
11669,5
9291,5
12797,5
10000,5
4659,5
9384,5
362,5
890,5
10418,5
8216,5
13668,5
5634,5
6119,5
2209,5
13780,5
5130,5
10667,5
4029,5
12014,5
2675,5
6777,5
1477,5
7942,5
13718,5
10174,5
11017,5
11237,5
5526,5
8185,5
7109,5
11304,5
10237,5
6045,5
11508,5
5324,5
5605,5
12558,5
7849,5
1719,5
10664,5
5409,5
895,5
12995,5
1509,5
14281,5
6246,5
3665,5
14303,5
1600,5
8254,5
13058,5
14209,5
5946,5
454,5
10687,5
9597,5
8986,5
3151,5
10785,5
2193,5
10985,5
717,5
3917,5
10590,5
407,5
13437,5
9037,5
9466,5
12737,5
3845,5
10733,5
1482,5
13536,5
2626,5
8263,5
7523,5
9401,5
10855,5
3234,5
229,5
6252,5
1221,5
3495,5
13379,5
8606,5
7006,5
7018,5
12598,5
3355,5
9602,5
8133,5
8113,5
7034,5
9456,5
13587,5
1418,5
12413,5
9720,5
3183,5
7907,5
12529,5
3200,5
2855,5
10861,5
780,5
2157,5
2690,5
9835,5
5540,5
3154,5
7341,5
11068,5
10704,5
9130,5
10762,5
6833,5
992,5
5643,5
1209,5
7060,5
6354,5
13853,5
7574,5
12100,5
10982,5
8040,5
8750,5
14252,5
14102,5
9137,5
13371,5
530,5
10834,5
12873,5
1131,5
10830,5
8200,5
2982,5
13192,5
10266,5
10529,5
5698,5
4075,5
6849,5
13477,5
11010,5
10626,5
4207,5
7971,5
2391,5
2086,5
289,5
10074,5
4066,5
474,5
7382,5
7661,5
5981,5
10219,5
2038,5
7491,5
261,5
12944,5
7103,5
5065,5
12658,5
2655,5
5966,5
5464,5
6154,5
4909,5
12025,5
5490,5
8764,5
13533,5
12090,5
12889,5
10991,5
11705,5
11740,5
14136,5
13441,5
13554,5
7548,5
4341,5
5308,5
5762,5
1324,5
5044,5
7521,5
10225,5
10536,5
7205,5
6645,5
12982,5
10241,5
559,5
963,5
10011,5
11027,5
1565,5
13129,5
11857,5
8386,5
1400,5
5593,5
14295,5
9690,5
11725,5
10683,5
4839,5
12127,5
9950,5
5108,5
13870,5
3572,5
6032,5
7801,5
161,5
8269,5
10399,5
6889,5
7496,5
789,5
5792,5
10430,5
11324,5
11656,5
12274,5
12490,5
8448,5
11859,5
10049,5
10398,5
13842,5
5472,5
8627,5
7070,5
3936,5
3943,5
8071,5
7672,5
5116,5
3743,5
566,5
2472,5
2501,5
13523,5
1737,5
12538,5
2697,5
9242,5
2477,5
440,5
14039,5
14257,5
11632,5
4487,5
13603,5
6749,5
5184,5
3620,5
3199,5
587,5
4950,5
9879,5
7275,5
2299,5
12151,5
8637,5
9182,5
5834,5
688,5
1284,5
1426,5
8916,5
9604,5
2518,5
4256,5
11357,5
4750,5
1666,5
11642,5
9448,5
9076,5
10378,5
7277,5
12676,5
10353,5
9153,5
8,5
13766,5
8884,5
6163,5
6793,5
11636,5
1728,5
3431,5
12428,5
2495,5
13599,5
1103,5
8102,5
9348,5
9619,5
2619,5
12621,5
3695,5
10727,5
11609,5
11559,5
4129,5
6915,5
11278,5
8737,5
12406,5
14288,5
1286,5
13561,5
9543,5
9534,5
7824,5
11186,5
5675,5
2519,5
12366,5
9772,5
9083,5
13665,5
3659,5
10180,5
4048,5
12041,5
5206,5
8029,5
4595,5
11616,5
7618,5
11522,5
7268,5
1235,5
6705,5
4935,5
12736,5
12016,5
8772,5
11059,5
10487,5
12264,5
4188,5
3507,5
1817,5
14310,5
6870,5
11867,5
11537,5
9036,5
13557,5
6058,5
9284,5
807,5
11909,5
10215,5
14690,5
7452,5
755,5
1432,5
13531,5
7311,5
12923,5
13055,5
2522,5
6361,5
7825,5
12167,5
4587,5
10324,5
12088,5
3887,5
14357,5
5121,5
4758,5
469,5
14277,5
4162,5
9493,5
9184,5
9302,5
5395,5
9012,5
14018,5
5556,5
408,5
6160,5
9170,5
277,5
6781,5
6371,5
2908,5
11181,5
1173,5
13225,5
9324,5
11675,5
10024,5
1830,5
6946,5
2413,5
8395,5
5197,5
13247,5
4071,5
9310,5
5655,5
3543,5
12355,5
8479,5
10363,5
5131,5
9025,5
14293,5
14521,5
7630,5
9910,5
3156,5
448,5
11048,5
5064,5
13963,5
7031,5
9988,5
12857,5
2081,5
7490,5
2620,5
952,5
1297,5
13791,5
11747,5
13713,5
13287,5
10032,5
5252,5
9458,5
14504,5
6780,5
4217,5
3512,5
5520,5
575,5
5522,5
4040,5
2847,5
12106,5
10745,5
13447,5
11557,5
11249,5
10553,5
2571,5
225,5
9843,5
4427,5
10729,5
7123,5
8434,5
8985,5
10149,5
1621,5
9598,5
10647,5
6161,5
8041,5
7247,5
503,5
3971,5
12588,5
11445,5
10534,5
2129,5
7444,5
7231,5
9354,5
5437,5
8168,5
12029,5
6421,5
14754,5
13135,5
7993,5
11715,5
6374,5
574,5
6728,5
10924,5
2442,5
1259,5
4946,5
7093,5
932,5
742,5
2169,5
14284,5
12037,5
9588,5
12089,5
8085,5
9131,5
7979,5
6587,5
13678,5
7055,5
12642,5
827,5
8461,5
13472,5
1837,5
9273,5
1645,5
12218,5
4109,5
4561,5
12998,5
4956,5
5774,5
5531,5
2589,5
10670,5
10183,5
2999,5
9403,5
6027,5
3697,5
13958,5
662,5
12354,5
641,5
10885,5
11601,5
6633,5
13539,5
7709,5
2247,5
6337,5
7038,5
4715,5
8645,5
3460,5
7447,5
10093,5
2090,5
7913,5
10721,5
2768,5
3437,5
7673,5
9233,5
1528,5
11605,5
11973,5
9930,5
9828,5
5878,5
7212,5
13332,5
2130,5
5624,5
12694,5
3568,5
4503,5
12902,5
4615,5
108,5
7592,5
4216,5
8396,5
10790,5
5701,5
3597,5
12583,5
13722,5
3084,5
8695,5
10003,5
6931,5
10572,5
8375,5
12170,5
9771,5
9785,5
13300,5
8266,5
4230,5
1946,5
6760,5
2922,5
13325,5
712,5
11771,5
12879,5
6321,5
2192,5
7694,5
11315,5
127,5
6460,5
7712,5
10127,5
3201,5
9407,5
11244,5
10780,5
3635,5
1989,5
2926,5
3924,5
8670,5
14021,5
3629,5
3727,5
12115,5
7458,5
352,5
9564,5
487,5
7811,5
9737,5
6988,5
14243,5
3148,5
7321,5
5918,5
1901,5
8423,5
7446,5
8328,5
6965,5
7857,5
14130,5
9180,5
10899,5
3784,5
2919,5
2354,5
8019,5
10979,5
908,5
4257,5
9977,5
3693,5
8455,5
5836,5
6219,5
10335,5
4280,5
3688,5
8777,5
9365,5
10578,5
4429,5
9669,5
11141,5
8906,5
6553,5
1063,5
9698,5
13267,5
11114,5
403,5
4934,5
7023,5
11607,5
6995,5
12646,5
12573,5
27,5
1854,5
8805,5
9750,5
11312,5
9871,5
5183,5
7786,5
10592,5
14184,5
4412,5
10396,5
4975,5
12774,5
1411,5
10403,5
12364,5
1551,5
12465,5
2447,5
2992,5
9032,5
12273,5
6312,5
5301,5
572,5
6664,5
467,5
8370,5
5371,5
6571,5
8466,5
5963,5
7172,5
8174,5
11177,5
1664,5
13919,5
2998,5
9894,5
5261,5
1739,5
1040,5
5275,5
8270,5
4792,5
4486,5
9635,5
12178,5
7368,5
12858,5
9756,5
10988,5
11938,5
1787,5
7788,5
12023,5
9263,5
3025,5
1309,5
7139,5
5644,5
12231,5
10720,5
5931,5
1512,5
10528,5
3170,5
8470,5
6986,5
4283,5
4789,5
4987,5
9547,5
7751,5
4045,5
9735,5
14638,5
7187,5
3974,5
2613,5
13928,5
9728,5
5160,5
5732,5
5333,5
10004,5
13197,5
4355,5
167,5
927,5
8051,5
11262,5
13291,5
2137,5
6420,5
12913,5
2318,5
8198,5
12806,5
8905,5
9774,5
9649,5
2848,5
12666,5
12639,5
11906,5
175,5
9438,5
7889,5
7448,5
11848,5
327,5
1808,5
9389,5
580,5
3231,5
11966,5
394,5
3994,5
3755,5
11486,5
10933,5
7776,5
8791,5
3292,5
6360,5
4504,5
9370,5
12812,5
11543,5
10118,5
8818,5
10223,5
1057,5
11570,5
6935,5
3005,5
10676,5
6660,5
4178,5
9905,5
7478,5
7497,5
13509,5
9411,5
5295,5
13999,5
526,5
7787,5
1268,5
9562,5
8590,5
4438,5
3198,5
5777,5
13095,5
10597,5
12593,5
1669,5
5166,5
3410,5
10067,5
8564,5
4146,5
12709,5
12925,5
8471,5
14673,5
8531,5
1567,5
13497,5
996,5
9844,5
3430,5
13012,5
1067,5
12067,5
9060,5
3551,5
12082,5
2930,5
3631,5
1527,5
9434,5
10429,5
3449,5
9474,5
6187,5
10131,5
7051,5
10189,5
357,5
8322,5
14196,5
13489,5
6976,5
5771,5
14100,5
1497,5
14467,5
7152,5
8231,5
6435,5
2263,5
13283,5
12855,5
2890,5
519,5
10527,5
10821,5
8161,5
12502,5
3037,5
4309,5
8008,5
3210,5
2934,5
991,5
9508,5
2902,5
1890,5
11320,5
3582,5
14347,5
4089,5
3374,5
2409,5
6842,5
6186,5
4110,5
10914,5
7291,5
11251,5
4794,5
3348,5
11314,5
10510,5
946,5
7582,5
3641,5
9822,5
5493,5
4725,5
37,5
7220,5
14716,5
8346,5
3558,5
9824,5
9687,5
5139,5
5806,5
5094,5
716,5
5718,5
10195,5
8371,5
5355,5
7481,5
114,5
6527,5
4006,5
296,5
11025,5
4689,5
3874,5
9714,5
13346,5
5512,5
436,5
6688,5
809,5
13810,5
2994,5
11797,5
11180,5
9540,5
12590,5
12791,5
536,5
1925,5
8628,5
6224,5
6720,5
7821,5
3165,5
8440,5
6687,5
10702,5
1412,5
11858,5
423,5
9378,5
5864,5
346,5
11118,5
11152,5
6284,5
2876,5
308,5
11563,5
8394,5
11941,5
6317,5
4269,5
2857,5
11891,5
4601,5
3448,5
2793,5
7686,5
6080,5
1727,5
8672,5
14286,5
6280,5
12883,5
9322,5
9051,5
4255,5
11228,5
2637,5
8623,5
4027,5
961,5
10497,5
14443,5
6254,5
498,5
1135,5
4874,5
13032,5
11721,5
12154,5
7583,5
1312,5
762,5
10886,5
3493,5
9394,5
10276,5
5380,5
11930,5
13868,5
3180,5
11161,5
9592,5
3870,5
3639,5
10791,5
7432,5
392,5
8523,5
6208,5
4741,5
13506,5
3469,5
2772,5
4570,5
12054,5
12681,5
183,5
8710,5
12743,5
5283,5
12350,5
14508,5
2466,5
7264,5
2293,5
8532,5
12824,5
10857,5
5359,5
9068,5
2062,5
8972,5
13808,5
11007,5
12933,5
14520,5
3433,5
2,5
11886,5
7129,5
13764,5
11707,5
6209,5
12254,5
4960,5
9862,5
10483,5
13203,5
14296,5
7193,5
1445,5
11305,5
14403,5
4552,5
8803,5
1846,5
11139,5
11500,5
10904,5
5289,5
8655,5
11670,5
6885,5
6333,5
5235,5
10408,5
11734,5
9304,5
410,5
1683,5
8278,5
741,5
12557,5
1116,5
1077,5
6997,5
2395,5
26,5
9903,5
11831,5
9065,5
7000,5
8847,5
13818,5
6877,5
12430,5
1649,5
13009,5
665,5
13202,5
2069,5
7386,5
12541,5
11627,5
1328,5
13327,5
5361,5
6233,5
768,5
13279,5
231,5
10486,5
5348,5
6669,5
2516,5
58,5
5336,5
6804,5
10178,5
13215,5
2854,5
12759,5
1526,5
10595,5
2779,5
6441,5
3048,5
12647,5
9528,5
22,5
11991,5
6126,5
13394,5
9157,5
1340,5
3556,5
13380,5
6949,5
6963,5
9445,5
2600,5
9461,5
3564,5
9001,5
11828,5
11836,5
4604,5
1536,5
10454,5
8599,5
12097,5
4457,5
10191,5
3594,5
10795,5
11602,5
9751,5
5066,5
8234,5
6930,5
5897,5
10262,5
4677,5
7008,5
10945,5
10948,5
1920,5
8716,5
13008,5
2804,5
7837,5
7748,5
8492,5
9504,5
11846,5
5204,5
579,5
11511,5
11337,5
5962,5
4049,5
8121,5
7237,5
7781,5
7729,5
5022,5
5574,5
13216,5
11503,5
10862,5
3970,5
6404,5
8641,5
8316,5
9516,5
2425,5
218,5
9064,5
1346,5
3756,5
11342,5
11971,5
1703,5
12015,5
6453,5
9645,5
12024,5
6411,5
9019,5
4335,5
10513,5
7731,5
2181,5
12046,5
6711,5
12311,5
10299,5
1952,5
6882,5
11523,5
4140,5
8975,5
13998,5
1569,5
12584,5
12484,5
2904,5
11497,5
4292,5
269,5
5843,5
764,5
2234,5
10567,5
7757,5
11834,5
1861,5
8454,5
5766,5
159,5
9270,5
12166,5
4059,5
833,5
7309,5
3676,5
7358,5
330,5
4171,5
13335,5
1459,5
8137,5
14236,5
2210,5
9281,5
8069,5
6809,5
13241,5
1938,5
11790,5
2686,5
3068,5
11299,5
10563,5
2475,5
3287,5
11095,5
11054,5
604,5
11750,5
8644,5
6507,5
5822,5
7180,5
9048,5
5341,5
1785,5
6953,5
10446,5
2418,5
7048,5
11071,5
14654,5
5000,5
12701,5
2224,5
12093,5
4881,5
11883,5
854,5
2052,5
13403,5
13672,5
5063,5
12919,5
2937,5
6505,5
13174,5
9839,5
4086,5
11459,5
1985,5
14137,5
12086,5
3763,5
1130,5
8556,5
10040,5
1163,5
1765,5
9069,5
527,5
5552,5
6799,5
10393,5
9393,5
11243,5
4203,5
3235,5
9707,5
11133,5
14200,5
14098,5
102,5
14370,5
11960,5
7196,5
14045,5
9920,5
1314,5
12277,5
6957,5
1138,5
11023,5
10138,5
8050,5
2798,5
1264,5
11034,5
7348,5
1542,5
312,5
9186,5
887,5
8182,5
9265,5
7033,5
1390,5
12665,5
11463,5
7720,5
6875,5
2580,5
9344,5
3672,5
11841,5
8689,5
848,5
8453,5
4667,5
4497,5
16,5
7725,5
12156,5
10973,5
9439,5
9878,5
11348,5
1657,5
1780,5
3655,5
9677,5
1290,5
10141,5
1889,5
970,5
2642,5
13270,5
6253,5
2707,5
1137,5
8970,5
9928,5
11940,5
5008,5
14213,5
5559,5
614,5
11606,5
11223,5
10858,5
9331,5
5830,5
12705,5
5081,5
2573,5
9006,5
6004,5
7331,5
9850,5
10564,5
3737,5
10158,5
8721,5
4485,5
2807,5
8841,5
10964,5
12361,5
6537,5
2800,5
5393,5
3138,5
12628,5
4267,5
3642,5
13807,5
5565,5
1348,5
3821,5
9897,5
4179,5
9671,5
12328,5
6398,5
2721,5
3837,5
1658,5
13880,5
12561,5
10709,5
2186,5
8790,5
1066,5
11553,5
8090,5
1502,5
7433,5
4003,5
10910,5
4584,5
12136,5
11819,5
7046,5
12844,5
7760,5
12754,5
4518,5
6173,5
11649,5
7623,5
11600,5
4274,5
7304,5
5932,5
9367,5
9859,5
8979,5
10308,5
3399,5
13715,5
5929,5
14435,5
756,5
3100,5
6008,5
2830,5
7526,5
3333,5
446,5
9655,5
3127,5
5863,5
6559,5
12391,5
513,5
1580,5
9350,5
2302,5
4239,5
7323,5
8522,5
3956,5
4842,5
11127,5
232,5
3089,5
3541,5
822,5
2663,5
6116,5
3350,5
6863,5
10106,5
5138,5
7893,5
9992,5
3630,5
6452,5
4483,5
5700,5
3776,5
4450,5
12888,5
10689,5
6046,5
63,5
12712,5
817,5
1087,5
3758,5
2352,5
2724,5
7612,5
10660,5
2538,5
10475,5
5495,5
2197,5
5478,5
9954,5
6845,5
13711,5
9812,5
7624,5
3800,5
9832,5
5938,5
13001,5
3816,5
6574,5
10623,5
405,5
485,5
9014,5
7591,5
9922,5
3194,5
8503,5
3978,5
8960,5
10651,5
14020,5
13059,5
273,5
7376,5
2065,5
4807,5
8433,5
5259,5
1361,5
11714,5
11374,5
6921,5
7817,5
7911,5
1488,5
6767,5
7906,5
7449,5
10113,5
6778,5
279,5
4331,5
7750,5
4940,5
3346,5
8481,5
7659,5
7590,5
14192,5
11474,5
4537,5
2474,5
9670,5
12781,5
10750,5
9955,5
8877,5
10688,5
10465,5
7637,5
11560,5
1319,5
1299,5
10901,5
5126,5
8221,5
13046,5
2094,5
1637,5
13893,5
11185,5
81,5
13645,5
10753,5
5630,5
10614,5
10341,5
9809,5
2243,5
4241,5
7100,5
7227,5
1704,5
6608,5
10999,5
11126,5
207,6
13643,6
11670,6
5235,6
11937,6
6731,6
2247,6
6337,6
7038,6
4715,6
8645,6
395,6
1683,6
9313,6
12934,6
8278,6
741,6
13725,6
11810,6
7447,6
1116,6
2955,6
581,6
10721,6
5105,6
2768,6
8731,6
11396,6
7847,6
7066,6
10374,6
11617,6
2212,6
14351,6
3385,6
7673,6
9233,6
1528,6
11605,6
11509,6
9930,6
9828,6
9065,6
9752,6
10412,6
6230,6
5878,6
8847,6
12430,6
5062,6
1649,6
12040,6
1101,6
3568,6
9739,6
12902,6
12541,6
4780,6
1328,6
13327,6
5361,6
8396,6
10790,6
13279,6
9291,6
5701,6
3597,6
10000,6
4659,6
10641,6
6787,6
362,6
13722,6
3084,6
6669,6
8216,6
9851,6
13668,6
8375,6
58,6
9771,6
7689,6
6804,6
7306,6
2584,6
2209,6
13780,6
5130,6
10667,6
4029,6
10178,6
13300,6
3882,6
6777,6
8266,6
4230,6
1477,6
1946,6
2854,6
7942,6
13718,6
10595,6
10174,6
13325,6
712,6
11237,6
2779,6
5526,6
2184,6
8185,6
7109,6
6045,6
10237,6
3992,6
888,6
12879,6
3048,6
7694,6
5324,6
12647,6
5605,6
22,6
4756,6
6460,6
5314,6
10127,6
10469,6
6126,6
13394,6
3556,6
12310,6
11244,6
13380,6
7849,6
1719,6
6949,6
5409,6
2926,6
9461,6
8732,6
1509,6
9503,6
3345,6
12358,6
6246,6
3924,6
11321,6
9001,6
4604,6
1536,6
1600,6
3629,6
3727,6
8599,6
12097,6
13058,6
14209,6
5946,6
454,6
10191,6
12115,6
3151,6
10795,6
11602,6
9751,6
10785,6
487,6
9994,6
2193,6
8234,6
10476,6
2269,6
717,6
3917,6
10590,6
7811,6
9737,6
6988,6
964,6
13437,6
6930,6
10262,6
12737,6
7670,6
212,6
10733,6
7008,6
10945,6
7321,6
5918,6
10948,6
1920,6
8716,6
13008,6
6922,6
4153,6
8423,6
4270,6
7748,6
9401,6
8492,6
7857,6
14130,6
11413,6
4137,6
9180,6
11846,6
10899,6
5204,6
6252,6
12496,6
579,6
3495,6
8603,6
9600,6
2195,6
7018,6
11337,6
5962,6
2354,6
8807,6
8019,6
7370,6
10979,6
8121,6
8113,6
908,6
4257,6
9977,6
13587,6
13216,6
1177,6
9628,6
10862,6
928,6
3970,6
4878,6
5836,6
3183,6
12661,6
8641,6
632,6
9516,6
10917,6
12529,6
2425,6
13843,6
3200,6
218,6
2157,6
780,6
9064,6
3756,6
2690,6
11971,6
10335,6
1337,6
9835,6
1703,6
7341,6
458,6
11068,6
11597,6
12015,6
4429,6
9645,6
12024,6
13181,6
5643,6
1209,6
7060,6
13853,6
1063,6
13267,6
10513,6
11114,6
7731,6
6711,6
13625,6
12311,6
7761,6
12738,6
12100,6
10550,6
8750,6
11607,6
6995,6
14252,6
9773,6
14102,6
9137,6
12573,6
193,6
13371,6
6882,6
11523,6
27,6
1854,6
8805,6
12729,6
9750,6
10834,6
12873,6
13770,6
1131,6
14184,6
10396,6
6272,6
4975,6
10403,6
12364,6
4515,6
1569,6
1551,6
12465,6
2447,6
2992,6
12584,6
12484,6
5301,6
5267,6
572,6
10529,6
11336,6
8370,6
764,6
7492,6
6849,6
2234,6
10567,6
6571,6
7048,6
7757,6
10626,6
7172,6
4207,6
11177,6
1664,6
8454,6
9270,6
4248,6
2275,6
2998,6
12166,6
4991,6
4059,6
4066,6
1739,6
10280,6
7382,6
7661,6
7553,6
6834,6
5981,6
4486,6
8414,6
7368,6
12858,6
7491,6
1058,6
10988,6
7103,6
5065,6
1787,6
8137,6
9656,6
14236,6
11370,6
2655,6
1309,6
5966,6
9896,6
6809,6
5457,6
5464,6
6154,6
4909,6
2255,6
10720,6
7056,6
11790,6
1730,6
6128,6
11844,6
12363,6
12025,6
1512,6
10528,6
3170,6
4328,6
13533,6
4283,6
604,6
8644,6
12889,6
7751,6
10991,6
4045,6
9735,6
3357,6
3974,6
5822,6
13928,6
2412,6
5160,6
13024,6
10004,6
1785,6
13197,6
927,6
167,6
10446,6
13441,6
7548,6
11262,6
4341,6
13291,6
2137,6
5762,6
6420,6
12913,6
2730,6
5044,6
7521,6
10225,6
13466,6
10536,6
7205,6
7910,6
10241,6
2224,6
55,6
2318,6
854,6
8484,6
7752,6
11027,6
8905,6
1565,6
9421,6
9649,6
13129,6
11857,6
2848,6
1219,6
12666,6
12639,6
8386,6
11092,6
1400,6
175,6
5063,6
1862,6
7448,6
2937,6
6035,6
11848,6
6505,6
14295,6
11725,6
13174,6
771,6
12581,6
9839,6
4839,6
12127,6
438,6
5108,6
3572,6
580,6
1985,6
6032,6
161,6
394,6
10399,6
1163,6
1765,6
9069,6
5552,6
2173,6
9610,6
9393,6
11486,6
11243,6
7556,6
10933,6
11859,6
10049,6
3235,6
10398,6
4504,6
5472,6
11543,6
12812,6
11133,6
7070,6
3936,6
1646,6
8071,6
7672,6
12222,6
14098,6
566,6
5758,6
3743,6
102,6
7174,6
2472,6
3295,6
14370,6
1057,6
7196,6
14045,6
2501,6
8709,6
13523,6
6935,6
12538,6
6979,6
11744,6
13448,6
7622,6
9242,6
1138,6
14001,6
8151,6
11023,6
6660,6
14039,6
5037,6
14257,6
13558,6
11150,6
11632,6
7190,6
4178,6
9905,6
7478,6
7043,6
13603,6
7497,6
4913,6
9411,6
10138,6
2798,6
5870,6
1264,6
3570,6
5295,6
587,6
13999,6
11034,6
1542,6
7787,6
312,6
9186,6
887,6
9265,6
4950,6
7033,6
11463,6
9562,6
7720,6
2580,6
9879,6
3198,6
7275,6
9344,6
3672,6
13095,6
12593,6
1669,6
5924,6
8637,6
1888,6
3141,6
10270,6
8689,6
5834,6
4146,6
12709,6
8471,6
14673,6
13654,6
1284,6
8453,6
4667,6
1426,6
4497,6
8916,6
9604,6
2518,6
8531,6
1567,6
12156,6
1326,6
11659,6
996,6
12949,6
5140,6
3499,6
3490,6
5772,6
4256,6
9844,6
1791,6
3430,6
13012,6
13672,6
1067,6
4750,6
11642,6
9076,6
9448,6
9878,6
1657,6
10390,6
10378,6
12676,6
3655,6
9060,6
3551,6
9677,6
1290,6
11949,6
8810,6
12082,6
1889,6
8,6
8884,6
970,6
6163,6
3631,6
2642,6
12319,6
9434,6
11636,6
10429,6
1728,6
397,6
3431,6
10056,6
3321,6
12428,6
6253,6
6231,6
1137,6
1336,6
8102,6
9348,6
9928,6
3695,6
12621,6
3449,6
5008,6
14213,6
614,6
9474,6
10495,6
11606,6
10858,6
11559,6
5830,6
9092,6
10131,6
9006,6
6004,6
12406,6
4198,6
7051,6
10189,6
9450,6
8757,6
5851,6
8322,6
9850,6
1286,6
14196,6
10564,6
3737,6
6976,6
5771,6
14100,6
8721,6
1497,6
11367,6
7824,6
11186,6
7028,6
7152,6
5291,6
2519,6
6435,6
2263,6
7782,6
5580,6
13445,6
9772,6
13665,6
10964,6
12855,6
12361,6
6537,6
10180,6
5393,6
519,6
10527,6
10821,6
12041,6
12502,6
5201,6
5206,6
3533,6
3642,6
4309,6
8008,6
6546,6
4595,6
3821,6
844,6
4179,6
7812,6
342,6
5926,6
591,6
7618,6
2902,6
9671,6
11522,6
3582,6
6398,6
2814,6
3837,6
12611,6
1658,6
2920,6
3374,6
13880,6
2409,6
12561,6
2186,6
4935,6
6186,6
13403,6
12736,6
4263,6
11553,6
11059,6
10487,6
11654,6
4188,6
3507,6
4110,6
7291,6
11251,6
8090,6
10973,6
3348,6
7433,6
9269,6
11537,6
4003,6
4893,6
10910,6
6644,6
807,6
11909,6
10510,6
946,6
9439,6
4584,6
12136,6
11819,6
7046,6
12844,6
7452,6
14716,6
7220,6
755,6
8346,6
1432,6
13531,6
12754,6
6962,6
11406,6
12923,6
7623,6
3558,6
11600,6
5747,6
4274,6
7304,6
9367,6
6078,6
6222,6
7825,6
12167,6
9687,6
4364,6
5139,6
10308,6
5806,6
3399,6
5718,6
10195,6
8006,6
354,6
8371,6
10324,6
12088,6
13715,6
9798,6
5929,6
14435,6
14357,6
5121,6
4758,6
5355,6
756,6
14277,6
11310,6
9184,6
9302,6
9012,6
2830,6
5395,6
5358,6
9245,6
446,6
12300,6
12804,6
9655,6
5354,6
6710,6
3874,6
3127,6
14018,6
5556,6
14251,6
11126,6
6559,6
408,6
6160,6
9714,6
13346,6
12391,6
9256,6
436,6
6688,6
9170,6
277,6
809,6
13810,6
513,6
9819,6
11900,6
14005,6
4574,6
2994,6
11797,6
2908,6
11180,6
7323,6
11818,6
1173,6
13225,6
11675,6
12791,6
8522,6
6419,6
536,6
8713,6
6946,6
11089,6
4245,6
9998,6
2413,6
1925,6
8628,6
6224,6
13247,6
3089,6
3541,6
9310,6
8796,6
6116,6
3165,6
10019,6
11307,6
11858,6
618,6
3543,6
423,6
7387,6
10363,6
5864,6
10106,6
5138,6
346,6
3630,6
14521,6
2896,6
7096,6
1794,6
13680,6
8493,6
2876,6
308,6
11563,6
8394,6
11941,6
2857,6
5064,6
13963,6
3448,6
2081,6
5700,6
6210,6
2039,6
7490,6
1895,6
12888,6
1255,6
10689,6
13791,6
14286,6
6046,6
10905,6
13713,6
63,6
12883,6
3758,6
2312,6
6655,6
6070,6
13287,6
10574,6
4255,6
2145,6
11228,6
8669,6
2352,6
10032,6
9386,6
2724,6
7612,6
990,6
9029,6
2538,6
3512,6
498,6
6254,6
5522,6
4040,6
2847,6
12106,6
5495,6
10745,6
6845,6
11505,6
13573,6
2957,6
13447,6
13032,6
11721,6
2571,6
2755,6
225,6
9843,6
12852,6
10886,6
7123,6
9812,6
5038,6
3800,6
1236,6
8434,6
9394,6
10149,6
14134,6
10276,6
1621,6
1874,6
5938,6
1513,6
13001,6
3816,6
6574,6
10623,6
405,6
9598,6
6161,6
485,6
9014,6
3180,6
7591,6
5948,6
11153,6
503,6
3971,6
11161,6
3194,6
3978,6
10311,6
3639,6
10791,6
7432,6
10651,6
10534,6
392,6
6867,6
12384,6
11464,6
7444,6
5437,6
56,6
2658,6
5468,6
3469,6
2772,6
12029,6
273,6
9203,6
7376,6
4570,6
12681,6
14754,6
183,6
6374,6
5259,6
3684,6
1361,6
6921,6
7817,6
7911,6
1259,6
1488,6
7906,6
7449,6
12350,6
10113,6
6778,6
14508,6
279,6
4940,6
3346,6
8746,6
7093,6
932,6
7264,6
11461,6
742,6
9491,6
7659,6
12824,6
14192,6
11474,6
9588,6
11071,6
10857,6
2474,6
9670,6
10750,6
9955,6
8877,6
7979,6
6587,6
12933,6
10688,6
13678,6
7637,6
11560,6
7055,6
12642,6
827,6
8461,6
522,6
13472,6
14895,6
7129,6
1483,6
13764,6
5126,6
11798,6
1645,6
12218,6
10833,6
8221,6
13502,6
12998,6
5774,6
4960,6
9862,6
8496,6
10483,6
9425,6
5396,6
3586,6
4684,6
13997,6
7193,6
1637,6
13893,6
1445,6
2999,6
6680,6
14403,6
2506,6
6027,6
6053,6
8803,6
12456,6
5630,6
1846,6
10341,6
9809,6
7100,6
10854,6
6608,6
10999,6
3863,6
8655,6
11601,6
207,7
13643,7
5235,7
2247,7
6337,7
8645,7
13725,7
2955,7
10721,7
8731,7
7066,7
11617,7
9930,7
11509,7
9752,7
8847,7
12430,7
12040,7
1101,7
3568,7
12902,7
12541,7
13327,7
5361,7
13279,7
9291,7
362,7
3084,7
6669,7
9851,7
13668,7
58,7
7689,7
2209,7
13780,7
3882,7
6777,7
8266,7
1946,7
13718,7
10174,7
2184,7
7694,7
5324,7
5605,7
22,7
10469,7
3556,7
11244,7
13380,7
7849,7
5409,7
8732,7
12358,7
3345,7
9001,7
6246,7
11321,7
1536,7
3629,7
13058,7
5946,7
10785,7
9994,7
8234,7
3917,7
10590,7
7811,7
6930,7
10262,7
7670,7
10945,7
7321,7
5918,7
10948,7
4153,7
8492,7
7857,7
14130,7
9180,7
6252,7
3495,7
7018,7
11337,7
2354,7
8807,7
8121,7
908,7
13587,7
9628,7
10862,7
632,7
10917,7
2425,7
218,7
3756,7
1337,7
9835,7
7341,7
458,7
11068,7
11597,7
12015,7
4429,7
9645,7
12024,7
1209,7
13853,7
13267,7
12738,7
11607,7
14252,7
9773,7
14102,7
6882,7
193,7
11523,7
1854,7
8805,7
12729,7
9750,7
10834,7
1131,7
10396,7
10403,7
12364,7
1551,7
2447,7
8370,7
2234,7
10567,7
6571,7
10626,7
7172,7
11177,7
1664,7
9270,7
4059,7
10280,7
7661,7
5981,7
4486,7
7368,7
12858,7
7103,7
5065,7
14236,7
6154,7
11844,7
12363,7
12025,7
3170,7
4328,7
604,7
8644,7
3357,7
13928,7
2412,7
13024,7
10004,7
1785,7
167,7
7048,7
4341,7
13291,7
2730,7
10225,7
10536,7
7205,7
7910,7
55,7
1565,7
11857,7
12666,7
11092,7
175,7
1862,7
2937,7
6505,7
6035,7
14295,7
3572,7
161,7
1765,7
5552,7
11486,7
11859,7
10398,7
5472,7
11543,7
12812,7
3936,7
7672,7
14098,7
102,7
5758,7
14045,7
2501,7
8709,7
6935,7
12538,7
11744,7
1138,7
11023,7
5037,7
13558,7
11632,7
4178,7
9905,7
10138,7
7043,7
13603,7
1264,7
11034,7
9265,7
7033,7
11463,7
3198,7
13095,7
8637,7
10270,7
8689,7
4146,7
8471,7
13654,7
1284,7
1426,7
4497,7
8916,7
9604,7
2518,7
996,7
12949,7
9439,7
3490,7
9844,7
1791,7
3430,7
4750,7
11642,7
9878,7
10378,7
3655,7
9060,7
3631,7
10429,7
397,7
3321,7
1336,7
8102,7
3449,7
5008,7
14213,7
10495,7
5830,7
9092,7
10131,7
6004,7
4198,7
5851,7
6976,7
14100,7
8721,7
1497,7
11367,7
11186,7
7028,7
7152,7
2519,7
5580,7
13665,7
12361,7
5393,7
519,7
10527,7
10821,7
3642,7
4309,7
4595,7
3821,7
7812,7
591,7
11522,7
2814,7
3837,7
13880,7
2920,7
4935,7
6186,7
11654,7
4110,7
3348,7
11537,7
10910,7
807,7
11909,7
10510,7
12844,7
7452,7
1432,7
12923,7
11600,7
3558,7
5747,7
7304,7
5139,7
3399,7
9798,7
4758,7
9184,7
9302,7
2830,7
5395,7
446,7
12300,7
9655,7
5354,7
6710,7
9714,7
13346,7
436,7
6688,7
9170,7
277,7
513,7
11900,7
4574,7
2994,7
11797,7
11180,7
11818,7
1173,7
11675,7
8522,7
8713,7
3541,7
13247,7
3165,7
10019,7
11307,7
11858,7
5864,7
3630,7
2896,7
8493,7
2876,7
308,7
11563,7
11941,7
13963,7
3448,7
2081,7
6210,7
10689,7
14286,7
6655,7
8669,7
2352,7
990,7
3512,7
498,7
6254,7
5522,7
4040,7
2847,7
5495,7
10745,7
13573,7
12852,7
3800,7
9394,7
10149,7
14134,7
1874,7
1513,7
3816,7
6161,7
5948,7
11153,7
3194,7
3978,7
3639,7
10791,7
7432,7
11464,7
2658,7
5468,7
3469,7
2772,7
9203,7
7376,7
4570,7
12681,7
14754,7
5259,7
1361,7
1259,7
1488,7
7906,7
7449,7
12350,7
10113,7
3346,7
11461,7
9491,7
14192,7
9588,7
2474,7
9955,7
8877,7
12933,7
10688,7
827,7
522,7
7129,7
1483,7
5126,7
11798,7
1645,7
10833,7
13502,7
12998,7
10483,7
4684,7
13997,7
1445,7
6680,7
6027,7
10341,7
9809,7
6608,7
10999,7
3863,7
11670,8
11937,8
6731,8
7038,8
4715,8
395,8
1683,8
9313,8
12934,8
741,8
8278,8
11810,8
7447,8
1116,8
581,8
5105,8
2768,8
11396,8
7847,8
10374,8
2212,8
14351,8
3385,8
7673,8
9233,8
1528,8
11605,8
9065,8
9828,8
10412,8
6230,8
5878,8
5062,8
1649,8
9739,8
1328,8
4780,8
8396,8
10790,8
5701,8
3597,8
10000,8
4659,8
10641,8
6787,8
13722,8
8216,8
8375,8
9771,8
6804,8
7306,8
2584,8
5130,8
10178,8
10667,8
4029,8
13300,8
4230,8
1477,8
2854,8
7942,8
10595,8
13325,8
712,8
11237,8
2779,8
5526,8
8185,8
7109,8
6045,8
10237,8
3992,8
888,8
12879,8
3048,8
12647,8
4756,8
6460,8
5314,8
10127,8
6126,8
13394,8
12310,8
1719,8
6949,8
2926,8
9461,8
1509,8
3924,8
9503,8
4604,8
1600,8
3727,8
8599,8
12097,8
14209,8
454,8
10191,8
12115,8
3151,8
10795,8
11602,8
9751,8
487,8
2193,8
10476,8
2269,8
717,8
9737,8
6988,8
964,8
13437,8
12737,8
212,8
10733,8
7008,8
1920,8
8716,8
13008,8
6922,8
8423,8
4270,8
7748,8
9401,8
11413,8
4137,8
11846,8
5204,8
10899,8
579,8
12496,8
8603,8
9600,8
2195,8
5962,8
8019,8
7370,8
10979,8
8655,8
8113,8
4257,8
9977,8
13216,8
1177,8
928,8
3970,8
4878,8
5836,8
3183,8
12661,8
8641,8
9516,8
12529,8
13843,8
3200,8
9064,8
2157,8
780,8
2690,8
11971,8
10335,8
1703,8
13181,8
7060,8
5643,8
1063,8
10513,8
11114,8
7731,8
6711,8
13625,8
12311,8
7761,8
12100,8
10550,8
8750,8
6995,8
12573,8
9137,8
13371,8
27,8
12873,8
13770,8
14184,8
6272,8
4975,8
4515,8
1569,8
12465,8
2992,8
12584,8
12484,8
5301,8
5267,8
572,8
10529,8
11336,8
764,8
7492,8
6849,8
7757,8
8454,8
4207,8
4248,8
2275,8
2998,8
12166,8
4991,8
4066,8
1739,8
7382,8
7553,8
6834,8
8414,8
7491,8
1058,8
10988,8
1787,8
8137,8
9656,8
11370,8
2655,8
1309,8
5966,8
9896,8
6809,8
5457,8
5464,8
4909,8
2255,8
10720,8
7056,8
11790,8
1730,8
6128,8
1512,8
10528,8
13533,8
4283,8
12889,8
7751,8
10991,8
4045,8
9735,8
3974,8
5822,8
5160,8
13197,8
927,8
10446,8
13441,8
7548,8
11262,8
2137,8
11071,8
5762,8
6420,8
12913,8
5044,8
7521,8
13466,8
10241,8
2224,8
2318,8
8484,8
7752,8
854,8
11027,8
8905,8
9421,8
9649,8
13129,8
2848,8
5063,8
1219,8
12639,8
13672,8
8386,8
1400,8
13403,8
7448,8
13174,8
9839,8
11848,8
11725,8
771,8
12581,8
4839,8
12127,8
438,8
5108,8
580,8
1985,8
6032,8
394,8
10399,8
1163,8
9069,8
2173,8
9610,8
9393,8
11243,8
7556,8
10933,8
10049,8
3235,8
4504,8
11133,8
7070,8
1646,8
8071,8
12222,8
566,8
3743,8
7174,8
2472,8
3295,8
14370,8
1057,8
7196,8
13523,8
6979,8
13448,8
7622,8
9242,8
14001,8
8151,8
6660,8
14039,8
14257,8
11150,8
7190,8
7478,8
7497,8
4913,8
9411,8
2798,8
5870,8
3570,8
5295,8
587,8
13999,8
1542,8
312,8
7787,8
9186,8
887,8
4950,8
7720,8
9562,8
2580,8
9879,8
7275,8
9344,8
3672,8
12593,8
1669,8
5924,8
1888,8
3141,8
5834,8
12709,8
14673,8
8453,8
4667,8
8531,8
12156,8
1567,8
1326,8
11659,8
10973,8
5140,8
5772,8
3499,8
4256,8
13012,8
1067,8
9076,8
9448,8
1657,8
10390,8
12676,8
9677,8
3551,8
1290,8
11949,8
8810,8
12082,8
1889,8
8,8
8884,8
970,8
6163,8
2642,8
12319,8
9434,8
11636,8
1728,8
3431,8
10056,8
12428,8
6253,8
6231,8
1137,8
9348,8
9928,8
3695,8
12621,8
614,8
11606,8
9474,8
10858,8
11559,8
9006,8
12406,8
7051,8
10189,8
9450,8
8757,8
8322,8
9850,8
1286,8
14196,8
10564,8
3737,8
5771,8
7824,8
5291,8
6435,8
2263,8
7782,8
13445,8
9772,8
10964,8
12855,8
6537,8
10180,8
12041,8
12502,8
5201,8
5206,8
3533,8
8008,8
6546,8
844,8
4179,8
7618,8
342,8
5926,8
2902,8
9671,8
3582,8
6398,8
12611,8
1658,8
3374,8
2409,8
12561,8
2186,8
12736,8
4263,8
11553,8
11059,8
10487,8
4188,8
3507,8
7291,8
11251,8
8090,8
7433,8
9269,8
4003,8
4893,8
4584,8
6644,8
12136,8
946,8
11819,8
7046,8
14716,8
7220,8
755,8
8346,8
13531,8
12754,8
6962,8
11406,8
7623,8
4274,8
9367,8
6078,8
6222,8
7825,8
12167,8
9687,8
4364,8
10308,8
5806,8
5718,8
10195,8
8006,8
354,8
8371,8
10324,8
12088,8
13715,8
5929,8
14435,8
756,8
14357,8
5121,8
5355,8
14277,8
11310,8
9012,8
5358,8
9245,8
12804,8
3874,8
3127,8
14018,8
5556,8
14251,8
6559,8
408,8
6160,8
12391,8
9256,8
809,8
13810,8
9819,8
14005,8
2908,8
7323,8
13225,8
12791,8
6419,8
536,8
1925,8
6946,8
11089,8
4245,8
9998,8
2413,8
8628,8
6224,8
3089,8
9310,8
8796,8
6116,8
618,8
3543,8
423,8
7387,8
10363,8
10106,8
5138,8
346,8
14521,8
7096,8
1794,8
13680,8
8394,8
2857,8
5064,8
5700,8
2039,8
7490,8
1895,8
12888,8
1255,8
13791,8
6046,8
63,8
10905,8
13713,8
12883,8
3758,8
2312,8
6070,8
13287,8
10574,8
4255,8
2145,8
11228,8
10032,8
9386,8
2724,8
7612,8
9029,8
2538,8
12106,8
6845,8
11505,8
13447,8
2957,8
13032,8
11721,8
2571,8
2755,8
225,8
9843,8
10886,8
7123,8
9812,8
5038,8
1236,8
8434,8
10276,8
5938,8
1621,8
13001,8
6574,8
10623,8
405,8
9598,8
485,8
9014,8
3180,8
7591,8
11161,8
503,8
3971,8
10311,8
10651,8
10534,8
392,8
6867,8
12384,8
7444,8
5437,8
56,8
12029,8
273,8
183,8
6374,8
3684,8
6921,8
7817,8
7911,8
6778,8
279,8
14508,8
4940,8
8746,8
7093,8
932,8
7264,8
742,8
7659,8
12824,8
11474,8
10857,8
9670,8
10750,8
7979,8
6587,8
13678,8
7637,8
11560,8
7055,8
12642,8
8461,8
13472,8
14895,8
13764,8
12218,8
8221,8
5774,8
4960,8
9862,8
8496,8
9425,8
5396,8
3586,8
7193,8
1637,8
13893,8
2999,8
14403,8
2506,8
8803,8
6053,8
12456,8
5630,8
1846,8
7100,8
10854,8
11126,8
11601,8
7142,9
4849,9
13915,9
12410,9
7505,9
5466,9
6633,9
13539,9
7728,9
12252,9
7709,9
6885,9
10408,9
11734,9
1868,9
8830,9
9304,9
13087,9
7617,9
3460,9
12787,9
410,9
13091,9
1369,9
12557,9
10093,9
2090,9
4038,9
3581,9
8301,9
7913,9
5317,9
8680,9
1077,9
5375,9
770,9
6997,9
14279,9
2395,9
11116,9
4810,9
3921,9
26,9
3554,9
3437,9
12740,9
2099,9
9903,9
11831,9
11973,9
5390,9
7000,9
5524,9
7212,9
7524,9
13332,9
13818,9
11270,9
6877,9
2130,9
5872,9
5624,9
2843,9
12694,9
12402,9
13083,9
13009,9
4503,9
665,9
6729,9
4615,9
4622,9
108,9
13202,9
2069,9
7386,9
7592,9
11627,9
6233,9
4216,9
768,9
11669,9
231,9
12797,9
428,9
10486,9
12583,9
5348,9
9384,9
8477,9
8695,9
10003,9
890,9
6931,9
10418,9
10572,9
2516,9
5336,9
5634,9
14278,9
9524,9
12170,9
9785,9
2511,9
6119,9
13345,9
13215,9
12014,9
2675,9
11769,9
12759,9
6760,9
1526,9
2922,9
10309,9
4394,9
7274,9
11017,9
6441,9
11304,9
11771,9
6321,9
11508,9
2192,9
3847,9
11315,9
9528,9
6364,9
127,9
7918,9
11991,9
10856,9
7712,9
9157,9
3201,9
9407,9
12031,9
6533,9
1198,9
1340,9
10780,9
11300,9
12558,9
8259,9
1902,9
10664,9
3635,9
6963,9
5555,9
895,9
1989,9
9445,9
9017,9
4044,9
2600,9
4051,9
3886,9
11006,9
12995,9
3564,9
12635,9
7714,9
2917,9
1628,9
14281,9
12507,9
3665,9
8670,9
11828,9
14303,9
11836,9
14021,9
10454,9
8254,9
4457,9
8205,9
4290,9
7219,9
10687,9
9597,9
8986,9
3594,9
7458,9
9360,9
10480,9
10259,9
352,9
5708,9
9564,9
3062,9
5066,9
10985,9
5897,9
407,9
4677,9
9037,9
14243,9
9466,9
3845,9
3148,9
1482,9
8381,9
13536,9
2626,9
10073,9
1901,9
2804,9
8263,9
7523,9
7446,9
8328,9
7837,9
1367,9
10855,9
6965,9
3234,9
9504,9
7011,9
229,9
11513,9
1221,9
11511,9
3784,9
13379,9
8606,9
7006,9
13269,9
12598,9
3355,9
8456,9
9602,9
2919,9
4543,9
8133,9
4049,9
3900,9
7237,9
7034,9
9456,9
7781,9
7729,9
5022,9
9792,9
13859,9
12989,9
13934,9
3571,9
1075,9
9202,9
1418,9
5574,9
3693,9
11503,9
12413,9
9720,9
8455,9
6404,9
10393,9
10129,9
8316,9
1220,9
7907,9
2855,9
10861,9
1346,9
11342,9
6219,9
5540,9
3154,9
4280,9
3688,9
10704,9
8777,9
944,9
9130,9
10762,9
6833,9
992,9
9365,9
10578,9
13642,9
9669,9
11141,9
8906,9
6553,9
6411,9
6354,9
9019,9
4335,9
7054,9
7574,9
1281,9
9698,9
7488,9
4805,9
7600,9
2181,9
12046,9
403,9
4934,9
10982,9
7023,9
8040,9
10299,9
8982,9
1952,9
10108,9
12646,9
13230,9
530,9
11312,9
9871,9
4140,9
5183,9
7786,9
8975,9
10592,9
4412,9
1411,9
12774,9
11845,9
13998,9
11083,9
9325,9
8318,9
9032,9
2625,9
10830,9
11239,9
2904,9
9236,9
8200,9
12273,9
2982,9
13192,9
6312,9
10266,9
6664,9
11497,9
467,9
4292,9
5698,9
5371,9
269,9
5843,9
1216,9
4075,9
13477,9
11010,9
8466,9
11834,9
11339,9
5963,9
6621,9
1861,9
8174,9
5766,9
159,9
109,9
7971,9
2391,9
2086,9
289,9
4430,9
13919,9
10074,9
9894,9
5261,9
3203,9
833,9
11013,9
474,9
3808,9
1040,9
9329,9
7763,9
8754,9
5275,9
7309,9
8270,9
3676,9
7358,9
4792,9
330,9
9635,9
4171,9
12178,9
10219,9
13335,9
2038,9
11577,9
9756,9
12944,9
261,9
1459,9
12658,9
11938,9
7883,9
1440,9
7788,9
12023,9
2210,9
1735,9
9263,9
7252,9
3025,9
1768,9
9281,9
7139,9
8069,9
13241,9
10391,9
13388,9
3529,9
5644,9
12231,9
1938,9
2686,9
13616,9
5931,9
3068,9
11299,9
10563,9
5490,9
5835,9
2475,9
3287,9
8470,9
6986,9
8764,9
11095,9
4789,9
3532,9
4987,9
11054,9
9547,9
12090,9
11750,9
8087,9
6507,9
11705,9
11740,9
14136,9
14638,9
7187,9
2613,9
9728,9
7180,9
5732,9
9048,9
5333,9
8821,9
7908,9
5341,9
10087,9
4355,9
6953,9
8051,9
393,9
4928,9
13554,9
2418,9
9228,9
5308,9
14654,9
1324,9
5000,9
6645,9
12982,9
12701,9
559,9
12093,9
12442,9
13979,9
963,9
4881,9
11883,9
8198,9
13752,9
10011,9
12806,9
9774,9
2052,9
12919,9
2572,9
11906,9
9438,9
9238,9
6573,9
5593,9
6453,9
7889,9
3181,9
1899,9
10145,9
6114,9
9690,9
10683,9
4086,9
327,9
5443,9
719,9
9950,9
1808,9
11459,9
9389,9
13870,9
14137,9
7021,9
12086,9
3231,9
3763,9
11966,9
6639,9
1130,9
7801,9
13060,9
8978,9
8269,9
3994,9
3909,9
6820,9
8556,9
3755,9
6889,9
10040,9
527,9
6799,9
7496,9
789,9
10679,9
5792,9
10430,9
5420,9
11324,9
11656,9
11485,9
12274,9
12490,9
8448,9
8460,9
7776,9
8791,9
3292,9
6360,9
13842,9
4203,9
9370,9
9707,9
9884,9
8627,9
13089,9
10118,9
3943,9
13895,9
14200,9
10491,9
4424,9
5116,9
8818,9
10223,9
6333,9
11960,9
11331,9
2905,9
11570,9
8703,9
107,9
9920,9
1314,9
1737,9
12277,9
6957,9
14375,9
2697,9
2477,9
3005,9
440,9
9990,9
10676,9
3606,9
4487,9
13509,9
8050,9
6749,9
5184,9
3620,9
3199,9
526,9
7348,9
8182,9
1390,9
1268,9
12665,9
6875,9
8590,9
7754,9
4438,9
9973,9
443,9
2299,9
12579,9
5777,9
10597,9
12151,9
5166,9
3410,9
10067,9
11350,9
11841,9
9182,9
8564,9
4488,9
12027,9
14331,9
12925,9
848,9
688,9
11626,9
16,9
7725,9
13497,9
7814,9
7209,9
11357,9
7022,9
1666,9
7749,9
11348,9
8036,9
12067,9
7277,9
1780,9
12415,9
5402,9
10353,9
10141,9
9153,9
13766,9
2930,9
1527,9
6793,9
13090,9
13270,9
11077,9
2495,9
13599,9
2707,9
1103,9
8970,9
11940,9
9619,9
2619,9
5559,9
10727,9
11223,9
10228,9
11609,9
3353,9
4129,9
2958,9
9331,9
6915,9
6187,9
12705,9
5081,9
2573,9
11278,9
3933,9
8737,9
7331,9
357,9
10851,9
14288,9
13561,9
13489,9
9543,9
10158,9
9534,9
8240,9
4485,9
5675,9
5740,9
2807,9
14467,9
5949,9
8841,9
5682,9
8231,9
3216,9
8819,9
12366,9
13283,9
9083,9
6763,9
2890,9
3659,9
8130,9
2800,9
4048,9
3138,9
8161,9
12628,9
4267,9
4327,9
678,9
8029,9
3037,9
8340,9
13807,9
9624,9
5565,9
11616,9
773,9
1348,9
10220,9
3210,9
2934,9
991,9
9897,9
9508,9
12328,9
1890,9
13903,9
11320,9
14347,9
2721,9
4089,9
11318,9
7268,9
10709,9
1235,9
6705,9
10960,9
6842,9
8790,9
12016,9
8772,9
9573,9
1066,9
13336,9
12264,9
11739,9
10914,9
1817,9
4794,9
1502,9
7998,9
14310,9
6870,9
11867,9
10885,9
9036,9
13763,9
11314,9
13557,9
6058,9
9284,9
3957,9
10803,9
5221,9
10215,9
1113,9
7760,9
14690,9
7582,9
3641,9
9822,9
667,9
5493,9
4725,9
37,9
4518,9
11105,9
7311,9
4055,9
6173,9
13055,9
2522,9
11649,9
11765,9
6361,9
10337,9
5932,9
9824,9
3446,9
4587,9
9859,9
5379,9
5142,9
8979,9
5094,9
716,9
2651,9
3887,9
469,9
3100,9
7481,9
114,9
4162,9
9493,9
6008,9
6527,9
7526,9
6115,9
4006,9
6914,9
3333,9
296,9
11025,9
4689,9
5863,9
5512,9
4490,9
1580,9
9350,9
6781,9
2302,9
5013,9
12630,9
6371,9
4239,9
7706,9
6232,9
11181,9
9540,9
9324,9
12590,9
3956,9
10024,9
4842,9
8690,9
1830,9
11127,9
232,9
8395,9
5197,9
1574,9
4071,9
875,9
6720,9
7821,9
822,9
8440,9
6687,9
2663,9
10702,9
1412,9
3350,9
5655,9
6863,9
6791,9
9378,9
12355,9
8479,9
13420,9
12354,9
5131,9
7893,9
1343,9
9025,9
14293,9
11118,9
11152,9
9992,9
6284,9
605,9
2078,9
12244,9
7630,9
9206,9
9910,9
6452,9
3156,9
448,9
6317,9
4269,9
6294,9
11048,9
7031,9
11891,9
4601,9
5293,9
9988,9
1705,9
4244,9
8520,9
12396,9
12857,9
2793,9
4483,9
3776,9
7686,9
6080,9
2620,9
1727,9
4450,9
952,9
8672,9
1297,9
11747,9
8918,9
6280,9
12712,9
817,9
9322,9
1087,9
9051,9
8756,9
14326,9
2637,9
8623,9
6279,9
5252,9
1978,9
9458,9
14504,9
10660,9
6780,9
4027,9
4217,9
961,9
10497,9
14443,9
6719,9
5520,9
575,9
10475,9
2197,9
5478,9
1135,9
9334,9
4873,9
4874,9
9954,9
3753,9
11557,9
11249,9
10553,9
13711,9
1665,9
12154,9
7583,9
1312,9
8608,9
4427,9
10729,9
762,9
3493,9
7624,9
518,9
9832,9
8985,9
2608,9
5380,9
3646,9
11930,9
14427,9
9961,9
10647,9
13868,9
8041,9
7247,9
9922,9
12588,9
9592,9
3870,9
8503,9
8960,9
5497,9
6482,9
11445,9
3703,9
2129,9
8523,9
6208,9
7231,9
4741,9
9354,9
13506,9
14020,9
13059,9
8168,9
358,9
6421,9
477,9
10730,9
2065,9
5789,9
12054,9
2221,9
4807,9
13135,9
7993,9
11715,9
8710,9
574,9
12743,9
6728,9
8433,9
10924,9
11714,9
11374,9
2442,9
5283,9
6767,9
9213,9
14003,9
4331,9
4946,9
7750,9
2466,9
10541,9
2293,9
8481,9
2169,9
8532,9
7590,9
14284,9
12037,9
5717,9
5359,9
9068,9
4537,9
12781,9
12089,9
2062,9
6278,9
8085,9
12782,9
8972,9
13808,9
9131,9
11007,9
10465,9
14520,9
3433,9
2,9
11886,9
1319,9
1837,9
9273,9
1299,9
10901,9
11707,9
7723,9
2479,9
6209,9
12994,9
4109,9
4561,9
4956,9
12254,9
9056,9
13046,9
5531,9
2589,9
2094,9
10670,9
13203,9
10183,9
2359,9
4660,9
14296,9
11305,9
11185,9
81,9
13645,9
2092,9
9403,9
3697,9
4552,9
10753,9
11139,9
13958,9
10614,9
778,9
11500,9
2243,9
4241,9
5100,9
7227,9
10904,9
1704,9
5289,9
6485,9
662,9
2473,9
641,9
2267,9
7142,10
4849,10
13915,10
12410,10
7505,10
6633,10
7709,10
6333,10
12252,10
8830,10
9304,10
13087,10
3460,10
13091,10
12557,10
10093,10
2090,10
5317,10
8680,10
1077,10
5375,10
14279,10
2395,10
11116,10
4810,10
3554,10
3437,10
12740,10
9903,10
11831,10
11973,10
7212,10
13332,10
11270,10
5872,10
5624,10
2843,10
12402,10
665,10
6729,10
4615,10
108,10
13202,10
2069,10
7592,10
768,10
4216,10
11669,10
231,10
10486,10
428,10
12583,10
5348,10
9384,10
8695,10
890,10
6931,10
10572,10
2516,10
5336,10
5634,10
9785,10
2511,10
6119,10
12014,10
11769,10
12759,10
6760,10
1526,10
2922,10
10309,10
11017,10
6441,10
11771,10
2192,10
127,10
1340,10
12031,10
10780,10
12558,10
8259,10
1902,10
10664,10
9445,10
5555,10
1989,10
2600,10
9017,10
4051,10
3886,10
12995,10
1628,10
12507,10
3665,10
11836,10
14303,10
14021,10
10454,10
4290,10
7219,10
10687,10
8986,10
3594,10
9360,10
9564,10
10259,10
5708,10
3062,10
10985,10
4677,10
9037,10
9466,10
3148,10
13536,10
1901,10
2804,10
8328,10
7837,10
6965,10
9504,10
229,10
11513,10
3784,10
13379,10
8606,10
13269,10
12598,10
3355,10
2919,10
4543,10
3900,10
7729,10
5574,10
9792,10
1418,10
9720,10
6404,10
10129,10
8316,10
1220,10
7907,10
11342,10
6219,10
5540,10
4280,10
3688,10
8777,10
9365,10
944,10
9130,10
10762,10
6453,10
992,10
9669,10
13642,10
8906,10
6553,10
6411,10
6354,10
7574,10
9698,10
4805,10
12046,10
403,10
10299,10
10982,10
1952,10
13230,10
5183,10
11083,10
9325,10
8318,10
2625,10
10830,10
11239,10
9236,10
6312,10
10266,10
6664,10
11497,10
1216,10
4075,10
8466,10
11834,10
1861,10
5963,10
8174,10
159,10
109,10
2391,10
2086,10
13919,10
4430,10
9894,10
10074,10
833,10
11013,10
1040,10
8270,10
3676,10
4171,10
12178,10
10219,10
11577,10
1459,10
12944,10
261,10
11938,10
7883,10
1440,10
12023,10
2210,10
3025,10
1768,10
8069,10
10391,10
12231,10
13616,10
3068,10
2475,10
5490,10
8470,10
11095,10
4789,10
3532,10
11054,10
11750,10
9547,10
12090,10
8087,10
6507,10
14638,10
14136,10
7180,10
9048,10
9728,10
5341,10
5732,10
5333,10
8821,10
7908,10
10087,10
4355,10
6953,10
4928,10
13554,10
9228,10
5308,10
14654,10
1324,10
5000,10
12701,10
559,10
12093,10
12442,10
13979,10
963,10
4881,10
8198,10
10011,10
2572,10
11906,10
9438,10
9238,10
5593,10
3181,10
1899,10
10145,10
6114,10
9690,10
10683,10
4086,10
327,10
5443,10
719,10
641,10
11459,10
9389,10
12086,10
3231,10
11966,10
6639,10
1130,10
7801,10
13060,10
8978,10
3994,10
3909,10
527,10
6799,10
5792,10
10393,10
5420,10
11324,10
8448,10
3292,10
13842,10
9370,10
8627,10
13089,10
3943,10
13895,10
4424,10
11570,10
8703,10
107,10
1314,10
12277,10
6957,10
10676,10
440,10
9990,10
13509,10
5184,10
3620,10
3199,10
526,10
1268,10
4438,10
9973,10
443,10
2299,10
5777,10
12151,10
5166,10
11350,10
8564,10
14331,10
12925,10
848,10
688,10
11626,10
13497,10
7814,10
7209,10
11357,10
1666,10
1780,10
10353,10
6793,10
13090,10
2495,10
2707,10
8970,10
11940,10
9619,10
2619,10
5559,10
10727,10
11223,10
10228,10
11609,10
3353,10
9331,10
2958,10
5081,10
11278,10
7331,10
357,10
14288,10
13489,10
9543,10
8240,10
5675,10
5740,10
14467,10
5949,10
8231,10
13283,10
2890,10
2800,10
4048,10
3138,10
12628,10
4267,10
4327,10
3037,10
9624,10
11616,10
10220,10
3210,10
991,10
9897,10
12328,10
1890,10
11320,10
14347,10
10709,10
6705,10
6842,10
10960,10
8790,10
1066,10
9573,10
13336,10
12264,10
11739,10
10914,10
1817,10
1502,10
6870,10
13763,10
13557,10
6058,10
9284,10
5221,10
14690,10
3641,10
9822,10
5493,10
4518,10
11105,10
7311,10
4055,10
11649,10
11765,10
10337,10
5932,10
5379,10
5094,10
2651,10
469,10
6527,10
6115,10
4006,10
3333,10
4689,10
5863,10
5512,10
4490,10
1580,10
9350,10
5013,10
7706,10
6232,10
9540,10
3956,10
11127,10
232,10
5197,10
1574,10
4071,10
7821,10
822,10
8440,10
6687,10
5655,10
6863,10
9378,10
1343,10
9025,10
11118,10
11152,10
6284,10
2078,10
9206,10
9910,10
6317,10
448,10
4269,10
6294,10
11048,10
11891,10
5293,10
12857,10
8520,10
12396,10
7686,10
6080,10
2620,10
1727,10
4450,10
11747,10
817,10
9322,10
1087,10
8756,10
14326,10
6279,10
5252,10
1978,10
9458,10
14504,10
10660,10
961,10
10497,10
6719,10
575,10
5478,10
1135,10
9954,10
11249,10
1665,10
12154,10
1312,10
762,10
4427,10
3493,10
518,10
8985,10
5380,10
11930,10
14427,10
9961,10
7247,10
12588,10
8503,10
3870,10
8960,10
2129,10
6208,10
13506,10
14020,10
358,10
477,10
10730,10
2065,10
5789,10
4807,10
13135,10
8710,10
8433,10
6728,10
10924,10
662,10
9213,10
14003,10
4331,10
4946,10
7750,10
2466,10
8481,10
8532,10
5359,10
2062,10
8085,10
8972,10
13808,10
11007,10
3433,10
2,10
1319,10
1837,10
9273,10
1299,10
11707,10
7723,10
6209,10
4561,10
9056,10
14296,10
11305,10
11185,10
2092,10
9403,10
4552,10
10753,10
4241,10
7227,10
6485,10
12354,10
10885,10
7142,11
4849,11
13915,11
12410,11
6633,11
8830,11
9304,11
13087,11
3460,11
13091,11
12557,11
10093,11
2090,11
5317,11
1077,11
5375,11
14279,11
2395,11
11116,11
4810,11
3554,11
3437,11
9903,11
11973,11
7212,11
13332,11
5872,11
5624,11
12402,11
665,11
6729,11
4615,11
108,11
13202,11
2069,11
7592,11
768,11
4216,11
231,11
10486,11
12583,11
9384,11
8695,11
890,11
10572,11
5336,11
5634,11
9785,11
2511,11
6119,11
12014,11
11769,11
12759,11
6760,11
1526,11
2922,11
11017,11
6441,11
11771,11
2192,11
127,11
1340,11
12031,11
10780,11
12558,11
8259,11
1902,11
10664,11
9445,11
5555,11
1989,11
2600,11
9017,11
4051,11
3886,11
12995,11
1628,11
12507,11
3665,11
11836,11
14303,11
14021,11
10454,11
4290,11
7219,11
10687,11
8986,11
3594,11
9360,11
9564,11
10259,11
5708,11
3062,11
10985,11
9037,11
9466,11
13536,11
1901,11
8328,11
6965,11
9504,11
229,11
11513,11
3784,11
8606,11
13269,11
12598,11
3355,11
2919,11
4543,11
7729,11
5574,11
9792,11
9720,11
10129,11
1220,11
7907,11
6219,11
4280,11
3688,11
8777,11
9365,11
944,11
9130,11
992,11
9669,11
13642,11
6553,11
6411,11
6354,11
7574,11
9698,11
4805,11
12046,11
403,11
10982,11
1952,11
13230,11
5183,11
11083,11
9325,11
8318,11
2625,11
10830,11
11239,11
9236,11
6312,11
10266,11
6664,11
11497,11
1216,11
4075,11
8466,11
11834,11
5963,11
8174,11
159,11
109,11
2391,11
2086,11
13919,11
4430,11
9894,11
10074,11
833,11
11013,11
1040,11
8270,11
3676,11
4171,11
10219,11
1459,11
261,11
11938,11
7883,11
1440,11
12023,11
2210,11
3025,11
1768,11
8069,11
10391,11
12231,11
3068,11
2475,11
5490,11
8470,11
11095,11
4789,11
3532,11
11750,11
9547,11
12090,11
8087,11
6507,11
14638,11
14136,11
7180,11
9048,11
9728,11
5341,11
5732,11
5333,11
8821,11
7908,11
10087,11
4355,11
6953,11
4928,11
13554,11
9228,11
5308,11
5000,11
12701,11
559,11
12093,11
12442,11
13979,11
963,11
4881,11
8198,11
10011,11
2572,11
11906,11
9438,11
9238,11
5593,11
1899,11
10145,11
9690,11
10683,11
4086,11
327,11
5443,11
719,11
11459,11
9389,11
12086,11
3231,11
6639,11
7801,11
13060,11
8978,11
3994,11
3909,11
527,11
6799,11
5792,11
10393,11
11324,11
8448,11
3292,11
13842,11
13089,11
3943,11
13895,11
4424,11
11570,11
107,11
1314,11
12277,11
6957,11
10676,11
9990,11
13509,11
5184,11
3620,11
3199,11
526,11
1268,11
4438,11
443,11
2299,11
5777,11
12151,11
5166,11
8564,11
14331,11
12925,11
848,11
688,11
11626,11
13497,11
7814,11
11357,11
1666,11
1780,11
10353,11
13090,11
2495,11
2707,11
8970,11
11940,11
9619,11
2619,11
5559,11
10727,11
11223,11
3353,11
9331,11
5081,11
11278,11
7331,11
357,11
14288,11
13489,11
9543,11
8240,11
5675,11
5740,11
5949,11
8231,11
13283,11
2890,11
2800,11
4048,11
3138,11
12628,11
4267,11
3037,11
9624,11
11616,11
10220,11
3210,11
9897,11
12328,11
1890,11
11320,11
14347,11
10709,11
6705,11
6842,11
10960,11
8790,11
9573,11
12264,11
11739,11
10914,11
1817,11
6870,11
10885,11
13763,11
13557,11
6058,11
9284,11
5221,11
14690,11
5493,11
11105,11
7311,11
4055,11
11649,11
11765,11
10337,11
5932,11
5379,11
5094,11
2651,11
469,11
6527,11
6115,11
4006,11
3333,11
4689,11
5863,11
5512,11
4490,11
1580,11
7706,11
6232,11
9540,11
3956,11
11127,11
232,11
5197,11
7821,11
822,11
8440,11
6687,11
5655,11
6863,11
9378,11
1343,11
9025,11
11118,11
11152,11
6284,11
2078,11
9206,11
9910,11
6317,11
448,11
4269,11
6294,11
11048,11
11891,11
5293,11
8520,11
12396,11
6080,11
2620,11
1727,11
4450,11
11747,11
817,11
9322,11
14326,11
6279,11
5252,11
1978,11
14504,11
10660,11
961,11
10497,11
6719,11
575,11
5478,11
1135,11
9954,11
11249,11
1665,11
12154,11
1312,11
762,11
4427,11
3493,11
518,11
8985,11
5380,11
11930,11
14427,11
9961,11
7247,11
12588,11
8503,11
3870,11
8960,11
2129,11
6208,11
13506,11
10730,11
2065,11
5789,11
4807,11
13135,11
8710,11
6728,11
10924,11
9213,11
14003,11
4946,11
7750,11
2466,11
8481,11
5359,11
2062,11
8085,11
8972,11
11007,11
3433,11
2,11
1319,11
1837,11
1299,11
11707,11
7723,11
6209,11
4561,11
9056,11
14296,11
11305,11
11185,11
2092,11
4552,11
10753,11
4241,11
7227,11
662,11
641,11
7505,12
7709,12
6333,12
5013,12
10299,12
12252,12
9973,12
8680,12
11350,12
1574,12
4071,12
12740,12
11831,12
7209,12
11270,12
2843,12
1861,12
6793,12
12857,12
11669,12
428,12
5348,12
7686,12
6931,12
2516,12
12178,12
10228,12
11609,12
1087,12
2958,12
8756,12
11577,12
12944,12
9458,12
10309,12
13616,12
14467,12
11054,12
4327,12
991,12
14654,12
1324,12
14020,12
358,12
477,12
8433,12
4677,12
1066,12
3148,12
3181,12
13336,12
6114,12
1502,12
4331,12
2804,12
7837,12
11966,12
1130,12
8532,12
3641,12
9822,12
4518,12
13808,12
5420,12
13379,12
9370,12
9273,12
8627,12
3900,12
1418,12
6404,12
8316,12
8703,12
11342,12
9403,12
5540,12
6453,12
10762,12
440,12
8906,12
6485,12
12354,12
9350,12
6885,13
13539,13
5466,13
7728,13
10408,13
11734,13
1868,13
7617,13
410,13
12787,13
1369,13
4038,13
3581,13
8301,13
7913,13
770,13
6997,13
26,13
3921,13
2099,13
5390,13
7000,13
5524,13
7524,13
13818,13
6877,13
2130,13
12694,13
13009,13
13083,13
4503,13
4622,13
7386,13
11627,13
6233,13
12797,13
8477,13
10003,13
10418,13
12170,13
14278,13
9524,13
13345,13
13215,13
2675,13
4394,13
7274,13
11304,13
6321,13
11508,13
3847,13
11315,13
9528,13
6364,13
7918,13
11991,13
10856,13
7712,13
9157,13
3201,13
9407,13
6533,13
1198,13
11300,13
3635,13
6963,13
895,13
4044,13
11006,13
3564,13
12635,13
7714,13
2917,13
14281,13
8670,13
11828,13
8254,13
4457,13
8205,13
9597,13
7458,13
10480,13
352,13
5066,13
5897,13
407,13
14243,13
3845,13
1482,13
8381,13
2626,13
10073,13
8263,13
7523,13
7446,13
1367,13
10855,13
3234,13
7011,13
1221,13
11511,13
7006,13
8456,13
9602,13
8133,13
4049,13
7237,13
7034,13
9456,13
7781,13
5022,13
13859,13
12989,13
13934,13
3571,13
1075,13
9202,13
11503,13
3693,13
12413,13
8455,13
2855,13
10861,13
1346,13
3154,13
10704,13
10578,13
6833,13
11141,13
9019,13
4335,13
7054,13
1281,13
7488,13
7600,13
2181,13
4934,13
7023,13
8040,13
8982,13
10108,13
12646,13
530,13
11312,13
9871,13
4140,13
7786,13
8975,13
10592,13
4412,13
1411,13
12774,13
11845,13
13998,13
9032,13
2904,13
8200,13
12273,13
2982,13
13192,13
4292,13
467,13
5698,13
5371,13
269,13
5843,13
13477,13
11010,13
11339,13
6621,13
5766,13
7971,13
289,13
5261,13
3203,13
474,13
3808,13
9329,13
7763,13
8754,13
5275,13
7309,13
7358,13
4792,13
330,13
9635,13
13335,13
2038,13
9756,13
12658,13
7788,13
1735,13
9263,13
7252,13
9281,13
7139,13
13241,13
13388,13
3529,13
5644,13
1938,13
2686,13
5931,13
11299,13
10563,13
3287,13
5835,13
6986,13
8764,13
4987,13
11705,13
11740,13
7187,13
2613,13
8051,13
393,13
2418,13
6645,13
12982,13
11883,13
13752,13
12806,13
9774,13
2052,13
12919,13
6573,13
7889,13
9950,13
1808,13
13870,13
14137,13
7021,13
3763,13
8269,13
8556,13
6820,13
10040,13
3755,13
6889,13
7496,13
789,13
10679,13
10430,13
11656,13
12490,13
12274,13
11485,13
8460,13
7776,13
8791,13
6360,13
4203,13
9707,13
9884,13
10118,13
14200,13
10491,13
5116,13
8818,13
10223,13
11960,13
11331,13
2905,13
9920,13
1737,13
14375,13
2697,13
2477,13
3005,13
3606,13
4487,13
8050,13
6749,13
7348,13
8182,13
1390,13
12665,13
6875,13
8590,13
7754,13
12579,13
10597,13
3410,13
10067,13
11841,13
9182,13
4488,13
12027,13
16,13
7725,13
7022,13
7749,13
11348,13
8036,13
12067,13
7277,13
12415,13
5402,13
10141,13
9153,13
13766,13
2930,13
1527,13
13270,13
11077,13
13599,13
1103,13
4129,13
6915,13
6187,13
12705,13
2573,13
8737,13
3933,13
10851,13
13561,13
10158,13
9534,13
4485,13
2807,13
8841,13
5682,13
3216,13
8819,13
12366,13
9083,13
6763,13
3659,13
8130,13
8161,13
678,13
8029,13
8340,13
13807,13
5565,13
773,13
1348,13
2934,13
9508,13
13903,13
2721,13
4089,13
11318,13
7268,13
1235,13
12016,13
8772,13
4794,13
7998,13
14310,13
11867,13
9036,13
11314,13
3957,13
10803,13
10215,13
1113,13
7760,13
7582,13
667,13
4725,13
37,13
6173,13
13055,13
2522,13
6361,13
9824,13
3446,13
4587,13
9859,13
5142,13
8979,13
716,13
3887,13
3100,13
7481,13
114,13
4162,13
9493,13
6008,13
7526,13
6914,13
296,13
11025,13
6781,13
2302,13
12630,13
6371,13
4239,13
11181,13
9324,13
12590,13
10024,13
4842,13
8690,13
1830,13
8395,13
875,13
6720,13
2663,13
10702,13
1412,13
3350,13
6791,13
12355,13
8479,13
13420,13
5131,13
7893,13
14293,13
9992,13
605,13
12244,13
7630,13
6452,13
3156,13
7031,13
4601,13
9988,13
1705,13
4244,13
4483,13
2793,13
3776,13
952,13
8672,13
1297,13
8918,13
6280,13
12712,13
9051,13
2637,13
8623,13
6780,13
4027,13
4217,13
14443,13
5520,13
10475,13
2197,13
9334,13
4873,13
4874,13
3753,13
11557,13
10553,13
13711,13
7583,13
8608,13
10729,13
7624,13
9832,13
2608,13
3646,13
10647,13
13868,13
8041,13
9922,13
9592,13
5497,13
6482,13
11445,13
3703,13
8523,13
7231,13
4741,13
9354,13
13059,13
8168,13
6421,13
12054,13
2221,13
7993,13
11715,13
574,13
12743,13
11714,13
11374,13
2442,13
5283,13
6767,13
10541,13
2293,13
2169,13
7590,13
14284,13
12037,13
5717,13
4537,13
9068,13
12781,13
12089,13
6278,13
12782,13
9131,13
10465,13
14520,13
11886,13
10901,13
2479,13
12994,13
4109,13
12254,13
4956,13
13046,13
5531,13
2589,13
2094,13
10670,13
13203,13
10183,13
2359,13
4660,13
81,13
13645,13
3697,13
11139,13
13958,13
10614,13
778,13
11500,13
2243,13
5100,13
10904,13
1704,13
5289,13
2473,13
2267,13
5466,14
13539,14
6371,14
2793,14
9068,14
11734,14
952,14
789,14
12787,14
1221,14
7358,14
5565,14
2522,14
4792,14
2917,14
6361,14
330,14
12590,14
8460,14
2293,14
10465,14
9524,14
4842,14
8523,14
8133,14
3410,14
7231,14
10901,14
5142,14
770,14
7237,14
8205,14
11883,14
4109,14
26,14
2721,14
13752,14
2099,14
3571,14
1075,14
1412,14
6780,14
5531,14
5066,14
10183,14
5644,14
2686,14
13420,14
10861,14
12016,14
8772,14
81,14
5131,14
5283,14
11025,14
2697,14
8819,14
5402,14
9036,14
6763,14
7590,14
7446,14
14137,14
9832,14
11627,14
2169,14
11740,14
6885,15
7728,15
10408,15
1868,15
7617,15
410,15
1369,15
4038,15
3581,15
8301,15
7913,15
6997,15
3921,15
5390,15
7000,15
5524,15
7524,15
13818,15
6877,15
2130,15
12694,15
13009,15
13083,15
4503,15
4622,15
7386,15
6233,15
12797,15
8477,15
10003,15
10418,15
12170,15
14278,15
13345,15
13215,15
2675,15
4394,15
7274,15
11304,15
6321,15
11508,15
3847,15
11315,15
9528,15
6364,15
7918,15
11991,15
10856,15
7712,15
9157,15
3201,15
9407,15
6533,15
1198,15
11300,15
3635,15
6963,15
895,15
4044,15
11006,15
3564,15
12635,15
7714,15
14281,15
8670,15
11828,15
8254,15
4457,15
9597,15
7458,15
10480,15
352,15
5897,15
407,15
14243,15
3845,15
1482,15
8381,15
2626,15
10073,15
8263,15
7523,15
1367,15
10855,15
3234,15
7011,15
11511,15
7006,15
8456,15
9602,15
4049,15
7034,15
9456,15
7781,15
5022,15
13859,15
12989,15
13934,15
11503,15
9202,15
3693,15
12413,15
8455,15
2855,15
1346,15
3154,15
10704,15
10578,15
6833,15
11141,15
9019,15
4335,15
7054,15
1281,15
7488,15
7600,15
2181,15
4934,15
7023,15
8040,15
8982,15
10108,15
12646,15
530,15
11312,15
9871,15
4140,15
7786,15
8975,15
10592,15
4412,15
1411,15
12774,15
11845,15
13998,15
9032,15
2904,15
8200,15
12273,15
2982,15
13192,15
4292,15
467,15
5698,15
5371,15
269,15
5843,15
13477,15
11010,15
11339,15
6621,15
5766,15
7971,15
289,15
5261,15
3203,15
474,15
3808,15
9329,15
7763,15
8754,15
5275,15
7309,15
9635,15
13335,15
2038,15
9756,15
12658,15
7788,15
1735,15
9263,15
7252,15
9281,15
7139,15
13241,15
13388,15
3529,15
1938,15
5931,15
11299,15
10563,15
3287,15
5835,15
6986,15
8764,15
4987,15
11705,15
7187,15
2613,15
8051,15
393,15
2418,15
6645,15
12982,15
12806,15
9774,15
2052,15
12919,15
6573,15
7889,15
9950,15
1808,15
13870,15
7021,15
3763,15
8269,15
8556,15
6820,15
10040,15
3755,15
6889,15
7496,15
10679,15
10430,15
11656,15
12490,15
12274,15
11485,15
7776,15
8791,15
6360,15
4203,15
9707,15
9884,15
10118,15
14200,15
10491,15
5116,15
8818,15
10223,15
11960,15
11331,15
2905,15
9920,15
1737,15
14375,15
2477,15
3005,15
3606,15
4487,15
8050,15
6749,15
7348,15
8182,15
1390,15
12665,15
6875,15
8590,15
7754,15
12579,15
10597,15
10067,15
11841,15
9182,15
4488,15
12027,15
16,15
7725,15
7022,15
7749,15
11348,15
8036,15
12067,15
7277,15
12415,15
10141,15
9153,15
13766,15
2930,15
1527,15
13270,15
11077,15
13599,15
1103,15
4129,15
6915,15
6187,15
12705,15
2573,15
8737,15
3933,15
10851,15
13561,15
10158,15
9534,15
4485,15
2807,15
8841,15
5682,15
3216,15
12366,15
9083,15
3659,15
8130,15
8161,15
678,15
8029,15
8340,15
13807,15
773,15
1348,15
2934,15
9508,15
13903,15
4089,15
11318,15
7268,15
1235,15
4794,15
7998,15
14310,15
11867,15
11314,15
3957,15
10803,15
10215,15
1113,15
7760,15
7582,15
667,15
4725,15
37,15
6173,15
13055,15
9824,15
3446,15
4587,15
9859,15
8979,15
716,15
3887,15
3100,15
7481,15
114,15
4162,15
9493,15
6008,15
7526,15
6914,15
296,15
6781,15
2302,15
12630,15
4239,15
11181,15
9324,15
10024,15
8690,15
1830,15
8395,15
875,15
6720,15
2663,15
10702,15
3350,15
6791,15
12355,15
8479,15
7893,15
14293,15
9992,15
605,15
12244,15
7630,15
6452,15
3156,15
7031,15
4601,15
9988,15
1705,15
4244,15
4483,15
3776,15
8672,15
1297,15
8918,15
6280,15
12712,15
9051,15
2637,15
8623,15
4027,15
4217,15
14443,15
5520,15
10475,15
2197,15
9334,15
4873,15
4874,15
3753,15
11557,15
10553,15
13711,15
7583,15
8608,15
10729,15
7624,15
2608,15
3646,15
10647,15
13868,15
8041,15
9922,15
9592,15
5497,15
6482,15
11445,15
3703,15
4741,15
9354,15
13059,15
8168,15
6421,15
12054,15
2221,15
7993,15
11715,15
574,15
12743,15
11714,15
11374,15
2442,15
6767,15
10541,15
14284,15
12037,15
5717,15
4537,15
12781,15
12089,15
6278,15
12782,15
9131,15
14520,15
11886,15
2479,15
12994,15
12254,15
4956,15
13046,15
2589,15
2094,15
10670,15
13203,15
2359,15
4660,15
13645,15
3697,15
11139,15
13958,15
10614,15
778,15
11500,15
2243,15
5100,15
10904,15
1704,15
5289,15
2473,15
2267,15
8888,16
3818,16
922,16
6384,16
8921,16
800,16
11502,16
10841,16
10339,16
6659,16
10120,16
7166,16
2280,16
6980,16
3130,16
5659,16
9691,16
13201,16
5339,16
4783,16
8759,16
2961,16
11205,16
4862,16
6742,16
9917,16
12884,16
11629,16
7402,16
12939,16
8307,16
3377,16
11573,16
14140,16
507,16
6283,16
8783,16
11448,16
9089,16
189,16
5592,16
7780,16
7677,16
9103,16
11718,16
8438,16
12547,16
1605,16
12864,16
433,16
6401,16
10509,16
677,16
4289,16
204,16
4613,16
9183,16
1679,16
5519,16
1966,16
5098,16
4562,16
11302,16
7137,16
4253,16
6445,16
9706,16
4776,16
6144,16
7546,16
4400,16
14487,16
12728,16
8210,16
3774,16
280,16
985,16
3452,16
13047,16
5656,16
8944,16
6344,16
8955,16
842,16
2292,16
3211,16
2977,16
365,16
7041,16
929,16
2228,16
10229,16
3086,16
4846,16
7235,16
815,16
8242,16
2356,16
11856,16
4723,16
13743,16
2383,16
10163,16
14032,16
5613,16
8220,16
9008,16
8824,16
3476,16
1041,16
2064,16
7880,16
9024,16
7550,16
2282,16
7002,16
7940,16
9532,16
1474,16
11895,16
12515,16
8516,16
13256,16
12725,16
2483,16
7772,16
6917,16
11225,16
4694,16
3832,16
1529,16
6625,16
9227,16
12602,16
957,16
5970,16
3038,16
8222,16
3284,16
135,16
6945,16
4103,16
3726,16
8872,16
7740,16
8219,16
2850,16
10908,16
4908,16
8339,16
13275,16
1876,16
2402,16
2172,16
3220,16
3307,16
5849,16
11655,16
4077,16
2284,16
7538,16
11694,16
8785,16
13250,16
14211,16
4119,16
5006,16
9443,16
10712,16
11301,16
4902,16
7836,16
5404,16
1723,16
12735,16
8962,16
4134,16
11444,16
6342,16
7554,16
10978,16
8935,16
12183,16
10746,16
6783,16
7747,16
12784,16
2859,16
4126,16
8620,16
8681,16
6800,16
8403,16
5178,16
11344,16
11343,16
13239,16
9447,16
9470,16
2023,16
5612,16
310,16
5179,16
2499,16
10285,16
11524,16
14551,16
7982,16
7160,16
8336,16
7431,16
8929,16
5793,16
2345,16
8577,16
3252,16
9582,16
2739,16
10927,16
9105,16
10356,16
8411,16
2376,16
10655,16
2213,16
12138,16
2008,16
4560,16
7027,16
8490,16
9522,16
1926,16
9659,16
5045,16
5577,16
11032,16
11726,16
8238,16
12121,16
1085,16
6843,16
7148,16
12104,16
10825,16
995,16
12463,16
6,16
3721,16
11209,16
2668,16
11171,16
5885,16
769,16
7223,16
4712,16
5101,16
10096,16
4090,16
7634,16
5245,16
7669,16
9972,16
4821,16
7369,16
1722,16
11746,16
1114,16
3679,16
5913,16
8420,16
6136,16
10419,16
6432,16
9477,16
1674,16
4058,16
5071,16
11961,16
3700,16
8194,16
10586,16
4243,16
12668,16
7841,16
6487,16
8037,16
883,16
5729,16
5800,16
7794,16
7356,16
9246,16
8084,16
12721,16
10010,16
1214,16
4536,16
12920,16
1919,16
1170,16
4206,16
590,16
5939,16
11882,16
3425,16
2722,16
3643,16
1349,16
12137,16
1158,16
8197,16
8468,16
1356,16
3244,16
3661,16
4043,16
6014,16
14089,16
2669,16
11,16
5895,16
10827,16
9139,16
9415,16
9754,16
3820,16
6569,16
9805,16
7970,16
5149,16
2612,16
2805,16
9063,16
12622,16
8077,16
2911,16
11821,16
13735,16
1912,16
13338,16
13992,16
1886,16
1140,16
297,16
8596,16
13205,16
561,16
409,16
2232,16
323,16
5049,16
11589,16
3854,16
11635,16
7049,16
5773,16
7923,16
4409,16
7503,16
7072,16
7649,16
942,16
18,16
14813,16
2461,16
13212,16
4405,16
2836,16
10137,16
4425,16
960,16
8309,16
2019,16
722,16
11182,16
3319,16
4882,16
10421,16
11533,16
10128,16
13960,16
6276,16
5069,16
8961,16
6599,16
2291,16
13050,16
10697,16
7662,16
7518,16
10136,16
6840,16
8559,16
3617,16
12239,16
984,16
6472,16
3662,16
13072,16
11283,16
1742,16
4890,16
96,16
11030,16
9666,16
7961,16
13938,16
13365,16
14333,16
7743,16
11634,16
12278,16
1779,16
1464,16
9471,16
12219,16
10579,16
2440,16
11962,16
14405,16
10891,16
6557,16
6093,16
5679,16
10799,16
43,16
9067,16
6967,16
5003,16
11073,16
5956,16
10347,16
11730,16
7375,16
9380,16
3275,16
11246,16
3692,16
1676,16
9802,16
5075,16
2239,16
13669,16
1583,16
11354,16
9247,16
2392,16
11493,16
11861,16
7936,16
12436,16
10193,16
2892,16
6727,16
2700,16
8155,16
1267,16
9652,16
12863,16
8846,16
4209,16
5401,16
4847,16
7924,16
1355,16
4226,16
2027,16
6948,16
10006,16
8451,16
7254,16
4291,16
304,16
11271,16
7125,16
10996,16
14275,16
3893,16
6543,16
7468,16
11980,16
735,16
2380,16
2290,16
3066,16
3752,16
47,16
6065,16
10068,16
21,16
10289,16
1820,16
8227,16
12707,16
7197,16
1359,16
11173,16
7594,16
2226,16
2515,16
13676,16
8917,16
12217,16
11293,16
6548,16
3958,16
9161,16
5118,16
14873,16
12917,16
4065,16
11564,16
10409,16
2631,16
11144,16
6125,16
1711,16
3296,16
2529,16
1915,16
9296,16
11311,16
3036,16
13236,16
7917,16
10095,16
8684,16
14094,16
5239,16
4871,16
5979,16
10923,16
1146,16
12530,16
6264,16
7944,16
4665,16
12360,16
5765,16
1009,16
8465,16
3789,16
13942,16
4451,16
2867,16
3969,16
9913,16
1180,16
11611,16
1540,16
10588,16
2837,16
13173,16
11418,16
10423,16
3809,16
4905,16
10638,16
11333,16
9556,16
633,16
9877,16
7316,16
1741,16
4824,16
154,16
6311,16
10589,16
8366,16
7467,16
7905,16
13141,16
129,16
6270,16
7876,16
10070,16
4169,16
4933,16
695,16
9352,16
2606,16
2237,16
9675,16
13855,16
9744,16
7541,16
13273,16
3827,16
6424,16
1782,16
3699,16
7869,16
8203,16
7328,16
5692,16
13748,16
14292,16
2709,16
7089,16
4143,16
12164,16
9495,16
13139,16
2178,16
13103,16
877,16
545,16
8038,16
13760,16
11226,16
12655,16
9901,16
11277,16
3228,16
1924,16
9100,16
11778,16
2367,16
1332,16
1166,16
5951,16
4300,16
7170,16
9686,16
5796,16
5117,16
4315,16
7400,16
2214,16
1016,16
10879,16
4469,16
8946,16
3049,16
3540,16
14827,16
11242,16
5411,16
5877,16
7226,16
3372,16
137,16
8000,16
5165,16
6663,16
10769,16
288,16
10814,16
6103,16
11638,16
1695,16
5686,16
2013,16
6013,16
798,16
9124,16
7771,16
5741,16
4258,16
12964,16
10773,16
11442,16
9952,16
13416,16
13147,16
10701,16
4722,16
6467,16
9007,16
5623,16
4121,16
718,16
201,16
2128,16
2513,16
1000,16
6178,16
6696,16
6393,16
13883,16
2806,16
2010,16
54,16
8428,16
6583,16
7571,16
24,16
11712,16
1826,16
1750,16
8003,16
2750,16
13575,16
13708,16
2539,16
5194,16
12623,16
2364,16
3654,16
10473,16
11661,16
9093,16
3636,16
4220,16
3660,16
2463,16
9527,16
8172,16
5364,16
6694,16
11494,16
13560,16
6750,16
2983,16
1465,16
9951,16
11098,16
7960,16
4268,16
12826,16
9620,16
5029,16
1208,16
6104,16
5123,16
4644,16
5530,16
12744,16
11679,16
13383,16
14114,16
3926,16
7390,16
12076,16
7819,16
6302,16
14680,16
8016,16
4334,16
11976,16
4444,16
12756,16
4151,16
1317,16
10738,16
12271,16
4385,16
4491,16
13134,16
11799,16
6735,16
7115,16
4982,16
9044,16
10880,16
10817,16
1801,16
1950,16
6031,16
4154,16
6786,16
9108,16
5721,16
305,16
557,16
5070,16
4850,16
14386,16
8446,16
10812,16
11255,16
10327,16
11592,16
9860,16
3838,16
10463,16
7243,16
4511,16
13111,16
6245,16
7273,16
11604,16
400,16
10263,16
517,16
7954,16
7225,16
350,16
6690,16
9788,16
11783,16
10815,16
1142,16
9204,16
1653,16
5546,16
10479,16
13056,16
10385,16
8638,16
7564,16
1073,16
7232,16
1156,16
6352,16
11510,16
4208,16
7221,16
3067,16
2053,16
920,16
2153,16
11110,16
1139,16
8294,16
6668,16
9413,16
11475,16
3040,16
9383,16
657,16
1169,16
228,16
2350,16
4130,16
8107,16
10538,16
9615,16
1154,16
11276,16
2287,16
10757,16
2108,16
3786,16
8075,16
13939,16
8792,16
6837,16
10012,16
4675,16
10962,16
6486,16
8997,16
2827,16
12237,16
10749,16
8089,16
6983,16
8248,16
7522,16
1717,16
10098,16
3565,16
6675,16
13835,16
10876,16
10035,16
2328,16
3852,16
7292,16
5014,16
9769,16
2338,16
7916,16
13251,16
9757,16
5129,16
8507,16
584,16
1241,16
2925,16
8178,16
3281,16
2079,16
5260,16
6762,16
9979,16
821,16
6175,16
5737,16
10017,16
226,16
10080,16
489,16
66,16
490,16
13078,16
2261,16
12900,16
918,16
4112,16
6191,16
146,16
5236,16
6506,16
5133,16
7135,16
3204,16
783,16
2885,16
2877,16
12667,16
4708,16
12129,16
6894,16
1499,16
10652,16
7302,16
3135,16
1819,16
12440,16
11619,16
8393,16
1127,16
3613,16
896,16
5674,16
13753,16
7090,16
10438,16
10307,16
9066,16
9109,16
5056,16
5230,16
5550,16
9460,16
10125,16
8310,16
12229,16
11371,16
4210,16
13720,16
3042,16
6079,16
7570,16
386,16
2132,16
3060,16
8629,16
4339,16
6322,16
6129,16
3931,16
7312,16
8920,16
2727,16
1533,16
4687,16
6461,16
5928,16
2163,16
3298,16
12270,16
11355,16
1746,16
10576,16
331,16
7338,16
4947,16
12536,16
8363,16
12679,16
8112,16
7140,16
9496,16
12147,16
8416,16
608,16
3251,16
4133,16
2869,16
8845,16
8285,16
1466,16
1505,16
6806,16
13655,16
8741,16
9188,16
1684,16
8412,16
5841,16
5578,16
7932,16
8541,16
872,16
2603,16
11752,16
7555,16
3833,16
416,16
711,16
5340,16
6010,16
6418,16
9591,16
6650,16
3944,16
2748,16
1712,16
749,16
13167,16
2311,16
5817,16
10551,16
11296,16
10500,16
3266,16
5856,16
5389,16
462,16
5706,16
9398,16
10650,16
9520,16
6549,16
8321,16
13451,16
1650,16
7777,16
9517,16
11441,16
12122,16
260,16
13196,16
2003,16
6630,16
12922,16
937,16
1276,16
8086,16
11556,16
2342,16
6611,16
147,16
7182,16
6444,16
3462,16
6623,16
8011,16
9301,16
5862,16
3390,16
2614,16
7477,16
7020,16
8706,16
7778,16
4586,16
13920,16
10890,16
6236,16
1048,16
7397,16
1141,16
8631,16
5536,16
13402,16
739,16
1710,16
7117,16
4954,16
4271,16
10060,16
6858,16
6258,16
3155,16
11199,16
9718,16
5292,16
2478,16
1503,16
11134,16
9942,16
3414,16
13592,16
5501,16
8380,16
10663,16
7519,16
7602,16
13623,16
2049,16
10088,16
10723,16
3596,16
10464,16
7542,16
5746,16
2808,16
87,16
9422,16
10392,16
8856,16
953,16
3187,16
5553,16
10016,16
1678,16
10075,16
158,16
9629,16
13951,16
1545,16
1089,16
13013,16
3094,16
7329,16
6071,16
8281,16
7885,16
4961,16
12223,16
2737,16
1880,16
7547,16
12250,16
10929,16
5345,16
2587,16
6941,16
4031,16
266,16
6908,16
14311,16
4738,16
6387,16
2895,16
3023,16
3152,16
7307,16
11695,16
9079,16
7454,16
6185,16
1959,16
12859,16
6736,16
8977,16
1620,16
563,16
5385,16
14315,16
9002,16
10448,16
340,16
7635,16
10966,16
6897,16
1738,16
3587,16
11261,16
7646,16
11338,16
2657,16
2066,16
11113,16
5334,16
13231,16
2747,16
11538,16
2198,16
11773,16
3195,16
8991,16
4640,16
3647,16
9911,16
88,16
8117,16
8594,16
8314,16
2968,16
4867,16
9086,16
1601,16
5053,16
8552,16
2248,16
998,16
5162,16
6183,16
7527,16
12815,16
7242,16
4529,16
11652,16
10151,16
1422,16
8521,16
1961,16
3392,16
7024,16
1100,16
52,16
5508,16
1446,16
13467,16
11175,16
9741,16
11884,16
59,16
13243,16
2711,16
1395,16
5510,16
1793,16
4032,16
9279,16
2636,16
6372,16
4827,16
13527,16
3271,16
6327,16
8159,16
4911,16
8815,16
7333,16
8691,16
9852,16
10291,16
8280,16
9653,16
7520,16
7884,16
2507,16
738,16
5091,16
5399,16
11554,16
3121,16
2596,16
4254,16
11188,16
5533,16
7487,16
11211,16
2819,16
8904,16
7389,16
3851,16
9004,16
4264,16
4894,16
258,16
8798,16
1294,16
642,16
8430,16
11591,16
7648,16
14274,16
9931,16
6457,16
9285,16
552,16
103,16
4793,16
12918,16
9433,16
9267,16
1909,16
1060,16
2321,16
6626,16
12191,16
12469,16
8705,16
5416,16
1045,16
11473,16
687,16
6673,16
3332,16
4657,16
4495,16
9138,16
12935,16
10958,16
2810,16
949,16
13691,16
1974,16
3939,16
12543,16
3831,16
4843,16
6657,16
2863,16
3826,16
2368,16
2170,16
1634,16
9402,16
7528,16
3371,16
4397,16
5927,16
9429,16
3012,16
5498,16
2030,16
1776,16
1399,16
243,16
11598,16
4152,16
2740,16
14553,16
1036,16
7465,16
1917,16
8142,16
3537,16
2997,16
2076,16
4100,16
2305,16
5169,16
7502,16
270,16
5152,16
12321,16
804,16
13612,16
9869,16
3777,16
8567,16
10609,16
3035,16
6770,16
10321,16
7014,16
7336,16
7779,16
2161,16
1099,16
8392,16
8070,16
3193,16
5460,16
7665,16
4005,16
3717,16
3340,16
7475,16
546,16
9134,16
603,16
3627,16
496,16
10404,16
3358,16
10416,16
13117,16
5439,16
3984,16
1906,16
7132,16
1697,16
8954,16
913,16
5434,16
9684,16
6179,16
2786,16
4493,16
13805,16
11887,16
9122,16
5993,16
1807,16
4993,16
11294,16
5119,16
5748,16
9995,16
7143,16
11082,16
2063,16
4288,16
7073,16
10023,16
7816,16
951,16
3475,16
5583,16
7413,16
2575,16
626,16
1879,16
12008,16
3967,16
2643,16
9027,16
13214,16
7892,16
3116,16
4795,16
6722,16
255,16
7625,16
9417,16
6396,16
6061,16
10822,16
6556,16
11360,16
12186,16
727,16
7898,16
5281,16
8213,16
7870,16
6838,16
2252,16
130,16
6347,16
4012,16
12235,16
6049,16
2330,16
142,16
7806,16
6830,16
411,16
8246,16
12141,16
7650,16
2277,16
9366,16
6998,16
8435,16
9957,16
10913,16
538,16
2766,16
6565,16
11753,16
8895,16
11860,16
6003,16
941,16
4663,16
8633,16
10776,16
6415,16
10883,16
12841,16
5376,16
3632,16
11380,16
4080,16
14325,16
1913,16
7598,16
11547,16
8621,16
1654,16
9010,16
421,16
486,16
6818,16
12501,16
8179,16
5866,16
10135,16
3388,16
351,16
6275,16
4588,16
9825,16
10977,16
11035,16
2703,16
4571,16
286,16
886,16
1195,16
6177,16
7888,16
6052,16
5625,16
6738,16
6235,16
8537,16
2891,16
857,16
4453,16
12992,16
9904,16
2303,16
7678,16
8674,16
8701,16
9341,16
12771,16
1168,16
5669,16
11375,16
5338,16
1498,16
9743,16
4007,16
3877,16
12466,16
1479,16
6462,16
4464,16
6195,16
9120,16
6076,16
13116,16
9794,16
4692,16
9974,16
10271,16
8718,16
11436,16
3246,16
4085,16
8237,16
11162,16
9560,16
7895,16
7914,16
12347,16
10090,16
10884,16
3021,16
1233,16
13605,16
1663,16
12891,16
13586,16
11219,16
439,16
11147,16
5368,16
4423,16
10361,16
2152,16
10512,16
4781,16
7154,16
13812,16
8097,16
1552,16
4067,16
12751,16
7681,16
10743,16
12638,16
11397,16
5886,16
8257,16
9956,16
11667,16
7379,16
3964,16
7511,16
5575,16
8699,16
7976,16
13801,16
13207,16
8707,16
6636,16
5269,16
623,16
2283,16
12657,16
13337,16
9339,16
2032,16
5280,16
3797,16
10869,16
13607,16
7297,16
2744,16
1437,16
9729,16
5778,16
3982,16
2021,16
12648,16
12172,16
3733,16
1291,16
13168,16
6617,16
7258,16
4064,16
7289,16
4719,16
97,16
2645,16
969,16
13109,16
3467,16
11377,16
5518,16
958,16
779,16
1724,16
2175,16
1506,16
6504,16
3097,16
11824,16
2640,16
12304,16
3369,16
12441,16
8429,16
10211,16
12101,16
2874,16
11728,16
3765,16
4851,16
2844,16
1559,16
10482,16
9874,16
2043,16
6007,16
6920,16
9253,16
5950,16
4538,16
11914,16
4356,16
3114,16
4808,16
4621,16
2142,16
11801,16
2011,16
6667,16
11411,16
2054,16
5783,16
4646,16
9307,16
2831,16
11258,16
7083,16
465,16
2781,16
10490,16
4916,16
3619,16
4661,16
4547,16
13878,16
12059,16
8191,16
3803,16
1642,16
5251,16
11924,16
3239,16
6503,16
2785,16
1205,16
7248,16
12649,16
6989,16
4903,16
3989,16
14264,16
11213,16
3269,16
2250,16
9114,16
11460,16
2524,16
8028,16
5563,16
7398,16
4530,16
7405,16
10621,16
11641,16
3615,16
3485,16
390,16
1260,16
954,16
11979,16
1007,16
8761,16
8508,16
8158,16
1391,16
12510,16
4471,16
14117,16
5507,16
7864,16
670,16
11136,16
15,16
988,16
5496,16
6618,16
13097,16
6145,16
12228,16
9945,16
7094,16
10700,16
6691,16
7730,16
4685,16
4338,16
12773,16
8702,16
7663,16
4384,16
11781,16
7667,16
4958,16
10150,16
3139,16
2201,16
3053,16
13637,16
10122,16
6139,16
4915,16
7928,16
8605,16
6847,16
6653,16
45,16
4861,16
12135,16
10522,16
13821,16
7533,16
2889,16
5831,16
6402,16
9391,16
13422,16
3214,16
12805,16
13796,16
4199,16
14735,16
4219,16
7798,16
4619,16
1555,16
14222,16
5017,16
10033,16
5237,16
14486,16
4145,16
2765,16
7396,16
9808,16
10188,16
4316,16
1851,16
10629,16
5668,16
12349,16
3573,16
568,16
12875,16
11328,16
4305,16
9523,16
10086,16
1564,16
3523,16
5109,16
8101,16
10678,16
3344,16
6188,16
1010,16
13027,16
11881,16
3331,16
8688,16
7459,16
3709,16
8776,16
12320,16
2950,16
13359,16
4972,16
569,16
222,16
4403,16
4057,16
10946,16
7453,16
1732,16
9355,16
8457,16
5148,16
7460,16
11449,16
7269,16
5631,16
7627,16
9947,16
8891,16
339,16
7463,16
3500,16
3423,16
1150,16
9251,16
3965,16
6313,16
3174,16
11424,16
6511,16
11876,16
11555,16
9217,16
2894,16
1305,16
7800,16
3849,16
7513,16
8252,16
2165,16
12335,16
11595,16
11154,16
9280,16
7451,16
1461,16
2121,16
3628,16
3083,16
10573,16
4896,16
9178,16
6971,16
11008,16
12596,16
6609,16
9166,16
9965,16
13036,16
3464,16
6430,16
2429,16
3977,16
8763,16
630,16
11680,16
2732,16
3197,16
3640,16
10867,16
5539,16
3591,16
3559,16
2215,16
2480,16
9627,16
8009,16
1630,16
540,16
6449,16
12353,16
12503,16
7305,16
912,16
6015,16
9949,16
1898,16
366,16
7813,16
2985,16
8146,16
1123,16
7019,16
5638,16
9340,16
6040,16
3088,16
12545,16
7165,16
11499,16
5809,16
8679,16
725,16
3868,16
3487,16
10600,16
8981,16
8711,16
1242,16
11308,16
3416,16
2742,16
11427,16
12776,16
5632,16
5893,16
9807,16
5271,16
13180,16
5223,16
10031,16
6746,16
11544,16
8279,16
10517,16
2266,16
3110,16
1788,16
5134,16
3484,16
622,16
3227,16
7061,16
11871,16
4063,16
3658,16
11639,16
6597,16
6054,16
9554,16
8708,16
6385,16
1597,16
10620,16
4597,16
6084,16
14330,16
12614,16
4679,16
3544,16
6143,16
3685,16
13393,16
1759,16
5703,16
8697,16
11660,16
4332,16
4124,16
8348,16
3930,16
10810,16
12276,16
9969,16
14129,16
7362,16
5609,16
8363,17
3818,17
8227,17
8112,17
10883,17
12841,17
12707,17
7197,17
11173,17
9496,17
5376,17
3632,17
10339,17
2515,17
608,17
6980,17
3251,17
9691,17
5339,17
11293,17
8759,17
1505,17
6806,17
8621,17
9010,17
3958,17
9161,17
486,17
8741,17
9188,17
6742,17
9917,17
8412,17
12884,17
5578,17
11629,17
11564,17
12939,17
8307,17
3377,17
351,17
11752,17
6125,17
11448,17
5592,17
3833,17
416,17
711,17
886,17
9591,17
6650,17
11718,17
3944,17
9296,17
11311,17
1605,17
2748,17
3036,17
12864,17
433,17
13236,17
1712,17
6738,17
10509,17
2891,17
8684,17
2311,17
4289,17
14094,17
4871,17
11296,17
7678,17
4613,17
8674,17
8701,17
12530,17
6264,17
5765,17
7137,17
462,17
6144,17
7546,17
5706,17
4007,17
10650,17
9520,17
6549,17
1180,17
13451,17
985,17
1479,17
13047,17
9517,17
5656,17
2837,17
8944,17
842,17
9120,17
12122,17
6076,17
2292,17
2003,17
2977,17
6630,17
365,17
937,17
1276,17
7041,17
8237,17
6611,17
7182,17
7235,17
9556,17
633,17
6444,17
9877,17
3462,17
6623,17
7895,17
1741,17
4824,17
154,17
8011,17
2356,17
12347,17
8366,17
7467,17
4723,17
2383,17
3021,17
9008,17
7876,17
8824,17
7477,17
8706,17
1041,17
2064,17
2606,17
2282,17
2237,17
9675,17
4586,17
13920,17
2152,17
7940,17
10890,17
9532,17
1474,17
11895,17
6236,17
1048,17
8097,17
1552,17
8516,17
12725,17
3699,17
5536,17
6917,17
7681,17
7328,17
11225,17
3832,17
6625,17
5692,17
739,17
11397,17
8257,17
7117,17
3038,17
11667,17
4271,17
4143,17
6945,17
12164,17
3155,17
8872,17
7740,17
5292,17
8219,17
2478,17
1503,17
11134,17
3414,17
8038,17
8380,17
8339,17
13275,17
8707,17
7519,17
5269,17
3228,17
1876,17
2402,17
3596,17
3220,17
10464,17
7542,17
5746,17
12657,17
9339,17
9422,17
5280,17
3797,17
7170,17
5849,17
4077,17
3187,17
5553,17
7297,17
1437,17
9729,17
2214,17
10016,17
1678,17
10879,17
12172,17
13168,17
7538,17
4469,17
8946,17
4119,17
6617,17
4902,17
3049,17
3094,17
7329,17
3540,17
14827,17
11242,17
5404,17
1723,17
969,17
13109,17
3467,17
5877,17
7226,17
3372,17
8000,17
6342,17
10978,17
2175,17
10814,17
1506,17
6504,17
12250,17
5686,17
12304,17
10746,17
2587,17
12784,17
2859,17
4126,17
798,17
8429,17
266,17
12101,17
6800,17
14311,17
3765,17
4851,17
5741,17
6387,17
2844,17
9874,17
2023,17
12964,17
5612,17
3152,17
310,17
11442,17
5950,17
13416,17
11914,17
3114,17
1959,17
11524,17
10701,17
4722,17
12859,17
7160,17
5623,17
8977,17
4121,17
11801,17
2011,17
718,17
2128,17
1620,17
6667,17
5385,17
14315,17
1000,17
11411,17
8336,17
10448,17
8929,17
2054,17
6393,17
5783,17
10966,17
6897,17
8577,17
3252,17
1738,17
3587,17
2831,17
10927,17
7083,17
2781,17
10490,17
10356,17
8411,17
2376,17
11338,17
7571,17
2213,17
12138,17
11113,17
1750,17
8003,17
2750,17
2198,17
11773,17
13878,17
9522,17
13575,17
1926,17
13708,17
8991,17
3647,17
1642,17
3654,17
5251,17
11661,17
9911,17
3239,17
6503,17
11726,17
8238,17
8594,17
8314,17
12121,17
6843,17
9527,17
4867,17
8552,17
6694,17
2248,17
6989,17
998,17
4903,17
6183,17
3989,17
6750,17
6,17
2983,17
3721,17
11209,17
1422,17
8521,17
5563,17
1465,17
9951,17
7405,17
52,17
5885,17
5508,17
7960,17
10621,17
769,17
7223,17
4712,17
11175,17
11641,17
11884,17
10096,17
59,17
5029,17
5245,17
1208,17
9972,17
11979,17
5123,17
1007,17
4644,17
1722,17
5530,17
8761,17
3926,17
7390,17
13527,17
6327,17
1391,17
12510,17
8016,17
7333,17
4334,17
11976,17
6136,17
4444,17
7864,17
11136,17
12756,17
10738,17
13097,17
9653,17
6145,17
12228,17
4491,17
13134,17
7884,17
738,17
5091,17
11799,17
7730,17
8194,17
5399,17
10586,17
12773,17
11188,17
7663,17
5533,17
10880,17
4243,17
11211,17
2819,17
7667,17
3139,17
3053,17
1801,17
13637,17
1950,17
4154,17
9108,17
4915,17
7928,17
8605,17
557,17
305,17
4536,17
10522,17
1919,17
13821,17
14386,17
4264,17
4894,17
2889,17
6402,17
9391,17
5939,17
10327,17
2722,17
12137,17
11592,17
1294,17
1158,17
7648,17
13796,17
8197,17
14274,17
8468,17
10463,17
1356,17
7798,17
9931,17
4619,17
4511,17
552,17
4793,17
10033,17
9433,17
6245,17
14486,17
400,17
517,17
7396,17
5895,17
10827,17
9139,17
1060,17
4316,17
5668,17
10629,17
350,17
2321,17
9754,17
12191,17
12469,17
9788,17
2612,17
2805,17
3573,17
10815,17
12622,17
12875,17
8077,17
1142,17
4657,17
4495,17
13735,17
9138,17
10958,17
5546,17
4305,17
13992,17
10385,17
10086,17
13691,17
7564,17
1073,17
1974,17
1140,17
1156,17
8101,17
6352,17
297,17
3344,17
2170,17
11881,17
409,17
2232,17
4208,17
8688,17
3709,17
5049,17
3854,17
7221,17
11635,17
7049,17
3067,17
2950,17
5773,17
4972,17
920,17
4403,17
11110,17
243,17
4409,17
10946,17
4152,17
9355,17
1036,17
7465,17
1917,17
8457,17
7649,17
8294,17
6668,17
18,17
8142,17
3537,17
11475,17
11449,17
2076,17
5631,17
4100,17
3040,17
1169,17
8891,17
2350,17
7463,17
5169,17
8107,17
10137,17
9615,17
270,17
5152,17
3423,17
960,17
6313,17
3965,17
9869,17
11424,17
722,17
11182,17
3319,17
4675,17
10421,17
6486,17
8567,17
13960,17
8997,17
3035,17
6770,17
7014,17
7336,17
12335,17
7451,17
2161,17
6599,17
1099,17
2121,17
7662,17
3717,17
8248,17
9178,17
7475,17
546,17
9134,17
6971,17
11008,17
603,17
6675,17
496,17
8559,17
10035,17
10404,17
3617,17
6430,17
3464,17
12239,17
3977,17
8763,17
7292,17
2338,17
3984,17
3640,17
3591,17
2480,17
7961,17
8507,17
584,17
9684,17
8009,17
13938,17
2925,17
8178,17
3281,17
4493,17
11887,17
6449,17
12353,17
12503,17
5993,17
7305,17
912,17
6015,17
5260,17
14333,17
7743,17
11294,17
6762,17
5119,17
1898,17
7813,17
2985,17
1123,17
9979,17
7019,17
821,17
5748,17
4288,17
5737,17
7073,17
14405,17
10891,17
5809,17
6093,17
66,17
8679,17
490,17
10799,17
5583,17
7413,17
12900,17
626,17
4112,17
6191,17
6967,17
5236,17
10600,17
3967,17
7135,17
5956,17
3204,17
11308,17
2643,17
2742,17
2877,17
11427,17
12667,17
10347,17
11730,17
7375,17
7892,17
3116,17
9380,17
4795,17
6722,17
3275,17
6894,17
9807,17
10652,17
255,17
7302,17
5271,17
5223,17
12440,17
11544,17
2239,17
11619,17
13669,17
10517,17
11354,17
6396,17
9247,17
2392,17
6061,17
11493,17
5674,17
1788,17
5134,17
10307,17
11871,17
10193,17
2892,17
11639,17
6727,17
2700,17
8155,17
1267,17
9109,17
5230,17
727,17
6054,17
8846,17
8213,17
7870,17
4209,17
5401,17
8310,17
2252,17
6084,17
14330,17
6347,17
12229,17
6049,17
2330,17
1355,17
4226,17
4210,17
4679,17
3544,17
8246,17
6143,17
12141,17
7650,17
2277,17
7570,17
9366,17
386,17
3685,17
1759,17
6948,17
8435,17
8697,17
9957,17
10913,17
8629,17
7254,17
6322,17
2766,17
3931,17
304,17
7125,17
8920,17
2727,17
1533,17
4687,17
6461,17
735,17
2380,17
3930,17
3066,17
2163,17
3298,17
10810,17
12270,17
12276,17
5609,17
9969,17
11355,17
10576,17
47,17
6065,17
7338,17
7511,17
10289,17
8363,18
3818,18
10883,18
12841,18
5376,18
3632,18
10339,18
608,18
11293,18
8621,18
3958,18
9188,18
6742,18
9917,18
8412,18
12884,18
5578,18
11629,18
3377,18
3833,18
416,18
711,18
886,18
9591,18
11718,18
3944,18
9296,18
11311,18
433,18
10509,18
2891,18
2311,18
4289,18
14094,18
4871,18
11296,18
8701,18
12530,18
5765,18
6144,18
7546,18
5706,18
9520,18
1180,18
13451,18
985,18
1479,18
842,18
6076,18
12122,18
2292,18
2977,18
6630,18
937,18
1276,18
7041,18
7182,18
7235,18
9556,18
633,18
9877,18
6623,18
7895,18
1741,18
4824,18
154,18
8011,18
9008,18
2064,18
2606,18
9675,18
4586,18
7940,18
10890,18
9532,18
1474,18
11895,18
1048,18
1552,18
3699,18
6917,18
5692,18
11667,18
4271,18
7511,18
3155,18
8872,18
7740,18
5292,18
8219,18
1503,18
8038,18
8339,18
13275,18
7519,18
5269,18
3228,18
3596,18
10464,18
3797,18
7170,18
5849,18
5553,18
7297,18
2214,18
10016,18
1678,18
10879,18
13168,18
4469,18
8946,18
4119,18
7329,18
3540,18
11242,18
969,18
1723,18
5877,18
7226,18
8000,18
10746,18
12784,18
798,18
8429,18
266,18
14311,18
5741,18
6387,18
9874,18
5612,18
3152,18
5950,18
11914,18
11524,18
4722,18
7160,18
4121,18
11801,18
2128,18
5385,18
14315,18
8336,18
2054,18
5783,18
6897,18
1738,18
2831,18
10927,18
7083,18
10490,18
10356,18
7571,18
2213,18
2750,18
2198,18
13878,18
9522,18
13575,18
1926,18
1642,18
11661,18
6503,18
6843,18
8552,18
4903,18
6183,18
3989,18
6750,18
2983,18
3721,18
8521,18
7405,18
7960,18
10621,18
7223,18
10096,18
11979,18
1007,18
5530,18
8761,18
13527,18
1391,18
8016,18
4334,18
11976,18
11136,18
10738,18
13097,18
13134,18
8194,18
11188,18
7663,18
5533,18
10880,18
4243,18
11211,18
2819,18
3053,18
13637,18
4154,18
4915,18
8605,18
557,18
4536,18
10522,18
13821,18
4894,18
2889,18
6402,18
9391,18
10327,18
2722,18
12137,18
11592,18
1294,18
13796,18
8197,18
14274,18
8468,18
10463,18
4619,18
552,18
9433,18
400,18
1060,18
9139,18
10629,18
350,18
2321,18
12191,18
2805,18
3573,18
12622,18
12875,18
1142,18
4495,18
9138,18
4305,18
10385,18
1974,18
6352,18
2170,18
8688,18
3709,18
3854,18
7221,18
7049,18
3067,18
5773,18
4972,18
920,18
4403,18
4409,18
9355,18
7465,18
1917,18
8457,18
7649,18
6668,18
5631,18
2076,18
3040,18
8891,18
2350,18
7463,18
8107,18
10137,18
9615,18
960,18
6313,18
3965,18
11424,18
722,18
11182,18
8567,18
13960,18
3035,18
7336,18
12335,18
2161,18
6599,18
1099,18
9178,18
7475,18
9134,18
11008,18
603,18
496,18
8559,18
10035,18
3464,18
12239,18
8763,18
7292,18
3591,18
7961,18
8507,18
8009,18
13938,18
3281,18
4493,18
11887,18
12353,18
5993,18
6015,18
5260,18
14333,18
7743,18
1898,18
1123,18
821,18
5748,18
4288,18
5737,18
7073,18
14405,18
6093,18
8679,18
490,18
5583,18
7413,18
626,18
6967,18
5236,18
10600,18
3967,18
11308,18
2643,18
2742,18
12667,18
11730,18
7892,18
3116,18
3275,18
10652,18
255,18
5223,18
12440,18
2239,18
13669,18
10517,18
6396,18
6061,18
11493,18
10307,18
10193,18
2892,18
2700,18
1267,18
9109,18
7870,18
4209,18
5401,18
6347,18
12229,18
6049,18
1355,18
4210,18
8246,18
6143,18
12141,18
7650,18
2277,18
7570,18
9366,18
3685,18
1759,18
8697,18
6948,18
8435,18
9957,18
10913,18
2766,18
7254,18
3931,18
2727,18
1533,18
4687,18
735,18
2380,18
3066,18
2163,18
3298,18
10810,18
12270,18
9969,18
10576,18
7338,18
5609,18
10289,18
8227,19
8112,19
12707,19
7197,19
11173,19
9496,19
2515,19
6980,19
3251,19
9691,19
5339,19
8759,19
1505,19
6806,19
9010,19
486,19
9161,19
8741,19
11564,19
12939,19
8307,19
351,19
11752,19
6125,19
11448,19
5592,19
6650,19
1605,19
2748,19
3036,19
12864,19
13236,19
1712,19
6738,19
8684,19
7678,19
4613,19
8674,19
6264,19
7137,19
462,19
4007,19
10650,19
6549,19
13047,19
9517,19
5656,19
2837,19
8944,19
9120,19
2003,19
365,19
8237,19
6611,19
6444,19
3462,19
2356,19
12347,19
8366,19
7467,19
4723,19
2383,19
3021,19
7876,19
7477,19
8824,19
8706,19
1041,19
2282,19
2237,19
13920,19
2152,19
6236,19
8097,19
8516,19
12725,19
5536,19
7681,19
7328,19
11225,19
3832,19
6625,19
739,19
11397,19
8257,19
7117,19
3038,19
4143,19
6945,19
12164,19
2478,19
11134,19
3414,19
8380,19
8707,19
1876,19
2402,19
3220,19
7542,19
5746,19
12657,19
9339,19
9422,19
5280,19
4077,19
3187,19
1437,19
9729,19
12172,19
7538,19
6617,19
4902,19
3049,19
3094,19
14827,19
5404,19
13109,19
3467,19
3372,19
6342,19
10978,19
2175,19
10814,19
1506,19
6504,19
12250,19
5686,19
12304,19
2587,19
2859,19
4126,19
12101,19
6800,19
3765,19
4851,19
2844,19
2023,19
12964,19
310,19
11442,19
13416,19
3114,19
1959,19
10701,19
12859,19
5623,19
8977,19
2011,19
718,19
1620,19
6667,19
1000,19
11411,19
10448,19
8929,19
6393,19
10966,19
8577,19
3252,19
3587,19
2781,19
8411,19
2376,19
11338,19
12138,19
11113,19
1750,19
8003,19
11773,19
13708,19
8991,19
3647,19
5251,19
3654,19
9911,19
3239,19
11726,19
8238,19
8594,19
8314,19
12121,19
9527,19
4867,19
6694,19
2248,19
6989,19
998,19
6,19
11209,19
1422,19
5563,19
1465,19
9951,19
52,19
5885,19
5508,19
769,19
4712,19
11175,19
11641,19
11884,19
59,19
5029,19
5245,19
1208,19
9972,19
5123,19
4644,19
1722,19
3926,19
7390,19
6327,19
12510,19
7333,19
6136,19
4444,19
7864,19
12756,19
6145,19
9653,19
12228,19
4491,19
7884,19
5091,19
738,19
11799,19
7730,19
5399,19
10586,19
12773,19
7667,19
3139,19
1801,19
1950,19
9108,19
7928,19
305,19
1919,19
14386,19
4264,19
5939,19
1158,19
7648,19
1356,19
7798,19
9931,19
4511,19
4793,19
10033,19
6245,19
14486,19
517,19
7396,19
5895,19
10827,19
4316,19
5668,19
9754,19
12469,19
9788,19
2612,19
10815,19
8077,19
4657,19
13735,19
10958,19
5546,19
13992,19
10086,19
13691,19
7564,19
1073,19
1140,19
1156,19
8101,19
297,19
3344,19
11881,19
409,19
2232,19
4208,19
5049,19
11635,19
2950,19
11110,19
243,19
10946,19
4152,19
1036,19
8294,19
18,19
8142,19
3537,19
11475,19
11449,19
4100,19
1169,19
5169,19
270,19
5152,19
3423,19
9869,19
3319,19
4675,19
10421,19
6486,19
8997,19
6770,19
7014,19
7451,19
2121,19
7662,19
3717,19
8248,19
6971,19
546,19
6675,19
10404,19
3617,19
6430,19
3977,19
2338,19
3984,19
3640,19
2480,19
584,19
9684,19
2925,19
8178,19
6449,19
12503,19
7305,19
912,19
2985,19
11294,19
7813,19
6762,19
5119,19
9979,19
7019,19
10891,19
5809,19
66,19
10799,19
12900,19
4112,19
6191,19
7135,19
5956,19
3204,19
2877,19
11427,19
10347,19
7375,19
9380,19
4795,19
6722,19
6894,19
9807,19
5271,19
7302,19
11544,19
11619,19
11354,19
9247,19
2392,19
5674,19
1788,19
5134,19
11871,19
11639,19
6727,19
8155,19
6054,19
5230,19
727,19
8846,19
8213,19
8310,19
2252,19
6084,19
14330,19
2330,19
4226,19
4679,19
3544,19
386,19
8629,19
6322,19
304,19
7125,19
8920,19
6461,19
3930,19
12276,19
11355,19
47,19
6065,19
8888,20
1820,20
922,20
12679,20
7140,20
6415,20
6384,20
1359,20
800,20
8921,20
7594,20
11502,20
10841,20
2226,20
12147,20
6659,20
10120,20
7166,20
11380,20
8416,20
4080,20
2280,20
13676,20
8917,20
3130,20
5659,20
12217,20
4133,20
13201,20
14325,20
1913,20
2869,20
8845,20
7598,20
11547,20
4783,20
8285,20
1466,20
6548,20
2961,20
11205,20
4862,20
13655,20
1654,20
421,20
5118,20
6818,20
14873,20
12501,20
1684,20
12917,20
5841,20
8179,20
4065,20
7932,20
7402,20
10409,20
8541,20
872,20
11573,20
5866,20
14140,20
10135,20
507,20
3388,20
2603,20
6275,20
6283,20
2631,20
11144,20
4588,20
9825,20
10977,20
8783,20
7555,20
11035,20
2703,20
4571,20
9089,20
189,20
286,20
1711,20
3296,20
7780,20
2529,20
5340,20
6010,20
6418,20
1195,20
7677,20
6177,20
9103,20
1915,20
7888,20
8438,20
12547,20
6052,20
5625,20
7917,20
10095,20
6235,20
6401,20
749,20
13167,20
8537,20
857,20
4453,20
12992,20
677,20
9904,20
2303,20
5817,20
204,20
10551,20
5239,20
5979,20
10500,20
9183,20
10923,20
3266,20
1679,20
5519,20
1966,20
1146,20
9341,20
12771,20
7944,20
1168,20
4665,20
5856,20
5669,20
12360,20
5098,20
4562,20
1009,20
11302,20
4253,20
8465,20
5389,20
6445,20
3789,20
9706,20
11375,20
4776,20
5338,20
9398,20
13942,20
4451,20
2867,20
1498,20
4400,20
9743,20
3877,20
14487,20
12728,20
8210,20
3774,20
3969,20
8321,20
280,20
9913,20
12466,20
1650,20
7777,20
11611,20
3452,20
1540,20
10588,20
6462,20
4464,20
6344,20
6195,20
8955,20
13173,20
11441,20
11418,20
260,20
13196,20
13116,20
3211,20
9794,20
4692,20
10423,20
12922,20
3809,20
9974,20
10271,20
8718,20
11436,20
3246,20
8086,20
11556,20
929,20
4905,20
4085,20
2228,20
10638,20
2342,20
10229,20
11333,20
11162,20
3086,20
147,20
9560,20
4846,20
815,20
8242,20
7316,20
9301,20
7914,20
6311,20
5862,20
10090,20
11856,20
10589,20
7905,20
3390,20
10884,20
13141,20
13743,20
2614,20
10163,20
129,20
14032,20
6270,20
1233,20
5613,20
13605,20
1663,20
12891,20
8220,20
10070,20
4169,20
4933,20
13586,20
7020,20
3476,20
695,20
7880,20
9352,20
9024,20
11219,20
7550,20
439,20
7002,20
11147,20
7778,20
13855,20
5368,20
4423,20
10361,20
10512,20
4781,20
9744,20
7154,20
7541,20
13812,20
12515,20
13273,20
13256,20
3827,20
7397,20
1141,20
6424,20
1782,20
4067,20
7869,20
2483,20
7772,20
8631,20
8203,20
12751,20
13402,20
10743,20
4694,20
9227,20
1529,20
12602,20
1710,20
12638,20
957,20
5886,20
5970,20
9956,20
13748,20
14292,20
2709,20
7089,20
8222,20
4954,20
3284,20
10060,20
135,20
7379,20
6858,20
6258,20
3964,20
5575,20
4103,20
3726,20
8699,20
9280,20
11199,20
9718,20
2850,20
9495,20
13139,20
2178,20
13103,20
877,20
545,20
9942,20
13592,20
10908,20
7976,20
4908,20
5501,20
13760,20
13801,20
11226,20
13207,20
6636,20
12655,20
10663,20
9901,20
11277,20
7602,20
2172,20
13623,20
2049,20
10088,20
10723,20
1924,20
623,20
3307,20
9100,20
11778,20
2283,20
2367,20
1332,20
1166,20
13337,20
2808,20
5951,20
2032,20
87,20
4300,20
10392,20
9686,20
8856,20
5796,20
10869,20
11655,20
5117,20
953,20
4315,20
13607,20
7400,20
2744,20
5778,20
3982,20
2021,20
12648,20
10075,20
1016,20
2284,20
3733,20
158,20
9629,20
1291,20
13951,20
11694,20
8785,20
13250,20
14211,20
5006,20
1545,20
1089,20
13013,20
7258,20
9443,20
4064,20
7289,20
10712,20
11301,20
4719,20
97,20
6071,20
8281,20
2645,20
7836,20
7885,20
11377,20
4961,20
5411,20
5518,20
12735,20
8962,20
137,20
4134,20
11444,20
958,20
5165,20
12223,20
779,20
6663,20
7554,20
10769,20
1724,20
288,20
8935,20
12183,20
6103,20
11638,20
1695,20
2737,20
1880,20
7547,20
3097,20
10929,20
11824,20
2013,20
5345,20
2640,20
6783,20
7747,20
3369,20
6013,20
6941,20
12441,20
4031,20
8620,20
9124,20
8681,20
7771,20
10211,20
2874,20
6908,20
11728,20
8403,20
5178,20
11344,20
11343,20
13239,20
4738,20
9447,20
4258,20
9470,20
1559,20
10482,20
2043,20
10773,20
2895,20
6007,20
3023,20
6920,20
9253,20
9952,20
7307,20
11695,20
9079,20
5179,20
13147,20
7454,20
2499,20
4538,20
10285,20
6185,20
4356,20
4808,20
4621,20
14551,20
2142,20
6467,20
7982,20
9007,20
6736,20
201,20
2513,20
563,20
9002,20
6178,20
7431,20
5793,20
340,20
7635,20
6696,20
13883,20
4646,20
2345,20
2806,20
9307,20
2010,20
9582,20
2739,20
11261,20
11258,20
465,20
54,20
7646,20
9105,20
8428,20
6583,20
4916,20
3619,20
10655,20
24,20
11712,20
2657,20
1826,20
2008,20
4560,20
7027,20
2066,20
5334,20
13231,20
4661,20
2747,20
11538,20
8490,20
3195,20
4547,20
9659,20
12059,20
2539,20
8191,20
5194,20
12623,20
5045,20
2364,20
4640,20
3803,20
5577,20
10473,20
9093,20
3636,20
4220,20
3660,20
88,20
11924,20
2463,20
8117,20
11032,20
2968,20
2785,20
1085,20
8172,20
7148,20
9086,20
1601,20
5053,20
1205,20
5364,20
7248,20
12649,20
12104,20
11494,20
5162,20
10825,20
13560,20
7527,20
14264,20
995,20
11213,20
12815,20
3269,20
12463,20
7242,20
4529,20
11652,20
10151,20
2250,20
9114,20
11460,20
2524,20
2668,20
8028,20
7398,20
1961,20
3392,20
4530,20
11171,20
7024,20
1100,20
11098,20
4268,20
1446,20
13467,20
9741,20
12826,20
5101,20
3615,20
13243,20
2711,20
9620,20
1395,20
5510,20
3485,20
4090,20
1793,20
390,20
7634,20
1260,20
4032,20
9279,20
954,20
7669,20
4821,20
6104,20
2636,20
6372,20
7369,20
11746,20
12744,20
1114,20
11679,20
3679,20
13383,20
5913,20
14114,20
4827,20
8508,20
12076,20
7819,20
3271,20
8158,20
6302,20
14680,20
8159,20
4911,20
8815,20
4471,20
8420,20
8691,20
14117,20
5507,20
10419,20
670,20
9852,20
15,20
6432,20
9477,20
4151,20
1674,20
10291,20
1317,20
988,20
8280,20
5496,20
4058,20
6618,20
12271,20
7520,20
5071,20
11961,20
4385,20
9945,20
2507,20
7094,20
3700,20
10700,20
6691,20
4685,20
11554,20
3121,20
4338,20
6735,20
7115,20
2596,20
4254,20
4982,20
8702,20
9044,20
7487,20
7841,20
12668,20
4384,20
11781,20
6487,20
8037,20
4958,20
10817,20
8904,20
10150,20
883,20
5729,20
5800,20
7794,20
7389,20
2201,20
6031,20
7356,20
6786,20
10122,20
6139,20
9246,20
3851,20
8084,20
12721,20
10010,20
1214,20
5721,20
9004,20
6847,20
5070,20
12920,20
6653,20
45,20
4861,20
12135,20
4850,20
8446,20
1170,20
10812,20
7533,20
4206,20
11255,20
590,20
258,20
8798,20
5831,20
11882,20
3425,20
13422,20
3643,20
1349,20
3214,20
642,20
8430,20
11591,20
12805,20
4199,20
9860,20
3838,20
14735,20
4219,20
7243,20
6457,20
9285,20
3244,20
103,20
1555,20
14222,20
3661,20
5017,20
13111,20
4043,20
6014,20
12918,20
14089,20
5237,20
2669,20
7273,20
4145,20
11604,20
11,20
10263,20
7225,20
7954,20
2765,20
9808,20
9267,20
10188,20
1909,20
9415,20
1851,20
6626,20
6690,20
3820,20
6569,20
9805,20
8705,20
7970,20
5416,20
1045,20
5149,20
11783,20
11473,20
9063,20
687,20
12349,20
6673,20
568,20
3332,20
11328,20
2911,20
11821,20
9204,20
12935,20
1653,20
1912,20
10479,20
13338,20
2810,20
13056,20
9523,20
949,20
8638,20
1564,20
1886,20
7232,20
3939,20
12543,20
3523,20
5109,20
3831,20
4843,20
8596,20
6657,20
10678,20
2863,20
6188,20
3826,20
2368,20
11510,20
1010,20
13205,20
1634,20
561,20
13027,20
9402,20
3331,20
7528,20
323,20
3371,20
4397,20
7459,20
5927,20
8776,20
11589,20
9429,20
3012,20
5498,20
12320,20
2030,20
2053,20
1776,20
1399,20
13359,20
7923,20
569,20
222,20
2153,20
4057,20
11598,20
7453,20
2740,20
14553,20
1732,20
7503,20
7072,20
1139,20
5148,20
7460,20
942,20
9413,20
2997,20
7269,20
14813,20
7627,20
9947,20
2461,20
13212,20
9383,20
657,20
2305,20
228,20
4130,20
339,20
4405,20
7502,20
2836,20
3500,20
10538,20
1154,20
11276,20
4425,20
12321,20
1150,20
804,20
2287,20
10757,20
2108,20
13612,20
3786,20
9251,20
3174,20
8309,20
2019,20
6511,20
11876,20
8075,20
13939,20
8792,20
11555,20
6837,20
10012,20
9217,20
2894,20
3777,20
1305,20
4882,20
10962,20
7800,20
3849,20
11533,20
10128,20
10609,20
6276,20
2827,20
10321,20
5069,20
12237,20
7513,20
8252,20
7779,20
10749,20
2165,20
11595,20
8392,20
8961,20
2291,20
8070,20
3193,20
5460,20
13050,20
10697,20
7665,20
8089,20
4005,20
3628,20
6983,20
3083,20
10573,20
4896,20
3340,20
7522,20
1717,20
10098,20
7518,20
10136,20
3565,20
12596,20
3627,20
6609,20
6840,20
13835,20
10876,20
9166,20
3358,20
9965,20
2328,20
13036,20
2429,20
3852,20
10416,20
984,20
13117,20
6472,20
3662,20
13072,20
5439,20
630,20
5014,20
11283,20
9769,20
1742,20
4890,20
11680,20
2732,20
3197,20
96,20
10867,20
11030,20
1906,20
7132,20
5539,20
7916,20
3559,20
9666,20
13251,20
9757,20
5129,20
2215,20
1697,20
8954,20
9627,20
913,20
5434,20
1630,20
540,20
1241,20
6179,20
13365,20
2786,20
13805,20
9122,20
2079,20
1807,20
4993,20
9949,20
366,20
8146,20
11634,20
12278,20
1779,20
5638,20
1464,20
9471,20
9995,20
7143,20
11082,20
12219,20
2063,20
9340,20
10579,20
6040,20
6175,20
3088,20
1461,20
12545,20
2440,20
10017,20
226,20
10080,20
11962,20
7165,20
11499,20
10023,20
6557,20
489,20
7816,20
5679,20
13078,20
951,20
3475,20
2261,20
43,20
725,20
9067,20
2575,20
918,20
3868,20
3487,20
1879,20
146,20
6506,20
5003,20
5133,20
12008,20
11073,20
8981,20
8711,20
1242,20
3416,20
783,20
2885,20
12776,20
9027,20
4708,20
13214,20
5632,20
5893,20
12129,20
1499,20
11246,20
3135,20
13180,20
3692,20
1676,20
9802,20
1819,20
10031,20
5075,20
6746,20
7625,20
8279,20
8393,20
1127,20
9417,20
2266,20
1583,20
3110,20
3613,20
896,20
13753,20
7090,20
11861,20
3484,20
10822,20
622,20
7936,20
10438,20
6556,20
3227,20
12436,20
7061,20
11360,20
4063,20
3658,20
9066,20
6597,20
12186,20
9652,20
5056,20
12863,20
9554,20
7898,20
5550,20
8708,20
9460,20
5281,20
10125,20
6838,20
6385,20
1597,20
4847,20
10620,20
7924,20
4597,20
130,20
142,20
4012,20
12235,20
12614,20
11371,20
7806,20
6830,20
13720,20
411,20
3042,20
6079,20
2027,20
6998,20
13393,20
5703,20
11660,20
10006,20
2132,20
8451,20
3060,20
4339,20
538,20
6565,20
6129,20
4332,20
4291,20
11753,20
8895,20
7312,20
11271,20
10996,20
14275,20
4124,20
3893,20
6543,20
7468,20
11980,20
11860,20
8348,20
2290,20
5928,20
6003,20
3752,20
941,20
4663,20
11154,20
8633,20
1746,20
14129,20
331,20
4947,20
7362,20
10776,20
10068,20
21,20
12536,20
12679,21
6384,21
800,21
7594,21
10841,21
2226,21
12147,21
7166,21
11380,21
2280,21
8917,21
1913,21
11547,21
4783,21
1466,21
2961,21
4862,21
1654,21
421,21
14873,21
1684,21
12917,21
5841,21
4065,21
7932,21
8541,21
507,21
2603,21
6275,21
9825,21
11035,21
10977,21
8783,21
4571,21
9089,21
286,21
5340,21
3296,21
6418,21
6177,21
8438,21
12547,21
7917,21
10095,21
749,21
8537,21
4453,21
12992,21
677,21
9904,21
2303,21
5817,21
204,21
10551,21
10923,21
3266,21
1679,21
5519,21
1966,21
1146,21
12771,21
5669,21
12360,21
1009,21
11302,21
6445,21
9706,21
4776,21
9398,21
1498,21
9743,21
2867,21
4400,21
14487,21
12728,21
3774,21
8321,21
12466,21
6462,21
6344,21
6195,21
13173,21
11441,21
11418,21
13196,21
3211,21
9974,21
3246,21
8086,21
11556,21
4085,21
2228,21
2342,21
10229,21
11162,21
4846,21
8242,21
7316,21
10090,21
13141,21
13743,21
10163,21
129,21
14032,21
6270,21
13605,21
12891,21
10070,21
13586,21
4933,21
7020,21
3476,21
695,21
7880,21
11219,21
9024,21
7550,21
11147,21
13855,21
12515,21
13273,21
7397,21
1782,21
7869,21
8631,21
8203,21
10743,21
1529,21
1710,21
957,21
9956,21
14292,21
2709,21
7089,21
8222,21
6858,21
4103,21
8699,21
11199,21
9718,21
9495,21
2178,21
2850,21
545,21
13103,21
7976,21
9942,21
13592,21
4908,21
5501,21
13760,21
13801,21
6636,21
10663,21
9901,21
11277,21
7602,21
13623,21
10088,21
1924,21
623,21
3307,21
1166,21
13337,21
87,21
9686,21
5796,21
953,21
13607,21
4315,21
7400,21
1016,21
2284,21
9629,21
11694,21
8785,21
1545,21
13013,21
4719,21
10712,21
6071,21
8281,21
11377,21
4961,21
5518,21
8962,21
137,21
4134,21
12223,21
779,21
7554,21
288,21
12183,21
2737,21
11824,21
2640,21
6783,21
3369,21
6013,21
12441,21
4031,21
8620,21
9124,21
8681,21
10211,21
11728,21
8403,21
5178,21
11344,21
11343,21
9447,21
9470,21
1559,21
10773,21
2895,21
6007,21
3023,21
6920,21
4538,21
4621,21
14551,21
7982,21
201,21
563,21
340,21
7431,21
5793,21
7635,21
6696,21
4646,21
2010,21
2739,21
11258,21
7646,21
6583,21
3619,21
11712,21
2008,21
4560,21
2066,21
4661,21
13231,21
2747,21
11538,21
8490,21
12059,21
2539,21
5194,21
2364,21
4640,21
3803,21
5577,21
10473,21
9093,21
3636,21
11924,21
2463,21
8117,21
2785,21
9086,21
1601,21
5053,21
10825,21
11213,21
12815,21
3269,21
7242,21
4529,21
11652,21
11460,21
2524,21
2668,21
7398,21
1961,21
11171,21
7024,21
1100,21
11098,21
13467,21
5101,21
9620,21
5510,21
3485,21
4090,21
390,21
7634,21
1260,21
9279,21
4821,21
2636,21
7369,21
3679,21
13383,21
14114,21
8159,21
8815,21
4471,21
8691,21
5507,21
10419,21
670,21
9852,21
15,21
4151,21
1674,21
10291,21
988,21
8280,21
4058,21
6618,21
7520,21
11961,21
4385,21
9945,21
2507,21
10700,21
3700,21
6691,21
4685,21
3121,21
6735,21
2596,21
4254,21
4982,21
9044,21
4384,21
6487,21
10817,21
10150,21
883,21
2201,21
10122,21
6786,21
9246,21
3851,21
8084,21
12721,21
6653,21
1214,21
9004,21
5070,21
4861,21
4850,21
8446,21
1170,21
4206,21
11255,21
3643,21
3214,21
642,21
8430,21
11591,21
4199,21
3838,21
14735,21
7243,21
9285,21
3244,21
103,21
3661,21
13111,21
4043,21
14089,21
2669,21
11604,21
11,21
7225,21
2765,21
10188,21
3820,21
8705,21
1045,21
11473,21
687,21
12349,21
6673,21
568,21
11328,21
11821,21
9204,21
1653,21
1912,21
13338,21
9523,21
7232,21
3939,21
3523,21
3831,21
8596,21
6657,21
6188,21
2368,21
561,21
9402,21
7528,21
4397,21
8776,21
11589,21
5498,21
2030,21
2053,21
13359,21
7923,21
222,21
11598,21
7453,21
7503,21
7072,21
1139,21
7460,21
942,21
9413,21
2997,21
7269,21
14813,21
2461,21
2305,21
228,21
339,21
7502,21
2836,21
10538,21
11276,21
12321,21
1150,21
8309,21
2019,21
6511,21
11555,21
8075,21
6837,21
10012,21
2894,21
1305,21
10962,21
11533,21
10128,21
10609,21
8252,21
12237,21
1461,21
11154,21
8392,21
8961,21
2291,21
8070,21
4005,21
13050,21
10697,21
3340,21
10098,21
7518,21
3565,21
6609,21
13835,21
9166,21
3358,21
9965,21
13036,21
13117,21
6472,21
3662,21
13072,21
5439,21
11283,21
1742,21
4890,21
3197,21
10867,21
5539,21
11030,21
7132,21
7916,21
3559,21
13251,21
2215,21
9757,21
5129,21
1697,21
8954,21
9627,21
5434,21
540,21
1241,21
6179,21
13365,21
2786,21
9122,21
2079,21
1807,21
366,21
11634,21
5638,21
9471,21
7143,21
2063,21
9340,21
10579,21
6175,21
12545,21
7165,21
226,21
10080,21
11499,21
10023,21
6557,21
951,21
3475,21
43,21
9067,21
918,21
3487,21
1879,21
12008,21
8981,21
11073,21
1242,21
783,21
9027,21
4708,21
5893,21
12129,21
1499,21
11246,21
3135,21
13180,21
3692,21
1676,21
1819,21
6746,21
5075,21
7625,21
1127,21
9417,21
2266,21
896,21
11861,21
3484,21
10822,21
7936,21
6556,21
7061,21
12436,21
3658,21
9066,21
12186,21
9652,21
12863,21
7898,21
8708,21
9460,21
10125,21
6838,21
1597,21
4847,21
10620,21
130,21
411,21
6079,21
6998,21
13393,21
2132,21
8451,21
3060,21
6565,21
4332,21
11753,21
8895,21
7312,21
3893,21
2290,21
5928,21
6003,21
941,21
4663,21
8633,21
14129,21
4947,21
10776,21
21,21
8888,22
1820,22
922,22
6415,22
7140,22
1359,22
8921,22
11502,22
6659,22
10120,22
8416,22
4080,22
13676,22
3130,22
5659,22
12217,22
4133,22
14325,22
13201,22
2869,22
8845,22
7598,22
8285,22
6548,22
13655,22
11205,22
5118,22
6818,22
12501,22
8179,22
7402,22
10409,22
872,22
11573,22
5866,22
14140,22
10135,22
3388,22
6283,22
2631,22
11144,22
4588,22
2703,22
7555,22
189,22
1711,22
2529,22
7780,22
6010,22
1195,22
7677,22
9103,22
1915,22
7888,22
6052,22
5625,22
6235,22
6401,22
13167,22
857,22
5239,22
5979,22
10500,22
9183,22
9341,22
7944,22
1168,22
4665,22
5856,22
5098,22
4562,22
4253,22
5389,22
8465,22
3789,22
11375,22
5338,22
13942,22
4451,22
3877,22
3969,22
8210,22
280,22
9913,22
1650,22
7777,22
11611,22
3452,22
1540,22
10588,22
4464,22
8955,22
13116,22
260,22
9794,22
4692,22
10423,22
12922,22
3809,22
10271,22
8718,22
11436,22
929,22
4905,22
10638,22
11333,22
9560,22
3086,22
147,22
815,22
9301,22
7914,22
6311,22
5862,22
11856,22
10589,22
7905,22
3390,22
10884,22
2614,22
1233,22
5613,22
1663,22
8220,22
4169,22
9352,22
439,22
7002,22
7778,22
5368,22
4423,22
10361,22
10512,22
4781,22
9744,22
7154,22
7541,22
13812,22
13256,22
3827,22
1141,22
6424,22
4067,22
2483,22
7772,22
12751,22
13402,22
4694,22
9227,22
12602,22
12638,22
5886,22
5970,22
13748,22
4954,22
7379,22
10060,22
3284,22
3964,22
135,22
6258,22
5575,22
3726,22
13139,22
877,22
10908,22
11226,22
13207,22
12655,22
2172,22
2049,22
10723,22
9100,22
11778,22
2283,22
2367,22
1332,22
2808,22
5951,22
2032,22
4300,22
10392,22
10869,22
8856,22
11655,22
5117,22
2744,22
5778,22
3982,22
2021,22
12648,22
10075,22
3733,22
1291,22
158,22
13951,22
13250,22
14211,22
5006,22
1089,22
7258,22
4064,22
7289,22
9443,22
11301,22
97,22
2645,22
7836,22
7885,22
5411,22
12735,22
11444,22
958,22
5165,22
6663,22
10769,22
1724,22
8935,22
6103,22
11638,22
1880,22
1695,22
7547,22
3097,22
10929,22
2013,22
5345,22
7747,22
6941,22
7771,22
2874,22
6908,22
13239,22
4738,22
4258,22
10482,22
2043,22
9253,22
9952,22
7307,22
11695,22
9079,22
5179,22
13147,22
7454,22
2499,22
4356,22
10285,22
6185,22
4808,22
2142,22
6467,22
9007,22
6736,22
2513,22
9002,22
6178,22
13883,22
2345,22
2806,22
9307,22
9582,22
11261,22
465,22
54,22
9105,22
8428,22
4916,22
10655,22
24,22
2657,22
1826,22
7027,22
5334,22
4547,22
3195,22
9659,22
8191,22
12623,22
5045,22
4220,22
3660,22
88,22
11032,22
2968,22
1085,22
8172,22
7148,22
1205,22
5364,22
7248,22
12649,22
12104,22
11494,22
5162,22
13560,22
7527,22
14264,22
995,22
12463,22
2250,22
10151,22
9114,22
8028,22
3392,22
4530,22
4268,22
1446,22
9741,22
12826,22
3615,22
13243,22
2711,22
1395,22
1793,22
4032,22
954,22
7669,22
6104,22
6372,22
11746,22
12744,22
1114,22
11679,22
4827,22
5913,22
8508,22
12076,22
7819,22
3271,22
8158,22
6302,22
14680,22
4911,22
8420,22
14117,22
6432,22
9477,22
1317,22
5496,22
12271,22
5071,22
7094,22
11554,22
4338,22
7115,22
8702,22
7487,22
7841,22
12668,22
11781,22
8037,22
4958,22
8904,22
5729,22
5800,22
7794,22
7389,22
6031,22
7356,22
6139,22
10010,22
5721,22
6847,22
45,22
12920,22
12135,22
10812,22
7533,22
258,22
8798,22
590,22
5831,22
11882,22
3425,22
13422,22
1349,22
12805,22
9860,22
4219,22
6457,22
1555,22
14222,22
5017,22
12918,22
6014,22
5237,22
7273,22
4145,22
10263,22
7954,22
9808,22
9267,22
1909,22
9415,22
1851,22
6626,22
6690,22
6569,22
9805,22
5416,22
7970,22
5149,22
11783,22
9063,22
3332,22
2911,22
12935,22
10479,22
2810,22
13056,22
949,22
8638,22
1564,22
1886,22
12543,22
5109,22
4843,22
10678,22
2863,22
3826,22
11510,22
1010,22
13205,22
1634,22
13027,22
3331,22
3371,22
323,22
7459,22
5927,22
9429,22
3012,22
12320,22
1776,22
1399,22
569,22
2153,22
4057,22
2740,22
14553,22
1732,22
5148,22
7627,22
9947,22
13212,22
9383,22
657,22
4130,22
4405,22
3500,22
1154,22
4425,22
804,22
2287,22
10757,22
2108,22
13612,22
3786,22
9251,22
3174,22
11876,22
13939,22
8792,22
9217,22
3777,22
7800,22
4882,22
3849,22
6276,22
2827,22
10321,22
5069,22
7513,22
7779,22
10749,22
2165,22
9280,22
11595,22
7665,22
3193,22
5460,22
8089,22
3628,22
6983,22
3083,22
10573,22
4896,22
7522,22
1717,22
10136,22
12596,22
3627,22
6840,22
10876,22
2328,22
2429,22
3852,22
10416,22
984,22
630,22
5014,22
9769,22
11680,22
2732,22
96,22
1906,22
9666,22
913,22
1630,22
13805,22
4993,22
9949,22
8146,22
12278,22
1779,22
1464,22
9995,22
11082,22
12219,22
6040,22
3088,22
2440,22
10017,22
11962,22
489,22
7816,22
5679,22
13078,22
2261,22
725,22
2575,22
3868,22
146,22
6506,22
5003,22
5133,22
8711,22
3416,22
2885,22
12776,22
13214,22
5632,22
9802,22
10031,22
8279,22
8393,22
1583,22
3110,22
3613,22
13753,22
7090,22
622,22
10438,22
3227,22
4063,22
11360,22
6597,22
5056,22
9554,22
5550,22
5281,22
6385,22
4597,22
7924,22
142,22
4012,22
12235,22
12614,22
11371,22
7806,22
6830,22
13720,22
3042,22
2027,22
5703,22
11660,22
10006,22
4339,22
538,22
6129,22
4291,22
11271,22
10996,22
14275,22
4124,22
6543,22
7468,22
11980,22
11860,22
8348,22
3752,22
1746,22
331,22
7362,22
10068,22
12536,22
3229,23
4884,23
14138,23
4476,23
10694,23
6632,23
5462,23
558,23
188,23
12508,23
1942,23
6968,23
1415,23
1094,23
429,23
1660,23
6202,23
4963,23
3360,23
5738,23
7949,23
4544,23
4623,23
8444,23
7580,23
1760,23
11764,23
5670,23
3363,23
9271,23
8950,23
3599,23
8871,23
8150,23
6107,23
8351,23
80,23
5188,23
2450,23
729,23
1428,23
1358,23
2504,23
3514,23
6406,23
777,23
1193,23
2791,23
3563,23
7549,23
1300,23
2459,23
4308,23
3192,23
6519,23
4371,23
5222,23
2678,23
1553,23
1726,23
975,23
6323,23
3638,23
5517,23
2349,23
7724,23
11358,23
3751,23
5879,23
7975,23
7147,23
6525,23
3896,23
10061,23
1247,23
3566,23
8584,23
12626,23
8262,23
893,23
2225,23
12641,23
7298,23
2204,23
4809,23
3876,23
3775,23
4435,23
307,23
4540,23
2825,23
3719,23
1699,23
898,23
11104,23
3539,23
541,23
5450,23
959,23
6861,23
10684,23
1097,23
1397,23
6515,23
4056,23
7851,23
12653,23
3149,23
4625,23
7834,23
2630,23
7638,23
11593,23
609,23
11951,23
1181,23
5040,23
5113,23
4923,23
6578,23
863,23
8088,23
10110,23
6862,23
12671,23
9141,23
5346,23
4001,23
10340,23
3584,23
4699,23
2582,23
6026,23
6002,23
4053,23
9278,23
10042,23
3168,23
3472,23
11174,23
4551,23
6141,23
11229,23
2001,23
2952,23
7202,23
4259,23
6665,23
7068,23
10605,23
9193,23
8068,23
2075,23
8119,23
3479,23
6099,23
3078,23
3955,23
3010,23
6273,23
7610,23
4633,23
4388,23
9115,23
11041,23
17,23
11166,23
8646,23
4948,23
9382,23
4974,23
7037,23
6695,23
7173,23
4372,23
6123,23
5591,23
6702,23
8795,23
5713,23
8734,23
2113,23
2774,23
8529,23
1496,23
4272,23
4554,23
7381,23
2438,23
2789,23
1936,23
12070,23
6757,23
11359,23
3111,23
13081,23
4194,23
8987,23
8378,23
7768,23
7698,23
11983,23
9638,23
2454,23
4973,23
10175,23
1204,23
3547,23
11808,23
3772,23
2009,23
3525,23
1232,23
4222,23
6217,23
13101,23
4671,23
7240,23
11061,23
11490,23
9121,23
7464,23
2687,23
5182,23
3172,23
6458,23
6544,23
4840,23
2838,23
8243,23
5164,23
9198,23
1714,23
3648,23
8180,23
6814,23
11514,23
8284,23
7539,23
8547,23
3209,23
1627,23
2899,23
4094,23
5648,23
511,23
9777,23
8091,23
11019,23
1948,23
5745,23
113,23
5980,23
977,23
6292,23
4976,23
1998,23
2085,23
7716,23
79,23
2946,23
1638,23
5461,23
955,23
10630,23
11901,23
5894,23
1126,23
802,23
5491,23
8149,23
1847,23
525,23
11956,23
9016,23
3394,23
10231,23
3133,23
2794,23
7838,23
565,23
11100,23
5666,23
3103,23
3115,23
8338,23
4326,23
2512,23
7762,23
6044,23
6836,23
4583,23
548,23
2811,23
6903,23
10980,23
2044,23
1832,23
3044,23
8925,23
126,23
10192,23
417,23
7270,23
3773,23
9126,23
3979,23
9886,23
6039,23
8992,23
9864,23
12750,23
9221,23
3799,23
4078,23
9681,23
8726,23
10172,23
9465,23
3070,23
4949,23
2464,23
4419,23
1980,23
2468,23
8436,23
5141,23
3561,23
4760,23
9452,23
713,23
6456,23
6459,23
8417,23
7025,23
4710,23
176,23
2623,23
841,23
7842,23
14115,23
3574,23
8010,23
2494,23
2754,23
3600,23
3327,23
6944,23
6788,23
10176,23
1994,23
9533,23
2353,23
5996,23
1378,23
8486,23
7416,23
4415,23
2532,23
12451,23
9084,23
5250,23
1218,23
9736,23
499,23
8374,23
6635,23
7877,23
3518,23
2117,23
9618,23
10383,23
4047,23
9177,23
5616,23
7233,23
4892,23
8445,23
6067,23
11896,23
5316,23
9077,23
4306,23
1976,23
4127,23
7210,23
13065,23
4631,23
6701,23
4901,23
9311,23
2185,23
5002,23
9346,23
6019,23
721,23
2773,23
5825,23
6096,23
6530,23
10514,23
3650,23
4156,23
7500,23
1923,23
5978,23
4317,23
431,23
8928,23
7149,23
651,23
1201,23
5561,23
8076,23
2455,23
1956,23
921,23
3435,23
5128,23
6529,23
500,23
7504,23
12481,23
4910,23
6536,23
2360,23
5566,23
1079,23
8952,23
3735,23
13191,23
11366,23
4183,23
9222,23
2852,23
1148,23
2641,23
7962,23
819,23
10934,23
50,23
7110,23
5120,23
8134,23
4382,23
1865,23
6523,23
2242,23
3745,23
4811,23
8095,23
2040,23
10957,23
3206,23
6996,23
2426,23
6429,23
6029,23
2436,23
4848,23
267,23
6468,23
1023,23
8018,23
8092,23
840,23
7536,23
6855,23
11815,23
3061,23
4967,23
5057,23
2842,23
2421,23
4567,23
5646,23
8382,23
11911,23
10254,23
1747,23
9274,23
3610,23
682,23
845,23
1815,23
1541,23
3694,23
6301,23
1207,23
1386,23
1027,23
4549,23
13892,23
5360,23
2822,23
3508,23
6873,23
628,23
2551,23
2496,23
10069,23
3614,23
2151,23
1375,23
6876,23
1767,23
7947,23
7063,23
3980,23
264,23
5218,23
6288,23
7111,23
5442,23
3443,23
11264,23
5444,23
10315,23
2249,23
1524,23
943,23
256,23
2315,23
8809,23
6893,23
3812,23
11382,23
5919,23
5604,23
8330,23
3778,23
8665,23
11785,23
5425,23
2738,23
5567,23
3380,23
6423,23
6797,23
3899,23
2939,23
177,23
1616,23
6969,23
8642,23
1246,23
4492,23
4163,23
9473,23
2327,23
6158,23
6828,23
1515,23
4796,23
3509,23
8406,23
203,23
5654,23
2227,23
9047,23
2528,23
2751,23
1805,23
668,23
3316,23
3383,23
12612,23
849,23
8353,23
3504,23
2332,23
3232,23
9872,23
10115,23
4028,23
2355,23
2384,23
4822,23
4860,23
6425,23
7330,23
4170,23
3759,23
649,23
6215,23
7708,23
2534,23
4998,23
6414,23
1582,23
2634,23
7365,23
2597,23
282,23
2966,23
3941,23
616,23
8860,23
2928,23
6380,23
5722,23
3349,23
6794,23
34,23
11880,23
8553,23
2381,23
3370,23
3902,23
6913,23
11351,23
6672,23
6102,23
9932,23
5986,23
4460,23
8335,23
143,23
4995,23
2705,23
3653,23
8723,23
10870,23
8913,23
10983,23
8910,23
1410,23
3122,23
4990,23
4703,23
8141,23
4777,23
6204,23
4658,23
11345,23
12636,23
11260,23
8384,23
11332,23
505,23
4433,23
723,23
6469,23
8857,23
6329,23
12620,23
8712,23
6713,23
1602,23
8548,23
5681,23
7784,23
10972,23
7378,23
6884,23
8974,23
3405,23
11286,23
9142,23
3644,23
8586,23
8768,23
4176,23
7900,23
425,23
9921,23
10278,23
461,23
1293,23
4368,23
6817,23
9009,23
8129,23
11108,23
2297,23
3373,23
3415,23
2840,23
7384,23
372,23
6095,23
843,23
3856,23
5596,23
5212,23
6584,23
8002,23
3785,23
10631,23
2900,23
9387,23
10050,23
1516,23
8719,23
12285,23
6111,23
9107,23
5868,23
6220,23
6281,23
585,23
8118,23
1472,23
7108,23
9934,23
5915,23
1421,23
1544,23
1858,23
12941,23
6196,23
7246,23
6831,23
6436,23
8558,23
7925,23
6340,23
672,23
6271,23
3942,23
8988,23
4165,23
701,23
8589,23
10432,23
10020,23
2683,23
8943,23
2548,23
8604,23
5268,23
1379,23
8212,23
7079,23
2813,23
3576,23
4021,23
1755,23
370,23
10364,23
3178,23
2118,23
3892,23
6607,23
12808,23
5837,23
7621,23
12260,23
8431,23
1897,23
6130,23
8372,23
2868,23
6416,23
1206,23
7614,23
10918,23
8939,23
2087,23
8195,23
1816,23
5381,23
2502,23
6492,23
11329,23
5096,23
10474,23
7351,23
7088,23
1362,23
4161,23
1454,23
3748,23
8333,23
8736,23
3550,23
4624,23
1932,23
2656,23
5865,23
8755,23
6827,23
1080,23
902,23
7263,23
4342,23
8122,23
208,23
1773,23
6812,23
6852,23
8239,23
8138,23
4899,23
676,23
9889,23
1562,23
2553,23
1922,23
1282,23
5875,23
9377,23
11531,23
5039,23
6121,23
8614,23
8030,23
10414,23
61,23
3314,23
8169,23
1587,23
6631,23
9072,23
6366,23
7704,23
9488,23
3301,23
9907,23
5617,23
5335,23
8432,23
3001,23
2887,23
6692,23
2935,23
4113,23
9102,23
3289,23
2187,23
13487,23
2493,23
7509,23
3671,23
2301,23
8271,23
10085,23
5710,23
10030,23
4008,23
8875,23
8762,23
6474,23
5492,23
6367,23
7820,23
3027,23
3730,23
2568,23
4819,23
8164,23
3701,23
7415,23
1452,23
3299,23
2146,23
1825,23
6769,23
6343,23
7948,23
6904,23
1656,23
11806,23
8837,23
3864,23
3009,23
11103,23
13052,23
3530,23
5482,23
1904,23
2449,23
11528,23
4069,23
6854,23
7707,23
7443,23
2189,23
10146,23
12524,23
10732,23
6042,23
2127,23
7832,23
7294,23
8550,23
217,23
6646,23
2733,23
4525,23
6726,23
5896,23
9665,23
2037,23
3386,23
5749,23
2812,23
11156,23
10338,23
663,23
4844,23
2523,23
9867,23
3230,23
5910,23
6481,23
4688,23
4759,23
5203,23
347,23
6851,23
5702,23
7374,23
3910,23
8329,23
5473,23
4039,23
3407,23
4997,23
3402,23
4168,23
730,23
9853,23
1333,23
8652,23
577,23
5788,23
7071,23
5349,23
6718,23
3872,23
2809,23
300,23
5819,23
4074,23
2154,23
3058,23
7766,23
162,23
9148,23
12312,23
6984,23
6335,23
13504,23
2861,23
2428,23
8881,23
2074,23
9700,23
8250,23
6878,23
5487,23
6437,23
4534,23
4200,23
3291,23
12204,23
2489,23
2627,23
8032,23
8634,23
5712,23
5587,23
4611,23
5115,23
10832,23
12246,23
336,23
5277,23
11922,23
4050,23
2159,23
2158,23
4634,23
956,23
4275,23
4806,23
5663,23
3898,23
5234,23
2119,23
4696,23
7120,23
291,23
7469,23
2706,23
10756,23
7921,23
2749,23
6951,23
272,23
1894,23
5672,23
3160,23
4324,23
1159,23
4117,23
11612,23
9118,23
2441,23
3278,23
763,23
13757,23
5284,23
8421,23
684,23
5112,23
3954,23
1841,23
11709,23
5224,23
2365,23
1941,23
8067,23
2346,23
5614,23
1265,23
7414,23
9929,23
10580,23
5469,23
7472,23
11346,23
5092,23
838,23
5547,23
882,23
6810,23
7938,23
11429,23
4135,23
2621,23
974,23
1254,23
1404,23
7530,23
1671,23
10524,23
8156,23
3310,23
4337,23
8687,23
3422,23
8046,23
10950,23
5470,23
5704,23
7866,23
636,23
11647,23
3724,23
213,23
10104,23
7535,23
7903,23
10323,23
132,23
8643,23
13272,23
7183,23
5423,23
5618,23
4091,23
10772,23
3223,23
8932,23
10596,23
8808,23
1883,23
3075,23
12970,23
3270,23
5353,23
5282,23
7926,23
3481,23
5892,23
7153,23
3428,23
6197,23
4944,23
5664,23
8439,23
149,23
4655,23
3393,23
3960,23
5759,23
834,23
1983,23
6307,23
1425,23
2526,23
864,23
907,23
2729,23
4132,23
14049,23
7213,23
2073,23
2337,23
3988,23
7091,23
8774,23
6766,23
8404,23
9475,23
5973,23
5303,23
1838,23
10673,23
11850,23
1052,23
156,23
3047,23
11401,23
7393,23
3256,23
2605,23
3076,23
3689,23
3762,23
5812,23
539,23
4378,23
2320,23
8630,23
10395,23
7282,23
7999,23
10007,23
1398,23
11622,23
8739,23
1778,23
9430,23
8063,23
9085,23
8315,23
9760,23
5637,23
6063,23
3471,23
532,23
2552,23
8409,23
7098,23
5231,23
9127,23
6499,23
4182,23
3325,23
3226,23
2326,23
7576,23
3766,23
8893,23
3113,23
5453,23
3621,23
6579,23
464,23
1076,23
6940,23
7577,23
8476,23
3104,23
7313,23
13120,23
166,23
909,23
8056,23
1655,23
7133,23
5157,23
10352,23
2714,23
7540,23
1843,23
2254,23
666,23
6961,23
90,23
141,23
5079,23
7739,23
8593,23
8124,23
13707,23
4609,23
5097,23
7691,23
383,23
62,23
2333,23
6552,23
1783,23
11001,23
4581,23
10264,23
8598,23
1613,23
4190,23
13889,23
5485,23
2915,23
4608,23
5689,23
4468,23
388,23
4797,23
4676,23
8293,23
4167,23
5347,23
2980,23
1968,23
627,23
6024,23
12940,23
376,23
1781,23
10255,23
11517,23
1558,23
8722,23
2362,23
5599,23
6405,23
10680,23
152,23
4920,23
6744,23
1,23
471,23
987,23
7881,23
8109,23
3071,23
3923,23
7053,23
2370,23
11022,23
7827,23
7973,23
7104,23
14324,23
1753,23
573,23
3126,23
5888,23
1124,23
5328,23
11793,23
1335,23
7112,23
41,23
6895,23
8524,23
1303,23
9028,23
3376,23
3962,23
3732,23
10896,23
6947,23
4888,23
1430,23
926,23
2912,23
4411,23
11935,23
5794,23
1929,23
1419,23
7657,23
5833,23
8769,23
7956,23
11069,23
3946,23
9583,23
1298,23
8527,23
6709,23
6848,23
6023,23
4556,23
2271,23
4375,23
3055,23
3829,23
7266,23
7983,23
1486,23
3555,23
3741,23
5114,23
369,23
10526,23
2888,23
6717,23
10731,23
5736,23
2046,23
360,23
806,23
7164,23
5999,23
4261,23
5087,23
6348,23
3093,23
2940,23
5018,23
10681,23
123,23
8202,23
4142,23
2851,23
5852,23
8826,23
8668,23
4389,23
7732,23
2991,23
8391,23
2778,23
9101,23
1028,23
5266,23
3771,23
6652,23
2586,23
406,23
1668,23
3069,23
4957,23
12343,23
1164,23
2550,23
6290,23
3951,23
8358,23
6974,23
11905,23
2745,23
3013,23
10077,23
534,23
11624,23
6005,23
12817,23
2746,23
10889,23
10066,23
7717,23
3976,23
9110,23
7656,23
2562,23
1478,23
1713,23
2505,23
7515,23
10453,23
5730,23
9172,23
9049,23
8343,23
9727,23
8126,23
1547,23
9321,23
2559,23
2901,23
3008,23
2260,23
4061,23
6440,23
7214,23
3634,23
10935,23
4278,23
1308,23
3524,23
284,23
3330,23
6439,23
556,23
116,23
5448,23
12211,23
9702,23
8802,23
6030,23
910,23
1237,23
6541,23
7937,23
8654,23
7032,23
8704,23
772,23
4076,23
8027,23
4150,23
7441,23
179,23
2916,23
11405,23
4649,23
6518,23
221,23
8360,23
5088,23
9467,23
3734,23
5168,23
12119,23
11407,23
3362,23
3713,23
4579,23
13187,23
9841,23
4426,23
8971,23
1071,23
6901,23
9550,23
8096,23
4416,23
11203,23
5855,23
1885,23
2756,23
6047,23
11422,23
3341,23
8376,23
6514,23
246,23
9226,23
6068,23
10326,23
8286,23
8487,23
648,23
5723,23
2521,23
6214,23
1044,23
262,23
1521,23
6934,23
3444,23
4735,23
6251,23
4814,23
1736,23
3128,23
790,23
7244,23
12117,23
8236,23
6706,23
6590,23
8398,23
65,23
9294,23
7795,23
6751,23
6338,23
5226,23
743,23
11759,23
3782,23
10269,23
6821,23
1931,23
6577,23
3002,23
7357,23
8283,23
8260,23
3054,23
6289,23
2294,23
2144,23
1133,23
8743,23
635,23
2016,23
1546,23
11106,23
6216,23
13584,23
2419,23
1623,23
4785,23
7508,23
7010,23
3014,23
2257,23
13553,23
12238,23
1930,23
12769,23
2160,23
244,23
8698,23
4989,23
4672,23
5331,23
10197,23
5248,23
6570,23
3411,23
4925,23
1881,23
3814,23
7003,23
3828,23
2601,23
6900,23
5433,23
1051,23
7573,23
2272,23
6658,23
5025,23
7601,23
11455,23
11693,23
11012,23
8602,23
5327,23
9933,23
2366,23
8080,23
10698,23
5177,23
8480,23
11921,23
10898,23
7159,23
3213,23
5244,23
5447,23
2569,23
3708,23
2371,23
6038,23
940,23
1766,23
4060,23
6772,23
8898,23
4858,23
4726,23
10213,23
5483,23
5743,23
901,23
7445,23
757,23
3579,23
2115,23
7561,23
6715,23
455,23
1800,23
1330,23
12908,23
4233,23
9409,23
7498,23
3552,23
637,23
6561,23
6260,23
4177,23
5438,23
4951,23
6864,23
1272,23
7872,23
5016,23
2396,23
2106,23
3233,23
10682,23
1900,23
3237,23
962,23
2829,23
8211,23
8650,23
5397,23
6823,23
1884,23
4343,23
7122,23
4466,23
4294,23
4240,23
5998,23
1072,23
2734,23
8276,23
13926,23
11854,23
4589,23
3677,23
3764,23
1873,23
1433,23
3794,23
5900,23
5011,23
2602,23
8611,23
5306,23
7471,23
2018,23
9462,23
732,23
7029,23
3698,23
151,23
2820,23
1891,23
6110,23
13161,23
4496,23
3871,23
3459,23
870,23
10273,23
13264,23
415,23
4643,23
5015,23
7179,23
11496,23
8081,23
6370,23
7296,23
7943,23
8225,23
377,23
1134,23
8345,23
6310,23
7146,23
2638,23
7953,23
8364,23
5912,23
2351,23
12693,23
10245,23
8251,23
8822,23
12394,23
4697,23
7578,23
2448,23
8162,23
11481,23
2238,23
7095,23
484,23
11807,23
4041,23
10397,23
1092,23
1829,23
4763,23
645,23
4707,23
8033,23
5640,23
1053,23
3132,23
5542,23
6118,23
2236,23
1624,23
4229,23
8840,23
1128,23
5436,23
1070,23
2576,23
5911,23
11122,23
1775,23
2020,23
8677,23
5538,23
101,23
3315,23
5936,23
4924,23
4459,23
1213,23
3473,23
2531,23
6960,23
1149,23
2140,23
3064,23
6250,23
8951,23
1511,23
8730,23
1716,23
2973,23
6181,23
1306,23
1484,23
3885,23
832,23
5935,23
4752,23
6676,23
11026,23
8682,23
2125,23
173,23
4296,23
4600,23
5407,23
5763,23
6654,23
1991,23
315,23
7121,23
1963,23
911,23
967,23
253,23
8001,23
7929,23
3004,23
2530,23
5780,23
2609,23
9538,23
9075,23
2006,23
6563,23
4912,23
131,23
309,23
5906,23
8806,23
1588,23
13114,23
4648,23
3850,23
5541,23
7887,23
7155,23
6336,23
4144,23
1463,23
2399,23
3757,23
2335,23
10362,23
195,23
4919,23
445,23
3276,23
5586,23
1357,23
6164,23
1949,23
5481,23
163,23
1449,23
2849,23
7457,23
6802,23
6213,23
1240,23
8224,23
6476,23
7588,23
6100,23
2615,23
7802,23
3903,23
2251,23
1112,23
1106,23
7026,23
6442,23
7176,23
4232,23
1560,23
4246,23
238,23
4218,23
8733,23
7631,23
6872,23
11885,23
2057,23
1263,23
9559,23
4286,23
6206,23
512,23
8308,23
4303,23
134,23
3304,23
7200,23
122,23
5768,23
1999,23
8473,23
10159,23
4276,23
1749,23
5622,23
4104,23
4225,23
3277,23
10637,23
2517,23
6937,23
8287,23
894,23
5258,23
8934,23
5850,23
194,23
8742,23
6616,23
509,23
8663,23
8517,23
6776,23
8683,23
172,23
6479,23
905,23
7651,23
6438,23
192,23
2031,23
589,23
11323,23
5786,23
1507,23
7879,23
5955,23
10556,23
11432,23
7734,23
12232,23
6764,23
5181,23
2024,23
10974,23
6580,23
4965,23
318,23
1494,23
3323,23
731,23
8337,23
7345,23
794,23
5923,23
5784,23
1093,23
2684,23
2190,23
7897,23
2035,23
4653,23
2348,23
8861,23
5658,23
7128,23
4992,23
11995,23
3907,23
10506,23
7035,23
3429,23
8312,23
7931,23
4607,23
333,23
515,23
2923,23
6239,23
3502,23
3873,23
4555,23
6244,23
6048,23
1252,23
4545,23
5991,23
6148,23
1748,23
1933,23
5278,23
8820,23
8334,23
13896,23
7394,23
4447,23
978,23
4402,23
5934,23
6378,23
82,23
7407,23
4158,23
4596,23
1012,23
8526,23
7138,23
5839,23
8941,23
8217,23
2878,23
2147,23
5933,23
1471,23
1285,23
8936,23
6171,23
3770,23
8502,23
1032,23
6349,23
2070,23
5150,23
7288,23
4201,23
2974,23
4362,23
6785,23
9361,23
184,23
7423,23
1368,23
4576,23
5683,23
4639,23
2235,23
7544,23
5132,23
3401,23
5958,23
2298,23
8554,23
1145,23
3063,23
4081,23
422,23
3412,23
835,23
7097,23
847,23
6992,23
8773,23
3043,23
4733,23
11840,23
11192,23
3663,23
181,23
6887,23
968,23
4918,23
9941,23
4336,23
6671,23
8136,23
1033,23
3595,23
7224,23
2978,23
6509,23
7470,23
7495,23
4526,23
5213,23
10711,23
11087,23
4753,23
9441,23
6907,23
7692,23
4907,23
2316,23
2268,23
1122,23
11200,23
4507,23
1020,23
4743,23
8233,23
8870,23
281,23
5054,23
4418,23
2177,23
1402,23
9621,23
4173,23
136,23
7004,23
5104,23
4046,23
4690,23
6151,23
7363,23
1828,23
2107,23
5968,23
4407,23
7284,23
3426,23
1622,23
2969,23
6325,23
1017,23
3722,23
7790,23
10570,23
7946,23
3124,23
7399,23
14298,23
3283,23
12083,23
1625,23
12836,23
3101,23
3747,23
4454,23
9087,23
5241,23
8306,23
5597,23
3855,23
7145,23
8014,23
1977,23
3143,23
8852,23
1301,23
6443,23
11640,23
1962,23
7852,23
2834,23
1670,23
1068,23
9257,23
3300,23
4354,23
1062,23
1230,23
2164,23
8570,23
3861,23
11409,23
299,23
8256,23
3022,23
4751,23
4398,23
8571,23
1283,23
11275,23
338,23
925,23
7620,23
5760,23
707,23
7604,23
873,23
12969,23
13023,23
9880,23
384,23
6011,23
748,23
317,23
2340,23
2989,23
2970,23
1953,23
1769,23
5233,23
3259,23
4531,23
8323,23
1604,23
1384,23
1867,23
14244,23
5513,23
3889,23
6263,23
2558,23
597,23
9558,23
1200,23
2498,23
10549,23
4816,23
7015,23
9299,23
7050,23
2050,23
6184,23
12514,23
5052,23
7854,23
5357,23
215,23
7593,23
8619,23
1439,23
2918,23
1167,23
9572,23
4221,23
4480,23
7290,23
401,23
5626,23
6243,23
4714,23
8362,23
128,23
9248,23
6091,23
6832,23
2914,23
1729,23
3961,23
8052,23
3567,23
2056,23
8483,23
7773,23
8449,23
290,23
4345,23
2648,23
8223,23
646,23
3817,23
11288,23
6588,23
5394,23
1921,23
1803,23
13516,23
10782,23
11128,23
472,23
3562,23
12348,23
2629,23
7105,23
10260,23
4358,23
5125,23
750,23
3255,23
3157,23
9531,23
3569,23
1599,23
6489,23
8727,23
8305,23
12051,23
1844,23
3458,23
10804,23
2220,23
4898,23
6560,23
36,23
4804,23
424,23
2783,23
2167,23
13235,23
11681,23
6471,23
7203,23
6508,23
8945,23
3167,23
382,23
4837,23
6999,23
187,23
1451,23
7636,23
1202,23
5219,23
209,23
5382,23
7981,23
5847,23
1887,23
6959,23
6157,23
7261,23
11289,23
6576,23
8574,23
853,23
1772,23
7727,23
3123,23
5558,23
356,23
2233,23
2109,23
6699,23
1031,23
367,23
5521,23
6629,23
5422,23
2846,23
5753,23
7249,23
78,23
3219,23
5479,23
8199,23
3739,23
8924,23
4395,23
2962,23
2444,23
751,23
5562,23
4559,23
1934,23
6106,23
2581,23
6730,23
4664,23
3011,23
1995,23
1047,23
1537,23
9876,23
3400,23
6085,23
9766,23
6256,23
2083,23
4092,23
792,23
2872,23
8341,23
5021,23
8693,23
2095,23
746,23
12566,23
178,23
8017,23
8500,23
6463,23
13016,23
4693,23
10232,23
3949,23
5977,23
9392,23
12950,23
8387,23
10450,23
1818,23
2068,23
10653,23
567,23
3997,23
592,23
4157,23
6064,23
861,23
6194,23
7645,23
12056,23
8956,23
4996,23
8775,23
9632,23
8147,23
4184,23
1692,23
11075,23
7161,23
4445,23
7222,23
11039,23
7909,23
4093,23
5459,23
1096,23
2560,23
8039,23
3257,23
8839,23
5920,23
2155,23
6558,23
8569,23
8207,23
3478,23
7299,23
11335,23
2696,23
10283,23
2910,23
7628,23
3205,23
1856,23
4713,23
11040,23
7808,23
4721,23
160,23
11685,23
7831,23
3312,23
3904,23
3779,23
11273,23
3536,23
8842,23
2451,23
10786,23
8887,23
6403,23
4101,23
3273,23
4855,23
492,23
7080,23
4626,23
7151,23
12143,23
2433,23
1119,23
5840,23
6055,23
3963,23
9865,23
1824,23
9268,23
8103,23
8317,23
7482,23
4381,23
1702,23
4462,23
673,23
5976,23
10708,23
8836,23
8190,23
1725,23
2802,23
9074,23
1382,23
7230,23
2278,23
9073,23
8031,23
4680,23
7314,23
7352,23
2671,23
818,23
1339,23
7703,23
6755,23
5667,23
983,23
4502,23
10516,23
656,23
639,23
1481,23
982,23
7455,23
8495,23
11437,23
6982,23
2274,23
867,23
4439,23
5684,23
8325,23
7421,23
7878,23
7935,23
6775,23
6153,23
6075,23
2688,23
4580,23
8304,23
5987,23
4938,23
1476,23
4474,23
4204,23
145,23
3441,23
1054,23
4123,23
115,23
1318,23
6564,23
5440,23
4139,23
6641,23
8177,23
447,23
3656,23
2093,23
8539,23
4293,23
64,23
9426,23
8442,23
6269,23
1083,23
12379,23
4832,23
761,23
5427,23
8176,23
4441,23
11579,23
6413,23
4236,23
3673,23
4301,23
1823,23
3612,23
7308,23
2017,23
6598,23
10735,23
8235,23
5110,23
7163,23
9924,23
4322,23
8926,23
2296,23
4494,23
6192,23
8459,23
2344,23
3117,23
275,23
9020,23
7616,23
7,23
2866,23
2036,23
1414,23
12755,23
7157,23
3867,23
8045,23
4645,23
8673,23
10952,23
6339,23
8933,23
3302,23
12564,23
6300,23
9026,23
5811,23
3028,23
4155,23
5921,23
11119,23
5083,23
2469,23
6034,23
6679,23
8407,23
6538,23
5606,23
12087,23
8671,23
5695,23
7652,23
3189,23
6819,23
2677,23
1475,23
3928,23
7844,23
9034,23
5343,23
12448,23
6223,23
2574,23
6721,23
5972,23
1721,23
106,23
4367,23
10699,23
13268,23
385,23
4788,23
7693,23
328,23
4247,23
7674,23
7320,23
7265,23
4390,23
4287,23
4612,23
6604,23
6790,23
4344,23
7569,23
1467,23
9033,23
9585,23
3264,23
3622,23
4325,23
9577,23
2460,23
1606,23
4189,23
8078,23
6346,23
11875,23
13043,23
12811,23
2390,23
6255,23
3050,23
8171,23
5537,23
5953,23
6829,23
2222,23
2624,23
7863,23
4128,23
3336,23
1034,23
7437,23
5754,23
1434,23
9840,23
5377,23
8903,23
3801,23
8467,23
5694,23
4981,23
12722,23
3077,23
11550,23
5074,23
3995,23
3669,23
5795,23
1364,23
582,23
4223,23
5323,23
13367,23
13227,23
8794,23
1514,23
3322,23
1266,23
10593,23
3848,23
2307,23
5589,23
3950,23
2590,23
4410,23
1014,23
10181,23
8349,23
8664,23
5034,23
4125,23
674,23
5321,23
5205,23
488,23
4437,23
12253,23
810,23
11666,23
2665,23
1091,23
6734,23
9052,23
2653,23
3844,23
7862,23
4941,23
4011,23
12079,23
6975,23
9128,23
3391,23
7969,23
1222,23
12036,23
8298,23
919,23
11287,23
8937,23
8876,23
8788,23
7141,23
6303,23
930,23
981,23
1037,23
1377,23
2432,23
10967,23
1363,23
7641,23
1403,23
1004,23
4698,23
3177,23
11107,23
10839,23
8535,23
1822,23
1442,23
7354,23
1199,23
2400,23
4373,23
8497,23
7853,23
3164,23
7758,23
6643,23
6073,23
9799,23
1059,23
2334,23
8617,23
8261,23
2462,23
936,23
6512,23
971,23
12333,23
8678,23
7829,23
8288,23
6410,23
2229,23
8272,23
1869,23
7680,23
8659,23
1809,23
4242,23
6377,23
6203,23
7737,23
4602,23
2927,23
12554,23
451,23
4524,23
7719,23
44,23
3604,23
4025,23
2139,23
1581,23
1659,23
6600,23
1840,23
5060,23
1417,23
7127,23
4470,23
3032,23
6094,23
4,23
7682,23
547,23
7406,23
174,23
11272,23
7615,23
4116,23
4869,23
5026,23
2105,23
1429,23
4406,23
7106,23
6807,23
7867,23
6117,23
3712,23
8116,23
1493,23
8189,23
1015,23
3830,23
6939,23
1557,23
690,23
1120,23
334,23
2372,23
6871,23
3598,23
7871,23
948,23
7534,23
7218,23
2411,23
4273,23
10239,23
219,23
2382,23
2101,23
6012,23
241,23
4120,23
71,23
3342,23
3585,23
8389,23
4302,23
1320,23
11165,23
5366,23
5055,23
3421,23
7891,23
49,23
7516,23
5046,23
3919,23
4859,23
3041,23
3686,23
7902,23
784,23
1373,23
5418,23
11630,23
4115,23
6483,23
8183,23
5598,23
653,23
8320,23
5916,23
8867,23
6309,23
2240,23
6586,23
11920,23
9013,23
2764,23
2503,23
5127,23
535,23
8829,23
5167,23
6841,23
1549,23
5560,23
11452,23
7791,23
35,23
11469,23
8993,23
6933,23
4868,23
1689,23
8044,23
2514,23
7344,23
4323,23
5697,23
2886,23
6417,23
5744,23
456,23
2633,23
4136,23
10740,23
1531,23
7512,23
795,23
9636,23
4629,23
5255,23
8542,23
2439,23
1238,23
8909,23
5750,23
856,23
2112,23
4420,23
2758,23
7642,23
9353,23
8854,23
6860,23
683,23
8267,23
2374,23
1811,23
8397,23
8927,23
2933,23
1462,23
3531,23
8866,23
9919,23
5615,23
1074,23
8405,23
9343,23
14128,23
5274,23
709,23
1458,23
8540,23
4668,23
7850,23
4897,23
7439,23
6765,23
117,23
5813,23
4434,23
8110,23
5086,23
6466,23
658,23
2660,23
5302,23
2029,23
6991,23
880,23
10912,23
1392,23
9300,23
823,23
2166,23
7803,23
5990,23
6891,23
4473,23
2731,23
3811,23
5733,23
306,23
8079,23
9143,23
2000,23
8578,23
5509,23
12112,23
5871,23
2508,23
2592,23
7755,23
8994,23
2401,23
7207,23
1278,23
2884,23
1249,23
8907,23
450,23
1677,23
8561,23
4377,23
3790,23
824,23
9211,23
7044,23
5475,23
11020,23
7238,23
6723,23
797,23
3090,23
10703,23
3286,23
6892,23
8377,23
1360,23
4030,23
850,23
4772,23
9070,23
8475,23
8632,23
14271,23
3723,23
3072,23
6522,23
4018,23
7939,23
9868,23
12975,23
1733,23
11904,23
6009,23
5089,23
8793,23
7349,23
8915,23
6916,23
10625,23
3522,23
2741,23
3406,23
206,23
4599,23
4635,23
11176,23
4535,23
8700,23
8581,23
8648,23
11863,23
2276,23
6286,23
8565,23
7045,23
8878,23
3403,23
6395,23
11151,23
4931,23
2304,23
6261,23
6613,23
7581,23
1893,23
1351,23
2378,23
2088,23
5930,23
752,23
3105,23
8931,23
4193,23
4514,23
1877,23
29,23
664,23
2286,23
4791,23
1160,23
12570,23
2114,23
5417,23
7608,23
9915,23
1532,23
89,23
3045,23
2604,23
5337,23
3351,23
1329,23
5175,23
210,23
9902,23
1882,23
3938,23
2699,23
4251,23
5821,23
4778,23
1686,23
1385,23
5171,23
3461,23
7318,23
2788,23
6502,23
12220,23
7428,23
5693,23
9423,23
5242,23
1754,23
375,23
2753,23
5288,23
6228,23
8311,23
364,23
3102,23
170,23
4739,23
10840,23
9096,23
3683,23
4360,23
319,23
4481,23
4883,23
3492,23
2135,23
4853,23
602,23
1534,23
3134,23
3466,23
9685,23
4773,23
7848,23
6839,23
10544,23
5829,23
4346,23
13378,23
4700,23
8390,23
3033,23
7087,23
2416,23
1731,23
1751,23
7899,23
3704,23
2265,23
1951,23
3999,23
5551,23
5867,23
7058,23
8057,23
119,23
8859,23
5085,23
1596,23
6376,23
430,23
2217,23
1393,23
4359,23
5902,23
4505,23
5572,23
631,23
4728,23
2833,23
7062,23
6341,23
1691,23
785,23
1570,23
7162,23
7191,23
6888,23
4348,23
8204,23
5657,23
10610,23
2832,23
12330,23
7189,23
441,23
1939,23
1450,23
4817,23
1185,23
820,23
5511,23
4279,23
9416,23
8073,23
7426,23
10437,23
6689,23
1771,23
7797,23
9336,23
2141,23
11999,23
1548,23
1972,23
9420,23
2947,23
11964,23
8058,23
148,23
9779,23
4826,23
7434,23
9758,23
8106,23
5010,23
1022,23
5882,23
8055,23
7843,23
4249,23
6545,23
4265,23
99,23
1573,23
5068,23
3179,23
6575,23
2646,23
6759,23
8166,23
7920,23
8896,23
5608,23
1489,23
8510,23
2388,23
3991,23
4550,23
3645,23
4329,23
7485,23
2579,23
198,23
1258,23
2096,23
2231,23
7767,23
5645,23
69,23
5854,23
5135,23
5471,23
2617,23
7753,23
4917,23
1770,23
3308,23
3208,23
321,23
933,23
619,23
6017,23
2339,23
1525,23
5581,23
1661,23
9925,23
4015,23
1182,23
8989,23
171,23
5243,23
13884,23
12095,23
8452,23
3911,23
9099,23
11780,23
10394,23
7271,23
7699,23
11847,23
1821,23
10649,23
652,23
9436,23
139,23
2510,23
8005,23
5983,23
1457,23
10975,23
7858,23
4147,23
10992,23
7350,23
9753,23
5273,23
3973,23
2726,23
14,23
3935,23
10805,23
8653,23
7510,23
8813,23
4510,23
9035,23
4764,23
1598,23
1556,23
9015,23
1125,23
1105,23
3274,23
1313,23
6098,23
3521,23
8999,23
8094,23
3940,23
6318,23
508,23
5332,23
8519,23
8886,23
5761,23
434,23
8379,23
5527,23
4620,23
7192,23
4765,23
6496,23
6180,23
11334,23
7718,23
4943,23
6754,23
427,23
4404,23
3998,23
1743,23
9094,23
10282,23
5220,23
3667,23
5677,23
2567,23
2816,23
3486,23
6596,23
7701,23
8868,23
7721,23
8447,23
3548,23
8061,23
359,23
2635,23
8108,23
1839,23
7551,23
1383,23
1796,23
6681,23
39,23
3096,23
11480,23
7280,23
2082,23
7177,23
5111,23
4037,23
5216,23
7293,23
3990,23
4930,23
7198,23
3947,23
9993,23
6297,23
4353,23
1271,23
4197,23
5660,23
4590,23
1510,23
4650,23
8922,23
8551,23
6464,23
7833,23
1381,23
13015,23
493,23
2343,23
3320,23
8996,23
2860,23
10058,23
5828,23
7359,23
7326,23
12868,23
5641,23
8579,23
3092,23
9088,23
5861,23
11590,23
1108,23
3395,23
624,23
1643,23
5798,23
4786,23
4417,23
199,23
7792,23
8848,23
4618,23
10706,23
3334,23
6516,23
12078,23
25,23
67,23
7371,23
6050,23
11688,23
10874,23
1833,23
2763,23
2672,23
93,23
1327,23
4627,23
3912,23
8413,23
7688,23
5808,23
5776,23
283,23
4880,23
2196,23
3866,23
9046,23
5500,23
5161,23
2618,23
1487,23
2456,23
5225,23
7987,23
8900,23
8145,23
10617,23
8572,23
9944,23
4175,23
1153,23
1413,23
9481,23
2405,23
1734,23
8303,23
4527,23
1594,23
3607,23
3381,23
7959,23
5884,23
9546,23
2324,23
5506,23
1706,23
355,23
7322,23
8410,23
5992,23
1694,23
8914,23
1892,23
3503,23
7036,23
8515,23
2208,23
1757,23
1322,23
12168,23
9948,23
5584,23
9537,23
702,23
2776,23
1468,23
5628,23
1387,23
6601,23
1270,23
4594,23
5305,23
6357,23
478,23
10433,23
3894,23
2972,23
5215,23
31,23
3397,23
6353,23
9861,23
2481,23
211,23
442,23
12102,23
5960,23
4766,23
8694,23
2387,23
6359,23
4467,23
796,23
4761,23
6756,23
2379,23
118,23
2680,23
2563,23
11561,23
2797,23
11140,23
1253,23
7317,23
2546,23
714,23
7726,23
426,23
5163,23
5734,23
737,23
4678,23
6964,23
4379,23
7736,23
520,23
5726,23
4803,23
617,23
4833,23
1289,23
7084,23
8511,23
4148,23
3589,23
11710,23
601,23
671,23
9104,23
8049,23
8728,23
6978,23
7253,23
3477,23
2963,23
1632,23
8833,23
5974,23
4166,23
1178,23
2091,23
6716,23
570,23
2100,23
625,23
4666,23
9345,23
4295,23
4191,23
7596,23
2156,23
6266,23
3526,23
12981,23
7994,23
7285,23
4160,23
7409,23
4181,23
583,23
1485,23
4603,23
4895,23
8568,23
3823,23
9483,23
257,23
4801,23
2555,23
775,23
5458,23
7366,23
5210,23
7733,23
5543,23
2407,23
4800,23
5676,23
10160,23
6390,23
4281,23
7567,23
5386,23
12159,23
8418,23
9552,23
734,23
5072,23
5889,23
6147,23
6535,23
1256,23
12742,23
7383,23
8980,23
6994,23
1342,23
7364,23
9693,23
3605,23
5413,23
514,23
8357,23
10928,23
5779,23
868,23
7385,23
1960,23
3158,23
5576,23
4414,23
2347,23
3018,23
10797,23
4977,23
6835,23
1635,23
766,23
4512,23
6059,23
502,23
744,23
8582,23
5532,23
3447,23
8828,23
2048,23
3026,23
70,23
268,23
2818,23
1910,23
8331,23
9043,23
2361,23
8226,23
11392,23
7991,23
227,23
3497,23
11088,23
3147,23
5186,23
7764,23
5649,23
4569,23
9,23
1814,23
8789,23
3079,23
1490,23
5549,23
9442,23
4010,23
2246,23
1197,23
6950,23
5217,23
13194,23
6521,23
6174,23
5714,23
3575,23
6567,23
8784,23
4799,23
7057,23
1239,23
10765,23
1394,23
2941,23
5727,23
5627,23
874,23
10763,23
1935,23
6647,23
3163,23
5639,23
6510,23
9599,23
638,23
2131,23
7236,23
8327,23
3906,23
11096,23
5476,23
6816,23
13003,23
2976,23
6330,23
301,23
4002,23
1918,23
5247,23
3750,23
5488,23
75,23
1111,23
3368,23
6446,23
11038,23
1029,23
4767,23
8901,23
7310,23
8498,23
11684,23
5480,23
594,23
6124,23
4449,23
7250,23
839,23
12475,23
1086,23
2403,23
5845,23
6977,23
3000,23
11309,23
3865,23
5715,23
2628,23
5984,23
4211,23
233,23
2059,23
4500,23
993,23
6083,23
5588,23
5651,23
2264,23
3601,23
7042,23
6257,23
7603,23
5408,23
7845,23
2485,23
6077,23
2585,23
5144,23
3546,23
7377,23
6732,23
3795,23
10358,23
8555,23
12227,23
1132,23
4013,23
3106,23
1184,23
2357,23
46,23
2945,23
4592,23
3065,23
2644,23
5652,23
9454,23
7927,23
5122,23
2191,23
5356,23
5477,23
1762,23
4875,23
216,23
169,23
8419,23
2661,23
6168,23
3098,23
3915,23
6105,23
4548,23
7077,23
4914,23
6648,23
7744,23
1084,23
10792,23
235,23
8369,23
414,23
6057,23
7315,23
11322,23
2598,23
6090,23
7256,23
578,23
4988,23
11482,23
3927,23
1971,23
6237,23
650,23
3682,23
10295,23
1147,23
1758,23
12772,23
4605,23
3337,23
7586,23
11945,23
9721,23
11028,23
1453,23
4836,23
8563,23
2134,23
6326,23
3506,23
837,23
2500,23
10065,23
9738,23
10167,23
12513,23
7599,23
3293,23
8264,23
6773,23
4079,23
8399,23
6594,23
6622,23
9021,23
5764,23
3185,23
5961,23
9132,23
2554,23
10537,23
4452,23
2931,23
11417,23
4033,23
6585,23
6724,23
4541,23
3972,23
4945,23
6001,23
6319,23
2520,23
3229,24
14138,24
5462,24
558,24
12508,24
429,24
3360,24
4544,24
4623,24
11764,24
1760,24
3363,24
9271,24
8950,24
8871,24
80,24
5188,24
729,24
1428,24
1358,24
3192,24
6519,24
5222,24
2678,24
1553,24
1726,24
975,24
5517,24
11358,24
10061,24
3566,24
12626,24
7298,24
2204,24
3775,24
307,24
4540,24
2825,24
11104,24
5450,24
959,24
6861,24
4056,24
12653,24
3149,24
4625,24
7834,24
2630,24
7638,24
11593,24
11951,24
5113,24
10110,24
9141,24
4001,24
10340,24
2582,24
4053,24
9278,24
10042,24
3472,24
11229,24
2001,24
2952,24
4259,24
6665,24
7068,24
10605,24
9193,24
2075,24
8119,24
3479,24
6099,24
3078,24
3010,24
4633,24
9382,24
7037,24
4372,24
6695,24
5713,24
8734,24
6702,24
8795,24
12070,24
13081,24
4194,24
7698,24
11983,24
9638,24
2454,24
10175,24
11808,24
3772,24
2009,24
1232,24
4671,24
7240,24
11061,24
11490,24
9121,24
2687,24
6458,24
8243,24
5164,24
9198,24
8284,24
6814,24
7539,24
1627,24
9777,24
5745,24
6292,24
4976,24
1998,24
2085,24
10630,24
11901,24
802,24
8149,24
525,24
10231,24
3133,24
565,24
11100,24
3103,24
8338,24
4326,24
2512,24
7762,24
6044,24
548,24
2811,24
6903,24
1832,24
10192,24
3773,24
9886,24
9864,24
12750,24
9221,24
4078,24
9681,24
10172,24
9465,24
4419,24
2468,24
5141,24
9452,24
713,24
6456,24
6459,24
8417,24
176,24
2623,24
841,24
14115,24
8010,24
2494,24
2754,24
6944,24
10176,24
1994,24
2353,24
1378,24
7416,24
2532,24
12451,24
9084,24
5250,24
1218,24
9736,24
499,24
8374,24
2117,24
10383,24
9177,24
7233,24
6067,24
11896,24
9077,24
4127,24
13065,24
9311,24
9346,24
721,24
2773,24
5825,24
10514,24
1923,24
431,24
8928,24
1201,24
2455,24
921,24
500,24
12481,24
4910,24
6536,24
2360,24
13191,24
11366,24
4183,24
2852,24
7962,24
50,24
7110,24
6523,24
3745,24
4811,24
8095,24
10957,24
6429,24
6029,24
4848,24
6468,24
7536,24
6855,24
11815,24
4567,24
5646,24
11911,24
9274,24
3694,24
845,24
1207,24
1027,24
13892,24
5360,24
2496,24
10069,24
1375,24
1767,24
264,24
5218,24
7111,24
5444,24
943,24
256,24
1524,24
2315,24
6893,24
3812,24
11382,24
5919,24
5604,24
8665,24
3778,24
11785,24
6423,24
3899,24
6969,24
8642,24
4492,24
4163,24
9473,24
4796,24
6158,24
8406,24
9047,24
2528,24
3316,24
12612,24
8353,24
9872,24
10115,24
4822,24
4860,24
6425,24
4170,24
649,24
2534,24
1582,24
2634,24
2966,24
3941,24
8860,24
6380,24
3349,24
11880,24
8553,24
3370,24
6913,24
11351,24
9932,24
3653,24
10870,24
8910,24
4990,24
8141,24
11345,24
6204,24
4658,24
12636,24
11260,24
8384,24
4433,24
12620,24
8712,24
10972,24
11286,24
8586,24
7900,24
425,24
1293,24
10278,24
461,24
6817,24
8129,24
11108,24
7384,24
6095,24
843,24
5596,24
10631,24
2900,24
9387,24
10050,24
1516,24
8719,24
12285,24
6220,24
7108,24
9934,24
585,24
8118,24
1421,24
12941,24
6196,24
8558,24
672,24
4165,24
701,24
8589,24
10432,24
10020,24
2683,24
8943,24
2548,24
8604,24
5268,24
1379,24
3576,24
2813,24
4021,24
370,24
3178,24
2118,24
3892,24
12808,24
8431,24
8372,24
6416,24
1206,24
10918,24
8939,24
8195,24
2502,24
11329,24
5096,24
3748,24
8333,24
3550,24
4624,24
1080,24
4342,24
8122,24
676,24
9889,24
1562,24
2553,24
1282,24
9377,24
11531,24
5039,24
3314,24
1587,24
6631,24
9488,24
5617,24
8432,24
4113,24
10085,24
4008,24
6474,24
5492,24
3027,24
3730,24
2568,24
3701,24
3299,24
11806,24
8837,24
3009,24
11103,24
3530,24
1904,24
11528,24
7707,24
7443,24
10146,24
12524,24
7294,24
217,24
6726,24
5896,24
9665,24
3386,24
11156,24
10338,24
9867,24
3230,24
6481,24
5702,24
4997,24
3407,24
4168,24
9853,24
8652,24
7071,24
5349,24
2809,24
3058,24
9148,24
12312,24
6984,24
6335,24
13504,24
6878,24
4200,24
6437,24
4534,24
12204,24
8032,24
5712,24
4611,24
10832,24
12246,24
11922,24
2159,24
2158,24
4275,24
5663,24
5234,24
7120,24
10756,24
7921,24
2749,24
6951,24
1894,24
3160,24
4324,24
1159,24
11612,24
4117,24
684,24
5112,24
11709,24
5224,24
8067,24
9929,24
5469,24
7472,24
11346,24
5092,24
882,24
11429,24
4135,24
2621,24
974,24
1404,24
10524,24
4337,24
10950,24
8046,24
11647,24
213,24
10104,24
7535,24
10323,24
13272,24
10772,24
3223,24
8932,24
10596,24
8808,24
12970,24
5353,24
5282,24
3481,24
7153,24
4944,24
8439,24
3393,24
834,24
1983,24
1425,24
864,24
14049,24
7213,24
2337,24
3988,24
8774,24
6766,24
5973,24
10673,24
11850,24
156,24
3076,24
3762,24
5812,24
2320,24
10395,24
1398,24
11622,24
8739,24
9430,24
8315,24
3471,24
7098,24
3325,24
8893,24
3113,24
3621,24
6579,24
464,24
1076,24
6940,24
7577,24
3104,24
13120,24
166,24
10352,24
2714,24
7540,24
90,24
141,24
5079,24
8124,24
13707,24
7691,24
383,24
62,24
11001,24
10264,24
8598,24
1613,24
13889,24
4608,24
388,24
4676,24
8293,24
627,24
5347,24
12940,24
11517,24
376,24
8722,24
4920,24
471,24
8109,24
3923,24
11022,24
14324,24
5888,24
11793,24
6895,24
8524,24
1303,24
3376,24
3962,24
3732,24
1430,24
4411,24
11935,24
1929,24
1419,24
8769,24
7956,24
11069,24
6709,24
6848,24
4556,24
3055,24
3829,24
7983,24
3555,24
3741,24
5114,24
369,24
10526,24
2888,24
10731,24
5736,24
360,24
5999,24
4261,24
3093,24
10681,24
123,24
8668,24
4389,24
7732,24
2991,24
8391,24
9101,24
3771,24
2586,24
1668,24
3069,24
4957,24
12343,24
1164,24
2550,24
3951,24
8358,24
6974,24
11905,24
10077,24
534,24
11624,24
6005,24
12817,24
2746,24
10889,24
9110,24
2505,24
7515,24
10453,24
9172,24
9049,24
8343,24
9727,24
8126,24
1547,24
9321,24
6440,24
10935,24
3524,24
6439,24
556,24
116,24
5448,24
1237,24
6541,24
7937,24
8704,24
7032,24
772,24
4076,24
7441,24
11405,24
2916,24
4649,24
9467,24
3734,24
5168,24
11407,24
3713,24
9841,24
8971,24
9550,24
8096,24
11203,24
5855,24
6047,24
11422,24
8376,24
246,24
9226,24
6068,24
10326,24
8286,24
6214,24
1044,24
1521,24
6934,24
3444,24
4735,24
1736,24
7244,24
12117,24
8398,24
65,24
9294,24
6821,24
6577,24
8283,24
8260,24
3054,24
1133,24
8743,24
635,24
6216,24
11106,24
13584,24
2419,24
4785,24
7508,24
7010,24
3014,24
13553,24
12238,24
12769,24
4989,24
10197,24
5248,24
3814,24
7003,24
4925,24
3828,24
2601,24
2272,24
5025,24
11455,24
11693,24
11012,24
9933,24
2366,24
10698,24
5177,24
11921,24
2569,24
2371,24
6038,24
940,24
4858,24
10213,24
757,24
1800,24
12908,24
9409,24
3552,24
6561,24
4177,24
5438,24
4951,24
7872,24
2396,24
3233,24
10682,24
8650,24
5397,24
6823,24
1884,24
7122,24
4466,24
1072,24
8276,24
13926,24
4589,24
3764,24
5900,24
5011,24
9462,24
2820,24
1891,24
13161,24
3871,24
870,24
11496,24
6370,24
8081,24
8225,24
7953,24
5912,24
2351,24
10245,24
12394,24
4697,24
2448,24
11481,24
7095,24
4041,24
1092,24
4763,24
4707,24
5640,24
1053,24
5542,24
1624,24
1128,24
5436,24
1070,24
11122,24
1775,24
5538,24
101,24
4924,24
3473,24
1149,24
2140,24
1511,24
8730,24
1716,24
2973,24
6181,24
1306,24
11026,24
6676,24
4296,24
5763,24
1991,24
253,24
8001,24
2609,24
9538,24
9075,24
2006,24
1588,24
13114,24
4648,24
3850,24
7887,24
2335,24
10362,24
4919,24
3276,24
5586,24
1949,24
5481,24
1449,24
2849,24
7457,24
3903,24
2251,24
1112,24
1106,24
6442,24
1560,24
4246,24
6872,24
11885,24
4286,24
9559,24
512,24
3304,24
7200,24
122,24
5768,24
1999,24
10159,24
4276,24
1749,24
3277,24
894,24
5258,24
5850,24
8742,24
6616,24
6776,24
8683,24
6479,24
192,24
11323,24
5786,24
11432,24
12232,24
2024,24
10974,24
1494,24
3323,24
1093,24
2684,24
4653,24
2348,24
5658,24
11995,24
10506,24
7035,24
3429,24
8312,24
7931,24
333,24
6239,24
4545,24
5991,24
6148,24
1748,24
1933,24
8820,24
5278,24
978,24
13896,24
4447,24
7394,24
5934,24
7407,24
4158,24
4596,24
1012,24
8526,24
5933,24
8936,24
6171,24
3770,24
6349,24
7288,24
4201,24
2974,24
9361,24
6785,24
184,24
5683,24
5132,24
1145,24
422,24
8773,24
6992,24
4733,24
11840,24
11192,24
181,24
4918,24
9941,24
4336,24
6671,24
1033,24
7224,24
7470,24
10711,24
9441,24
11200,24
1402,24
9621,24
5104,24
4690,24
1828,24
4407,24
6325,24
1017,24
7790,24
10570,24
3124,24
12836,24
14298,24
12083,24
3101,24
9087,24
5597,24
8014,24
6443,24
11640,24
1962,24
7852,24
1670,24
1068,24
9257,24
3300,24
2164,24
3861,24
11409,24
299,24
8571,24
11275,24
338,24
5760,24
7604,24
13023,24
9880,24
6011,24
2989,24
1953,24
1769,24
8323,24
14244,24
597,24
9558,24
2498,24
10549,24
9299,24
6184,24
12514,24
7854,24
5357,24
1167,24
9572,24
4221,24
4480,24
5626,24
6243,24
4714,24
128,24
9248,24
6832,24
1729,24
8052,24
8483,24
8449,24
290,24
4345,24
2648,24
11288,24
6588,24
1921,24
1803,24
13516,24
10782,24
11128,24
12348,24
10260,24
4358,24
5125,24
750,24
3157,24
9531,24
8305,24
12051,24
3458,24
4898,24
36,24
4804,24
424,24
2783,24
2167,24
13235,24
11681,24
6471,24
6508,24
3167,24
6999,24
187,24
7636,24
1202,24
5219,24
7981,24
6157,24
11289,24
853,24
7727,24
3123,24
5558,24
2233,24
2109,24
6629,24
5422,24
2846,24
8199,24
2444,24
4559,24
2581,24
6730,24
4664,24
1047,24
9876,24
9766,24
4092,24
2872,24
2095,24
12566,24
178,24
10232,24
9392,24
5977,24
8387,24
10450,24
10653,24
567,24
3997,24
4157,24
861,24
7645,24
12056,24
8775,24
9632,24
8147,24
4184,24
11075,24
11039,24
5459,24
2560,24
8039,24
8839,24
5920,24
2155,24
6558,24
8569,24
8207,24
3478,24
7299,24
2696,24
10283,24
2910,24
11685,24
7831,24
3779,24
11273,24
8842,24
10786,24
4101,24
3273,24
4626,24
2433,24
12143,24
6055,24
9865,24
9268,24
8103,24
4381,24
4462,24
10708,24
2802,24
1382,24
8031,24
818,24
1339,24
10516,24
656,24
4502,24
639,24
6982,24
2274,24
5684,24
8304,24
4474,24
145,24
1054,24
6564,24
5440,24
4139,24
6641,24
2093,24
4293,24
8539,24
64,24
9426,24
8442,24
6269,24
761,24
8176,24
4441,24
11579,24
4236,24
3673,24
3612,24
6598,24
5110,24
8459,24
9924,24
2296,24
9020,24
2866,24
1414,24
12755,24
3867,24
4645,24
8673,24
10952,24
6339,24
8933,24
3302,24
12564,24
9026,24
3028,24
5921,24
11119,24
5083,24
6034,24
1475,24
7844,24
9034,24
5343,24
12448,24
2574,24
6721,24
106,24
10699,24
13268,24
4247,24
7320,24
4390,24
4612,24
6604,24
6790,24
4344,24
1467,24
9033,24
9585,24
3622,24
4325,24
9577,24
1606,24
2460,24
8078,24
13043,24
12811,24
5537,24
5953,24
3336,24
9840,24
5377,24
8903,24
3801,24
12722,24
3077,24
11550,24
5074,24
13227,24
5323,24
4223,24
13367,24
8794,24
3322,24
10593,24
3848,24
3950,24
2590,24
4410,24
1014,24
10181,24
8349,24
4437,24
12253,24
2665,24
6734,24
3844,24
12079,24
12036,24
8298,24
11287,24
8937,24
7141,24
930,24
1037,24
1377,24
10967,24
1363,24
7641,24
1004,24
3177,24
11107,24
8535,24
1822,24
7354,24
2400,24
9799,24
6512,24
8678,24
6410,24
2229,24
6203,24
12554,24
451,24
7719,24
4025,24
2139,24
1840,24
1417,24
7127,24
4470,24
4,24
7406,24
174,24
11272,24
7615,24
5026,24
2105,24
1429,24
6807,24
8189,24
3830,24
6939,24
1557,24
334,24
6871,24
7871,24
7534,24
10239,24
219,24
2382,24
2101,24
241,24
4120,24
3585,24
11165,24
5366,24
5055,24
7891,24
3686,24
7902,24
1373,24
5418,24
11630,24
8320,24
6309,24
9013,24
8829,24
6841,24
11452,24
7791,24
35,24
11469,24
1689,24
4323,24
5697,24
6417,24
5744,24
456,24
1531,24
7512,24
795,24
9636,24
5750,24
856,24
2112,24
7642,24
683,24
2933,24
8866,24
9919,24
9343,24
14128,24
6765,24
117,24
4434,24
8110,24
5086,24
6466,24
2660,24
5302,24
2029,24
6991,24
880,24
10912,24
9300,24
2166,24
7803,24
6891,24
4473,24
5733,24
306,24
9143,24
12112,24
2508,24
7755,24
1249,24
824,24
9211,24
10703,24
8377,24
1360,24
4772,24
9070,24
14271,24
6522,24
7939,24
12975,24
11904,24
8915,24
206,24
4599,24
11176,24
8700,24
8581,24
11863,24
7045,24
8878,24
4931,24
11151,24
2304,24
7581,24
1893,24
1351,24
4514,24
2286,24
4791,24
5417,24
12570,24
9915,24
1532,24
2604,24
5337,24
5175,24
210,24
2699,24
4251,24
5821,24
1385,24
7318,24
2788,24
7428,24
12220,24
5693,24
9423,24
5288,24
170,24
10840,24
4481,24
3492,24
2135,24
3134,24
9685,24
6839,24
10544,24
5829,24
13378,24
1751,24
7899,24
2265,24
3999,24
5902,24
5085,24
6376,24
5572,24
631,24
4728,24
7062,24
1691,24
1570,24
7191,24
4348,24
10610,24
12330,24
10437,24
1771,24
9336,24
11999,24
1548,24
9420,24
2947,24
11964,24
8058,24
148,24
9779,24
4826,24
9758,24
8106,24
5010,24
5882,24
8055,24
5068,24
3179,24
8166,24
1489,24
3991,24
4550,24
4329,24
69,24
5854,24
5135,24
5471,24
7753,24
619,24
321,24
2339,24
5581,24
13884,24
3911,24
10394,24
7699,24
11847,24
652,24
9436,24
10975,24
4147,24
10992,24
7350,24
9753,24
5273,24
3973,24
2726,24
14,24
8653,24
7510,24
8813,24
4510,24
9035,24
1125,24
9015,24
3274,24
1313,24
3521,24
6318,24
8886,24
8379,24
4620,24
4765,24
11334,24
4404,24
3998,24
1743,24
10282,24
5220,24
3667,24
2816,24
7701,24
8868,24
7721,24
8447,24
8108,24
7551,24
3096,24
7280,24
2082,24
5111,24
5216,24
9993,24
5660,24
4590,24
1510,24
6464,24
7833,24
13015,24
493,24
3320,24
8996,24
7326,24
12868,24
5641,24
5861,24
11590,24
624,24
6516,24
199,24
7792,24
10706,24
12078,24
3334,24
67,24
10874,24
1833,24
2763,24
93,24
3912,24
9046,24
5500,24
5161,24
8900,24
10617,24
9944,24
9481,24
1734,24
4527,24
1594,24
7959,24
9546,24
2324,24
5506,24
5992,24
1694,24
1892,24
1757,24
12168,24
5584,24
9537,24
2776,24
1468,24
5628,24
1387,24
478,24
3894,24
2972,24
31,24
6353,24
9861,24
442,24
12102,24
4766,24
796,24
11561,24
7726,24
426,24
4379,24
6964,24
7736,24
520,24
4803,24
4833,24
1289,24
7084,24
8511,24
11710,24
601,24
671,24
9104,24
8049,24
8728,24
2963,24
2091,24
4666,24
9345,24
12981,24
7596,24
6266,24
3526,24
7409,24
3823,24
9483,24
257,24
4801,24
2555,24
775,24
5458,24
7366,24
7733,24
4800,24
10160,24
5386,24
12159,24
6147,24
12742,24
1256,24
8980,24
6994,24
8357,24
5779,24
2347,24
4977,24
766,24
4512,24
502,24
744,24
8582,24
3447,24
8828,24
2048,24
70,24
9043,24
2361,24
8226,24
11392,24
7991,24
5649,24
4569,24
1814,24
9442,24
4010,24
2246,24
1197,24
5217,24
13194,24
6521,24
6174,24
5714,24
1394,24
2941,24
10763,24
8327,24
3906,24
13003,24
2976,24
6330,24
301,24
3750,24
75,24
1029,24
11038,24
7310,24
11684,24
6124,24
7250,24
12475,24
1086,24
5845,24
3000,24
11309,24
233,24
2059,24
993,24
5651,24
3601,24
7603,24
5408,24
2585,24
6732,24
3795,24
10358,24
4013,24
4592,24
2644,24
7927,24
5122,24
2191,24
216,24
169,24
8419,24
2661,24
6168,24
3915,24
7077,24
4914,24
6648,24
10792,24
7315,24
578,24
6237,24
3682,24
10295,24
1758,24
12772,24
11945,24
11028,24
2134,24
6326,24
837,24
10065,24
10167,24
12513,24
7599,24
3293,24
8264,24
9021,24
3185,24
9132,24
10537,24
11417,24
6585,24
6724,24
3972,24
9074,24
2520,24
3229,25
14138,25
4447,25
2166,25
5934,25
4473,25
5462,25
5712,25
4611,25
4596,25
306,25
10832,25
9143,25
12246,25
12508,25
12112,25
7755,25
2159,25
2158,25
4275,25
5663,25
8936,25
6171,25
1760,25
11764,25
3363,25
7120,25
9271,25
7921,25
6951,25
4201,25
2974,25
1894,25
3160,25
4324,25
5188,25
11612,25
4117,25
729,25
8377,25
1428,25
1358,25
5112,25
11709,25
422,25
14271,25
8067,25
13896,25
6522,25
12975,25
11840,25
11904,25
5222,25
7472,25
11346,25
11192,25
5092,25
8915,25
4918,25
11358,25
6671,25
1033,25
11429,25
7470,25
10711,25
1404,25
8700,25
4337,25
8581,25
10061,25
10950,25
8046,25
9441,25
11863,25
8878,25
11647,25
4931,25
7535,25
1402,25
9621,25
7581,25
1893,25
1351,25
7298,25
2204,25
10772,25
307,25
4540,25
2825,25
8932,25
10596,25
2286,25
5417,25
12970,25
9915,25
1532,25
5353,25
5282,25
5337,25
3481,25
4407,25
6325,25
1017,25
210,25
3124,25
4056,25
14298,25
12083,25
3393,25
12653,25
3101,25
4625,25
2630,25
5821,25
11593,25
1385,25
5597,25
11951,25
7428,25
12220,25
8014,25
5693,25
2337,25
5288,25
3988,25
4001,25
10340,25
11640,25
1962,25
7852,25
5973,25
10840,25
1068,25
9257,25
9278,25
10673,25
4481,25
10042,25
156,25
3472,25
2164,25
11229,25
2001,25
2952,25
3076,25
3762,25
3861,25
299,25
10395,25
10605,25
1398,25
11622,25
2075,25
8739,25
3479,25
6099,25
9430,25
3078,25
3010,25
4633,25
7604,25
3471,25
13023,25
9880,25
7098,25
1751,25
9382,25
2989,25
2265,25
7037,25
4372,25
3999,25
8734,25
6702,25
1953,25
5902,25
6376,25
5572,25
3113,25
7062,25
597,25
166,25
13120,25
12070,25
10549,25
10610,25
12330,25
13081,25
7698,25
6184,25
10352,25
11983,25
2714,25
12514,25
9638,25
2454,25
5357,25
10175,25
10437,25
90,25
1771,25
2009,25
1167,25
1232,25
9336,25
13707,25
7240,25
9420,25
11061,25
6243,25
11964,25
11490,25
9121,25
62,25
128,25
9779,25
9248,25
6458,25
6832,25
11001,25
1729,25
10264,25
8483,25
8243,25
5882,25
13889,25
8055,25
9198,25
4608,25
6814,25
290,25
2648,25
11288,25
5068,25
6588,25
1921,25
5347,25
12940,25
11517,25
376,25
1803,25
13516,25
10782,25
6292,25
8722,25
11128,25
3991,25
4550,25
2085,25
12348,25
10630,25
4358,25
5125,25
4920,25
8149,25
525,25
9531,25
69,25
8109,25
3133,25
7753,25
11022,25
11100,25
3458,25
321,25
14324,25
4326,25
36,25
5581,25
5888,25
4804,25
2783,25
11793,25
6895,25
2167,25
11681,25
6471,25
2811,25
8524,25
6903,25
1303,25
3376,25
13884,25
3911,25
6999,25
1430,25
187,25
7699,25
11847,25
1929,25
7636,25
652,25
1419,25
7981,25
7956,25
11069,25
11289,25
3773,25
6848,25
9436,25
4556,25
9886,25
9864,25
3055,25
3123,25
3829,25
4078,25
9681,25
10975,25
4147,25
10992,25
9465,25
7350,25
3741,25
5114,25
369,25
9753,25
3973,25
2468,25
5736,25
360,25
14,25
4559,25
8653,25
713,25
3093,25
6459,25
8417,25
4664,25
8813,25
1047,25
176,25
123,25
9876,25
9766,25
1125,25
2623,25
841,25
9015,25
4092,25
8668,25
7732,25
1313,25
8010,25
8391,25
9101,25
2494,25
2754,25
3771,25
2095,25
6944,25
2586,25
10176,25
1994,25
12566,25
178,25
8379,25
4957,25
7416,25
12343,25
1164,25
2532,25
10232,25
12451,25
9392,25
8387,25
4765,25
5250,25
11334,25
1218,25
3997,25
567,25
8374,25
4157,25
861,25
2117,25
6974,25
7645,25
4404,25
9177,25
7233,25
1743,25
534,25
6005,25
12817,25
8147,25
11075,25
5220,25
9077,25
3667,25
10889,25
11039,25
2505,25
7515,25
10453,25
8868,25
9172,25
9049,25
13065,25
8343,25
9727,25
2560,25
8039,25
8108,25
1547,25
6558,25
8207,25
7299,25
2696,25
2773,25
10283,25
5825,25
3096,25
6440,25
7280,25
2082,25
11685,25
7831,25
6439,25
1923,25
556,25
11273,25
431,25
5448,25
10786,25
1201,25
4626,25
7937,25
1510,25
12143,25
4910,25
9865,25
9268,25
8103,25
7833,25
13015,25
13191,25
11366,25
4462,25
493,25
2802,25
5168,25
9074,25
11407,25
3713,25
7110,25
7326,25
5641,25
1382,25
8031,25
5861,25
9841,25
11590,25
624,25
8971,25
818,25
1339,25
6516,25
9550,25
8096,25
4502,25
11203,25
199,25
3334,25
2520,25
11422,25
8376,25
246,25
6429,25
6029,25
9226,25
10874,25
1833,25
6468,25
6068,25
6982,25
5684,25
8286,25
6855,25
1044,25
4567,25
4474,25
1054,25
11911,25
8900,25
7244,25
1207,25
9481,25
2093,25
4293,25
65,25
9294,25
5360,25
4527,25
9426,25
1594,25
7959,25
1933,25
2324,25
6821,25
8176,25
8260,25
4441,25
3054,25
11579,25
4236,25
3673,25
1133,25
8743,25
635,25
3612,25
12168,25
13584,25
5110,25
943,25
1524,25
9924,25
1468,25
5628,25
7010,25
3812,25
5919,25
5604,25
8665,25
12755,25
11785,25
12238,25
3899,25
12769,25
6969,25
478,25
4492,25
9300,25
9473,25
8933,25
6158,25
12564,25
5248,25
3814,25
7003,25
3828,25
9026,25
2601,25
3316,25
12612,25
2272,25
10115,25
11455,25
11693,25
3521,25
11012,25
6353,25
442,25
11119,25
12102,25
4766,25
5083,25
4170,25
649,25
9933,25
5177,25
1582,25
11921,25
11561,25
2966,25
2569,25
4379,25
3941,25
7844,25
7736,25
8860,25
5343,25
12448,25
520,25
4803,25
3349,25
4833,25
4858,25
10213,25
1289,25
10699,25
13268,25
3370,25
757,25
11710,25
601,25
671,25
12908,25
4247,25
6913,25
9409,25
3552,25
9104,25
6790,25
8728,25
5438,25
2963,25
10870,25
7872,25
9585,25
1606,25
8910,25
8141,25
11345,25
10682,25
8078,25
13043,25
8650,25
5397,25
6823,25
7122,25
4433,25
1072,25
4666,25
12620,25
8712,25
8276,25
5953,25
7596,25
8820,25
3336,25
4589,25
7409,25
3764,25
5377,25
11286,25
5011,25
8903,25
3801,25
3823,25
8586,25
9483,25
257,25
12722,25
3077,25
5074,25
7900,25
425,25
1293,25
10278,25
461,25
775,25
7366,25
6817,25
5323,25
8129,25
13367,25
8794,25
13161,25
3871,25
10593,25
6095,25
4800,25
2590,25
10160,25
5596,25
12159,25
8349,25
11496,25
6370,25
8081,25
10631,25
6147,25
2900,25
8225,25
9387,25
10050,25
12742,25
12285,25
585,25
8118,25
2665,25
10245,25
12394,25
2448,25
12079,25
6196,25
11481,25
8558,25
7095,25
5779,25
4041,25
4763,25
12036,25
4165,25
5640,25
8298,25
8589,25
10432,25
11287,25
10020,25
2683,25
2548,25
5542,25
8604,25
930,25
5268,25
1379,25
1037,25
1377,25
2813,25
766,25
1128,25
5436,25
4512,25
4021,25
502,25
3177,25
744,25
11122,25
5538,25
8535,25
1822,25
2400,25
3447,25
2048,25
3473,25
9043,25
2361,25
8226,25
11392,25
7991,25
9799,25
5649,25
10918,25
4569,25
1149,25
1814,25
6512,25
8195,25
8678,25
8730,25
2502,25
1716,25
2973,25
5096,25
6181,25
1306,25
6410,25
2229,25
5714,25
4296,25
5763,25
1991,25
12554,25
2139,25
9538,25
1840,25
8327,25
7127,25
3906,25
7406,25
174,25
11272,25
1562,25
2553,25
13114,25
4648,25
6330,25
1282,25
301,25
3850,25
5026,25
9377,25
2105,25
1429,25
11531,25
5039,25
6807,25
1029,25
10362,25
11038,25
7310,25
3314,25
5586,25
11684,25
6124,25
7250,25
1557,25
6871,25
12475,25
1086,25
1449,25
3000,25
7534,25
2849,25
7457,25
2382,25
2101,25
2059,25
241,25
3903,25
3585,25
5651,25
3601,25
11165,25
5055,25
10085,25
1560,25
7891,25
4008,25
4246,25
2585,25
6732,25
3027,25
3730,25
3686,25
7902,25
3795,25
10358,25
1373,25
11630,25
11885,25
4286,25
9559,25
4013,25
512,25
7200,25
5768,25
2644,25
5122,25
2191,25
11806,25
8837,25
10159,25
9013,25
1749,25
216,25
8829,25
3277,25
6841,25
11452,25
1904,25
6168,25
894,25
5850,25
4914,25
7707,25
1689,25
6648,25
6776,25
12524,25
5697,25
6417,25
6479,25
10792,25
7294,25
11323,25
7315,25
217,25
7512,25
11432,25
5896,25
9665,25
2024,25
10974,25
6237,25
10338,25
856,25
1758,25
12772,25
10912,25
11945,25
11028,25
2134,25
6326,25
2933,25
4653,25
10065,25
4997,25
8866,25
7599,25
3293,25
5658,25
11995,25
8652,25
3185,25
7035,25
7071,25
3429,25
5349,25
8312,25
7931,25
10537,25
3058,25
6765,25
9148,25
12312,25
11417,25
8110,25
13504,25
6724,25
4545,25
2660,25
5302,25
3972,25
2029,25
6991,25
6148,25
6437,25
1748,25
5278,25
978,25
7394,25
12204,25
4447,26
4473,26
4611,26
4596,26
12246,26
12508,26
2158,26
5663,26
8936,26
11764,26
7120,26
3363,26
7921,26
4201,26
4324,26
729,26
8377,26
1358,26
5112,26
11709,26
422,26
6522,26
13896,26
11904,26
5222,26
5092,26
4918,26
1033,26
11429,26
1404,26
8581,26
10061,26
10950,26
9441,26
11863,26
9621,26
1893,26
307,26
8932,26
5417,26
12970,26
1532,26
5353,26
5282,26
5337,26
4407,26
6325,26
4056,26
12083,26
3393,26
4625,26
2630,26
11951,26
7428,26
12220,26
5288,26
7852,26
12204,26
1068,26
9257,26
9278,26
10042,26
156,26
3076,26
299,26
10395,26
1398,26
8739,26
3479,26
6099,26
9430,26
3078,26
4633,26
7604,26
13023,26
1751,26
9382,26
2989,26
2265,26
1953,26
5902,26
6376,26
5572,26
3113,26
7062,26
166,26
13120,26
13081,26
10352,26
2454,26
10175,26
1771,26
7240,26
9121,26
9779,26
9248,26
6458,26
11001,26
1729,26
10264,26
8483,26
8243,26
5882,26
13889,26
9198,26
4608,26
6814,26
290,26
11288,26
1803,26
11517,26
376,26
13516,26
10782,26
6292,26
12348,26
10630,26
4358,26
525,26
8109,26
3133,26
7753,26
14324,26
36,26
5888,26
2783,26
6471,26
2811,26
6903,26
3376,26
13884,26
1430,26
7699,26
11847,26
7636,26
652,26
7956,26
11069,26
3773,26
9436,26
9886,26
9864,26
3829,26
9681,26
10975,26
4147,26
10992,26
7350,26
5114,26
369,26
9753,26
2468,26
5736,26
8653,26
8417,26
4664,26
1047,26
9015,26
123,26
1313,26
7732,26
8010,26
9101,26
2494,26
2754,26
3771,26
2095,26
6944,26
2586,26
10176,26
178,26
4957,26
2532,26
12451,26
4765,26
5250,26
11334,26
1218,26
861,26
7233,26
1743,26
534,26
6005,26
12817,26
3667,26
11039,26
2505,26
7515,26
10453,26
9172,26
13065,26
9727,26
10283,26
5825,26
3096,26
7280,26
2082,26
6439,26
5448,26
4626,26
9865,26
9268,26
8103,26
7833,26
13015,26
11366,26
5168,26
7110,26
1382,26
8031,26
11590,26
624,26
8971,26
1339,26
8096,26
11203,26
3334,26
11422,26
8376,26
6429,26
10874,26
6982,26
8286,26
4474,26
8900,26
7244,26
9481,26
2093,26
4293,26
65,26
9294,26
5360,26
4527,26
9426,26
1594,26
7959,26
6821,26
4441,26
8260,26
3054,26
1133,26
8743,26
635,26
3612,26
12168,26
13584,26
943,26
1524,26
5628,26
7010,26
3812,26
5919,26
8665,26
11785,26
3899,26
9473,26
5248,26
9026,26
2272,26
12612,26
10115,26
11455,26
11693,26
6353,26
4170,26
2966,26
3941,26
7844,26
8860,26
12448,26
4803,26
4833,26
4858,26
10213,26
10699,26
601,26
3370,26
757,26
6437,26
4247,26
9409,26
3552,26
9104,26
6790,26
8728,26
5438,26
2963,26
10870,26
9585,26
1606,26
8078,26
8650,26
5397,26
6823,26
4433,26
4666,26
12620,26
8712,26
8276,26
8820,26
3336,26
4589,26
7409,26
3764,26
5377,26
257,26
9483,26
7900,26
425,26
1293,26
461,26
775,26
7366,26
6817,26
13367,26
8794,26
3871,26
6095,26
10160,26
2590,26
12159,26
11496,26
8081,26
12742,26
10050,26
12285,26
6196,26
12036,26
8298,26
11287,26
10020,26
2683,26
5542,26
1379,26
1377,26
2813,26
766,26
1128,26
4512,26
3177,26
11122,26
2048,26
3473,26
2361,26
1149,26
6512,26
8195,26
8730,26
2502,26
1716,26
5096,26
6181,26
6410,26
2229,26
5714,26
4296,26
1991,26
2139,26
9538,26
8327,26
7406,26
1562,26
2553,26
13114,26
5026,26
6807,26
7310,26
3314,26
5586,26
11684,26
1557,26
6871,26
1449,26
3000,26
2849,26
2382,26
2101,26
241,26
3903,26
5651,26
3601,26
11165,26
4008,26
2585,26
3686,26
7902,26
10358,26
1373,26
11885,26
4286,26
4013,26
512,26
7200,26
5122,26
11806,26
9013,26
216,26
11452,26
1904,26
6168,26
894,26
7707,26
1689,26
6648,26
6776,26
6417,26
6479,26
7294,26
11323,26
217,26
5896,26
10974,26
6237,26
10338,26
856,26
10912,26
11945,26
2134,26
6326,26
2933,26
4653,26
10065,26
4997,26
8866,26
3293,26
5658,26
8652,26
7071,26
8312,26
5349,26
7931,26
3058,26
11417,26
12312,26
6991,26
9074,26
1933,26
5278,26
2520,26
9779,27
9248,27
6458,27
11422,27
11001,27
1729,27
8376,27
6429,27
10264,27
1379,27
2813,27
6982,27
5882,27
4596,27
10020,27
766,27
1128,27
12246,27
12508,27
9198,27
8286,27
290,27
6814,27
2683,27
11122,27
11288,27
3473,27
2158,27
1803,27
11517,27
376,27
13516,27
2361,27
5663,27
10782,27
8936,27
3363,27
7120,27
7244,27
1149,27
6512,27
4358,27
8195,27
2502,27
4293,27
5096,27
65,27
525,27
4324,27
5360,27
9426,27
5714,27
729,27
3133,27
8377,27
7959,27
1358,27
6821,27
5278,27
3054,27
36,27
422,27
5888,27
8743,27
2783,27
3612,27
6522,27
12168,27
13584,27
11904,27
3376,27
1524,27
13884,27
2139,27
5092,27
9538,27
5628,27
11847,27
7636,27
652,27
8665,27
1033,27
7956,27
11069,27
7406,27
1562,27
2553,27
7844,27
13114,27
1404,27
9436,27
9886,27
8581,27
10950,27
9441,27
11863,27
9864,27
3829,27
9473,27
10975,27
4147,27
10992,27
9026,27
7350,27
7310,27
5114,27
3601,27
3314,27
2272,27
11684,27
10115,27
6353,27
9621,27
1893,27
2468,27
5736,27
1557,27
6871,27
4170,27
8653,27
307,27
8932,27
8417,27
4664,27
2382,27
1532,27
1047,27
9015,27
5353,27
5282,27
123,27
4407,27
2966,27
2101,27
241,27
7732,27
5651,27
8010,27
3941,27
9101,27
2494,27
2754,27
3771,27
2095,27
6944,27
2586,27
10176,27
12083,27
3393,27
12448,27
4625,27
4858,27
10213,27
2630,27
178,27
601,27
3370,27
11951,27
3686,27
7902,27
7428,27
4247,27
2532,27
1373,27
12451,27
4765,27
9409,27
11334,27
3552,27
4013,27
6790,27
8728,27
5288,27
7200,27
9585,27
1606,27
7233,27
1743,27
5122,27
11806,27
6005,27
12817,27
9278,27
216,27
10042,27
8650,27
11039,27
1904,27
4433,27
7515,27
6168,27
9172,27
4666,27
13065,27
12620,27
10395,27
9727,27
8820,27
3336,27
1398,27
7707,27
1689,27
8739,27
4589,27
3479,27
6099,27
3764,27
6776,27
5377,27
4633,27
11323,27
3096,27
5825,27
217,27
7604,27
7900,27
7280,27
1293,27
461,27
13023,27
1751,27
775,27
2082,27
11287,27
7366,27
5896,27
6817,27
10974,27
6237,27
13367,27
9382,27
2989,27
2265,27
3871,27
1953,27
10338,27
856,27
5448,27
5902,27
6095,27
6376,27
5572,27
10160,27
2590,27
10912,27
11945,27
3113,27
12159,27
7062,27
11496,27
6326,27
8081,27
166,27
13120,27
2933,27
10065,27
12742,27
10050,27
8866,27
12285,27
5658,27
9268,27
8103,27
7833,27
8652,27
13015,27
10352,27
11366,27
2454,27
6196,27
7931,27
1771,27
5168,27
3058,27
9074,27
7110,27
8031,27
11590,27
624,27
8971,27
7240,27
12036,27
1339,27
8298,27
6991,27
8096,27
6437,27
9121,27
2520,27
3334,27
12204,27
4447,28
1377,28
4473,28
10874,28
8483,28
8243,28
4512,28
4611,28
3177,28
13889,28
4608,28
2048,28
4474,28
6292,28
12348,28
8900,28
11764,28
10630,28
9481,28
8730,28
7921,28
4201,28
2093,28
1716,28
6181,28
9294,28
5542,28
6410,28
4527,28
2229,28
8109,28
1594,28
4296,28
7753,28
5112,28
4441,28
8260,28
11709,28
1991,28
14324,28
1133,28
635,28
6471,28
2811,28
6903,28
943,28
5222,28
1430,28
7699,28
7010,28
4918,28
3812,28
8327,28
5919,28
11429,28
11785,28
3773,28
3899,28
5026,28
10061,28
5248,28
6807,28
9681,28
9753,28
369,28
5586,28
12612,28
11455,28
11693,28
1449,28
3000,28
2849,28
5417,28
12970,28
5337,28
1313,28
3903,28
6325,28
8860,28
11165,28
4056,28
4803,28
4833,28
4008,28
2585,28
10699,28
757,28
4957,28
10358,28
12220,28
11885,28
5250,28
4286,28
1218,28
9104,28
512,28
5438,28
861,28
7852,28
2963,28
10870,28
1068,28
9257,28
534,28
9013,28
8078,28
3667,28
156,28
5397,28
3076,28
6823,28
11452,28
2505,28
10453,28
894,28
8276,28
8712,28
299,28
6648,28
7409,28
9430,28
3078,28
6417,28
6479,28
257,28
9483,28
7294,28
10283,28
425,28
8794,28
6439,28
2134,28
4626,28
4653,28
4997,28
3293,28
13081,28
9865,28
7071,28
8312,28
5349,28
10175,28
11417,28
12312,28
1382,28
1933,28
11203,28
13896,28
3229,29
14138,29
2166,29
5934,29
5462,29
5712,29
306,29
10832,29
9143,29
12112,29
7755,29
2159,29
4275,29
6171,29
1760,29
9271,29
6951,29
2974,29
1894,29
3160,29
11612,29
5188,29
4117,29
1428,29
14271,29
8067,29
12975,29
11840,29
7472,29
11346,29
11192,29
8915,29
11358,29
6671,29
7470,29
10711,29
8700,29
4337,29
8046,29
8878,29
11647,29
4931,29
7535,29
1402,29
7581,29
1351,29
7298,29
2204,29
10772,29
4540,29
2825,29
10596,29
2286,29
9915,29
3481,29
1017,29
210,29
3124,29
14298,29
12653,29
3101,29
5821,29
11593,29
1385,29
5597,29
8014,29
5693,29
2337,29
3988,29
4001,29
10340,29
11640,29
1962,29
5973,29
10840,29
10673,29
4481,29
3472,29
2164,29
11229,29
2001,29
2952,29
3762,29
3861,29
10605,29
11622,29
2075,29
3010,29
3471,29
9880,29
7098,29
3999,29
7037,29
4372,29
8734,29
6702,29
597,29
12070,29
10549,29
10610,29
12330,29
7698,29
6184,29
2714,29
11983,29
12514,29
9638,29
5357,29
10437,29
90,29
2009,29
1167,29
1232,29
9336,29
13707,29
9420,29
11061,29
6243,29
11964,29
11490,29
62,29
128,29
6832,29
8055,29
2648,29
5068,29
6588,29
1921,29
5347,29
12940,29
11128,29
8722,29
3991,29
4550,29
2085,29
5125,29
4920,29
8149,29
9531,29
69,29
11022,29
11100,29
3458,29
321,29
5581,29
4326,29
4804,29
11793,29
6895,29
2167,29
11681,29
8524,29
1303,29
3911,29
6999,29
187,29
1929,29
1419,29
7981,29
11289,29
6848,29
4556,29
3055,29
3123,29
4078,29
9465,29
3741,29
3973,29
360,29
14,29
4559,29
713,29
3093,29
6459,29
8813,29
9876,29
176,29
1125,29
9766,29
2623,29
841,29
4092,29
8668,29
8391,29
3521,29
1994,29
12566,29
8379,29
7416,29
12343,29
1164,29
10232,29
9392,29
8387,29
3997,29
567,29
8374,29
4157,29
2117,29
6974,29
7645,29
4404,29
9177,29
8147,29
5220,29
11075,29
9077,29
10889,29
8868,29
9049,29
8343,29
2560,29
8039,29
8108,29
1547,29
6558,29
8207,29
7299,29
2696,29
2773,29
6440,29
11685,29
7831,29
1923,29
556,29
11273,29
431,29
10786,29
1201,29
7937,29
1510,29
12143,29
4910,29
13191,29
4462,29
493,29
2802,29
11407,29
3713,29
7326,29
5641,29
5861,29
9841,29
818,29
6516,29
199,29
4502,29
9550,29
246,29
6029,29
9226,29
1833,29
6468,29
6068,29
5684,29
6855,29
1044,29
4567,29
1054,29
11911,29
1207,29
2324,29
8176,29
11579,29
4236,29
3673,29
5110,29
9924,29
1468,29
5604,29
12755,29
12238,29
12769,29
6969,29
478,29
4492,29
8933,29
6158,29
12564,29
3814,29
7003,29
3828,29
2601,29
3316,29
11012,29
442,29
11119,29
12102,29
4766,29
5083,29
649,29
9933,29
5177,29
1582,29
11921,29
11561,29
2569,29
4379,29
7736,29
5343,29
520,29
3349,29
1289,29
13268,29
11710,29
671,29
12908,29
6913,29
7872,29
8910,29
8141,29
11345,29
10682,29
13043,29
7122,29
1072,29
5953,29
7596,29
11286,29
5011,29
8903,29
3801,29
3823,29
8586,29
12722,29
3077,29
5074,29
10278,29
5323,29
8129,29
13161,29
10593,29
4800,29
5596,29
8349,29
6370,29
10631,29
6147,29
2900,29
8225,29
9387,29
585,29
8118,29
2665,29
10245,29
12394,29
2448,29
12079,29
11481,29
8558,29
7095,29
5779,29
4041,29
4763,29
4165,29
5640,29
8589,29
10432,29
2548,29
8604,29
930,29
5268,29
1037,29
5436,29
4021,29
502,29
744,29
5538,29
8535,29
1822,29
2400,29
3447,29
9043,29
8226,29
11392,29
7991,29
9799,29
5649,29
10918,29
4569,29
1814,29
8678,29
2973,29
1306,29
5763,29
978,29
12554,29
1840,29
7127,29
3906,29
174,29
11272,29
4648,29
6330,29
301,29
1282,29
3850,29
9377,29
2105,29
1429,29
11531,29
5039,29
1029,29
10362,29
11038,29
6124,29
7250,29
12475,29
1086,29
7534,29
7457,29
2059,29
3585,29
5055,29
10085,29
1560,29
7891,29
4246,29
6732,29
3027,29
3730,29
3795,29
11630,29
9559,29
5768,29
2644,29
2191,29
8837,29
10159,29
1749,29
8829,29
3277,29
6841,29
5850,29
4914,29
12524,29
5697,29
10792,29
7315,29
7512,29
11432,29
9665,29
2024,29
1758,29
12772,29
11028,29
7599,29
11995,29
3185,29
7035,29
3429,29
10537,29
6765,29
9148,29
8110,29
13504,29
6724,29
4545,29
2660,29
5302,29
3972,29
2029,29
6148,29
1748,29
9300,29
7394,29
7803,30
6891,30
7407,30
8032,30
558,30
5733,30
4158,30
1012,30
11922,30
2508,30
8526,30
429,30
3360,30
1249,30
5933,30
4544,30
4623,30
5234,30
3770,30
2433,30
8950,30
6349,30
824,30
8871,30
10756,30
7288,30
2749,30
9211,30
9361,30
6785,30
184,30
80,30
10703,30
1159,30
5683,30
1360,30
684,30
5132,30
4772,30
9070,30
5224,30
1145,30
8773,30
6992,30
3192,30
7939,30
4733,30
6519,30
9929,30
5469,30
2678,30
1553,30
1726,30
975,30
5517,30
181,30
882,30
9941,30
4336,30
4135,30
7224,30
2621,30
974,30
206,30
4599,30
11176,30
10524,30
3566,30
7045,30
11200,30
213,30
11151,30
12626,30
10104,30
2304,30
10323,30
13272,30
5104,30
4690,30
3223,30
3775,30
1828,30
4514,30
4791,30
8808,30
12570,30
11104,30
2604,30
5450,30
7153,30
959,30
6861,30
4944,30
5175,30
8439,30
7790,30
10570,30
12836,30
3149,30
2699,30
7834,30
834,30
1983,30
9087,30
4251,30
7638,30
1425,30
864,30
7318,30
2788,30
5113,30
9423,30
10110,30
14049,30
7213,30
9141,30
6443,30
8774,30
6766,30
170,30
1670,30
2582,30
3300,30
4053,30
11850,30
3492,30
2135,30
3134,30
5812,30
9685,30
4259,30
2320,30
11409,30
6839,30
6665,30
7068,30
9193,30
10544,30
8119,30
5829,30
8571,30
13378,30
11275,30
338,30
8315,30
5760,30
7899,30
6011,30
6695,30
5713,30
3325,30
1769,30
8795,30
8323,30
5085,30
631,30
8893,30
14244,30
3621,30
4728,30
6579,30
464,30
1076,30
1691,30
6940,30
7577,30
1570,30
3104,30
7191,30
9558,30
4348,30
2498,30
4194,30
9299,30
7540,30
7854,30
141,30
11808,30
3772,30
5079,30
9572,30
4221,30
8124,30
11999,30
4480,30
1548,30
4671,30
7691,30
5626,30
2947,30
8058,30
4714,30
383,30
2687,30
148,30
4826,30
9758,30
8052,30
8106,30
5010,30
5164,30
8598,30
1613,30
8449,30
8284,30
4345,30
7539,30
388,30
1627,30
3179,30
4676,30
8293,30
627,30
8166,30
9777,30
5745,30
1489,30
4976,30
1998,30
10260,30
4329,30
11901,30
750,30
802,30
3157,30
471,30
10231,30
5854,30
8305,30
5135,30
5471,30
3923,30
12051,30
565,30
619,30
3103,30
4898,30
2339,30
8338,30
2512,30
7762,30
6044,30
424,30
13235,30
6508,30
548,30
3962,30
3732,30
3167,30
10394,30
1832,30
4411,30
11935,30
1202,30
5219,30
8769,30
10192,30
6157,30
6709,30
853,30
7727,30
12750,30
5558,30
7983,30
9221,30
2233,30
2109,30
6629,30
5422,30
2846,30
10172,30
3555,30
10526,30
2888,30
5273,30
8199,30
4419,30
10731,30
5141,30
2726,30
2444,30
5999,30
4261,30
9452,30
7510,30
6456,30
2581,30
6730,30
4510,30
9035,30
10681,30
3274,30
4389,30
2991,30
14115,30
2872,30
6318,30
8886,30
2353,30
1668,30
3069,30
4620,30
1378,30
2550,30
5977,30
9084,30
10450,30
3951,30
9736,30
499,30
8358,30
10653,30
3998,30
11905,30
10383,30
12056,30
6067,30
10077,30
11896,30
11624,30
8775,30
9632,30
4184,30
10282,30
2746,30
9110,30
2816,30
7701,30
4127,30
7721,30
5459,30
8447,30
8126,30
8839,30
9311,30
5920,30
7551,30
9346,30
2155,30
9321,30
8569,30
3478,30
721,30
2910,30
10514,30
10935,30
3524,30
5111,30
3779,30
116,30
8842,30
5216,30
8928,30
9993,30
4101,30
3273,30
5660,30
2455,30
1237,30
6541,30
4590,30
921,30
8704,30
7032,30
500,30
772,30
4076,30
12481,30
7441,30
11405,30
6536,30
2360,30
2916,30
4649,30
6055,30
6464,30
4381,30
3320,30
10708,30
4183,30
9467,30
8996,30
2852,30
3734,30
7962,30
50,30
12868,30
6523,30
3745,30
10516,30
4811,30
8095,30
656,30
639,30
7792,30
10706,30
5855,30
12078,30
6047,30
10957,30
67,30
4848,30
2274,30
2763,30
10326,30
93,30
7536,30
11815,30
3912,30
6214,30
1521,30
8304,30
9046,30
5500,30
5161,30
145,30
5646,30
6934,30
3444,30
4735,30
1736,30
9274,30
3694,30
845,30
12117,30
1027,30
6564,30
5440,30
10617,30
4139,30
6641,30
9944,30
8398,30
1734,30
8539,30
13892,30
64,30
8442,30
6269,30
2496,30
10069,30
9546,30
6577,30
5506,30
761,30
8283,30
1375,30
1767,30
5992,30
1694,30
1892,30
264,30
5218,30
6598,30
1757,30
7111,30
6216,30
11106,30
5444,30
5584,30
9537,30
256,30
2419,30
4785,30
8459,30
2296,30
2776,30
1387,30
7508,30
2315,30
3014,30
9020,30
6893,30
11382,30
2866,30
1414,30
3778,30
13553,30
6423,30
3867,30
4645,30
8642,30
4989,30
8673,30
10952,30
4163,30
6339,30
4796,30
3302,30
10197,30
3894,30
2972,30
4925,30
8406,30
31,30
9047,30
2528,30
5025,30
3028,30
8353,30
9872,30
9861,30
5921,30
4822,30
4860,30
6425,30
6034,30
2366,30
796,30
10698,30
2534,30
2634,30
7726,30
1475,30
426,30
2371,30
6038,30
9034,30
940,30
6964,30
6380,30
2574,30
6721,30
11880,30
7084,30
106,30
8553,30
8511,30
1800,30
7320,30
11351,30
4390,30
4612,30
9932,30
6561,30
8049,30
6604,30
4177,30
4344,30
3653,30
4951,30
1467,30
9033,30
3622,30
2396,30
4325,30
9577,30
2460,30
4990,30
3233,30
6204,30
4658,30
12636,30
11260,30
8384,30
12811,30
1884,30
2091,30
4466,30
5537,30
9345,30
12981,30
6266,30
13926,30
3526,30
10972,30
5900,30
9840,30
4801,30
2555,30
11550,30
9462,30
5458,30
13227,30
4223,30
11108,30
2820,30
1891,30
3322,30
7733,30
7384,30
3848,30
870,30
843,30
3950,30
4410,30
1014,30
5386,30
10181,30
1516,30
4437,30
8719,30
1256,30
6220,30
7953,30
7108,30
9934,30
5912,30
2351,30
12253,30
8980,30
6734,30
6994,30
4697,30
1421,30
3844,30
12941,30
8357,30
672,30
1092,30
4707,30
1053,30
701,30
2347,30
8937,30
8943,30
1624,30
7141,30
4977,30
3576,30
10967,30
1363,30
1070,30
7641,30
1004,30
1775,30
11107,30
370,30
8582,30
101,30
3178,30
2118,30
3892,30
7354,30
8828,30
12808,30
70,30
4924,30
8431,30
8372,30
6416,30
1206,30
8939,30
2140,30
1511,30
9442,30
11329,30
4010,30
2246,30
1197,30
11026,30
6676,30
5217,30
13194,30
6521,30
6174,30
3748,30
8333,30
6203,30
3550,30
4624,30
1394,30
2941,30
1080,30
451,30
253,30
4342,30
10763,30
7719,30
8122,30
8001,30
2609,30
4025,30
9075,30
2006,30
1417,30
4470,30
676,30
4,30
1588,30
9889,30
7615,30
13003,30
2976,30
7887,30
3750,30
75,30
2335,30
4919,30
3276,30
8189,30
1587,30
6631,30
3830,30
6939,30
1949,30
9488,30
5481,30
5617,30
334,30
7871,30
8432,30
5845,30
11309,30
10239,30
219,30
4113,30
233,30
993,30
4120,30
2251,30
1112,30
1106,30
6442,30
5366,30
7603,30
5408,30
6474,30
5492,30
2568,30
6872,30
5418,30
3701,30
3299,30
3304,30
4592,30
8320,30
122,30
7927,30
1999,30
6309,30
4276,30
3009,30
11103,30
169,30
8419,30
3530,30
2661,30
7791,30
35,30
11528,30
5258,30
11469,30
3915,30
7077,30
8742,30
7443,30
6616,30
10146,30
8683,30
4323,30
5744,30
192,30
456,30
1531,30
5786,30
6726,30
795,30
12232,30
9636,30
578,30
3386,30
3682,30
10295,30
11156,30
5750,30
1494,30
3323,30
2112,30
7642,30
683,30
9867,30
3230,30
6481,30
1093,30
2684,30
837,30
10167,30
5702,30
2348,30
12513,30
3407,30
9919,30
8264,30
4168,30
9853,30
9343,30
14128,30
10506,30
9021,30
9132,30
2809,30
333,30
6239,30
117,30
6984,30
4434,30
6335,30
5086,30
6585,30
6466,30
5991,30
880,30
6878,30
4200,30
4534,30
7803,31
6891,31
7407,31
5733,31
558,31
4158,31
1012,31
11922,31
2508,31
429,31
3360,31
1249,31
5933,31
5234,31
8950,31
6349,31
10756,31
2749,31
9361,31
6785,31
184,31
1360,31
684,31
5132,31
4772,31
1145,31
6992,31
7939,31
9929,31
975,31
5517,31
181,31
882,31
9941,31
7224,31
2621,31
974,31
206,31
11176,31
213,31
11151,31
2304,31
10323,31
13272,31
4690,31
1828,31
3775,31
8808,31
12570,31
11104,31
2604,31
5450,31
7153,31
959,31
5175,31
6861,31
4944,31
8439,31
12836,31
1983,31
9087,31
1425,31
2788,31
5113,31
9423,31
14049,31
170,31
3300,31
11850,31
3492,31
2135,31
3134,31
5812,31
4259,31
6839,31
6665,31
9193,31
10544,31
5829,31
8571,31
13378,31
11275,31
6011,31
5713,31
3325,31
1769,31
8795,31
8323,31
5085,31
8893,31
4728,31
464,31
6940,31
7577,31
3104,31
7191,31
4194,31
7854,31
141,31
11808,31
5079,31
9572,31
4221,31
8124,31
11999,31
1548,31
4671,31
5626,31
2947,31
8058,31
383,31
2687,31
4826,31
8052,31
8598,31
7539,31
1627,31
4676,31
8293,31
627,31
4976,31
4329,31
750,31
3157,31
471,31
5471,31
5135,31
3923,31
12051,31
565,31
3103,31
4898,31
2339,31
8338,31
7762,31
3962,31
10394,31
11935,31
5219,31
6157,31
853,31
7727,31
12750,31
5558,31
2233,31
9221,31
2846,31
10172,31
3555,31
10526,31
2888,31
8199,31
4419,31
10731,31
2444,31
5999,31
7510,31
6730,31
9035,31
10681,31
3274,31
2991,31
14115,31
2872,31
8886,31
1668,31
2550,31
5977,31
3951,31
3998,31
11905,31
10383,31
6067,31
8775,31
11896,31
11624,31
9632,31
4184,31
10282,31
9110,31
2816,31
7701,31
4127,31
7721,31
8839,31
7551,31
9346,31
2155,31
9321,31
3478,31
10935,31
3779,31
5216,31
9993,31
1237,31
6541,31
4590,31
921,31
7032,31
2433,31
772,31
6055,31
2916,31
4649,31
6464,31
4381,31
3320,31
10708,31
4183,31
9467,31
50,31
6523,31
3745,31
10516,31
4811,31
8095,31
12078,31
10706,31
5855,31
6047,31
10957,31
67,31
4848,31
2763,31
10326,31
3912,31
1521,31
8304,31
9046,31
5161,31
5646,31
6934,31
4735,31
12117,31
845,31
6564,31
1027,31
5440,31
10617,31
9944,31
6641,31
8398,31
1734,31
64,31
6269,31
2496,31
10069,31
6577,31
5506,31
761,31
8283,31
1375,31
1892,31
264,31
5218,31
7111,31
6216,31
5444,31
256,31
2419,31
2296,31
1387,31
7508,31
2315,31
3014,31
6893,31
2866,31
3778,31
13553,31
6423,31
4645,31
8642,31
4989,31
8673,31
10952,31
4163,31
3894,31
4925,31
9047,31
2528,31
8353,31
9872,31
9861,31
4822,31
6425,31
2634,31
1475,31
426,31
2371,31
6721,31
7084,31
106,31
8511,31
1800,31
11351,31
4612,31
6561,31
6604,31
4344,31
4951,31
1467,31
4325,31
2396,31
6204,31
4658,31
11260,31
8384,31
12811,31
1884,31
4466,31
12981,31
3526,31
10972,31
9840,31
2555,31
11550,31
9462,31
11108,31
2820,31
3322,31
7384,31
3848,31
3950,31
4410,31
10181,31
1256,31
8719,31
7953,31
12253,31
5912,31
2351,31
6994,31
4697,31
8357,31
672,31
1092,31
4707,31
8937,31
8943,31
1624,31
4977,31
3576,31
1363,31
7641,31
1775,31
11107,31
370,31
2118,31
3892,31
4924,31
6416,31
8939,31
2140,31
9442,31
11329,31
2246,31
6676,31
5217,31
13194,31
6521,31
3748,31
8333,31
4624,31
2941,31
1080,31
10763,31
253,31
4342,31
7719,31
8122,31
4025,31
9075,31
2006,31
1417,31
4470,31
4,31
1588,31
13003,31
7887,31
3750,31
75,31
2335,31
3276,31
8189,31
1587,31
6631,31
1949,31
9488,31
5617,31
5845,31
11309,31
4113,31
993,31
1112,31
6442,31
5366,31
7603,31
5408,31
6474,31
2568,31
6872,31
3701,31
122,31
4276,31
11103,31
169,31
8419,31
7791,31
35,31
5258,31
7077,31
4323,31
1531,31
6726,31
795,31
12232,31
9636,31
578,31
5750,31
3323,31
6481,31
2684,31
3407,31
4168,31
9853,31
9343,31
14128,31
10506,31
9021,31
9132,31
333,31
4434,31
6585,31
5991,31
6878,31
4534,31
3576,32
1363,32
8598,32
4158,32
2763,32
1012,32
10326,32
2118,32
4924,32
1521,32
9046,32
3360,32
5646,32
6934,32
4735,32
5234,32
10617,32
5440,32
1027,32
6349,32
6641,32
6785,32
3157,32
471,32
5217,32
5471,32
12051,32
3748,32
8333,32
565,32
684,32
5132,32
8283,32
1080,32
10763,32
264,32
5218,32
4342,32
7111,32
4025,32
256,32
975,32
2006,32
7508,32
3014,32
181,32
1417,32
9941,32
2866,32
4470,32
4,32
6157,32
7224,32
13003,32
974,32
206,32
4645,32
853,32
7887,32
4989,32
7727,32
4163,32
2335,32
3894,32
213,32
9047,32
3276,32
2888,32
8189,32
4419,32
8353,32
1587,32
13272,32
4822,32
2444,32
9035,32
993,32
5450,32
2991,32
426,32
2371,32
8439,32
6721,32
5366,32
8886,32
7084,32
1668,32
8511,32
6474,32
2788,32
2550,32
5113,32
5977,32
4951,32
1467,32
11905,32
10383,32
170,32
122,32
4325,32
2396,32
6067,32
11624,32
10282,32
169,32
8419,32
3492,32
3134,32
4127,32
7791,32
7721,32
5258,32
12981,32
6839,32
6665,32
9193,32
8839,32
10544,32
2155,32
10972,32
4323,32
8571,32
9840,32
1531,32
6726,32
12232,32
578,32
10935,32
2820,32
5750,32
8795,32
3848,32
3323,32
3950,32
8893,32
4410,32
9993,32
464,32
7577,32
2684,32
1256,32
772,32
6055,32
7953,32
4194,32
5912,32
6994,32
14128,32
4381,32
10506,32
9021,32
10708,32
141,32
4434,32
8124,32
4671,32
6523,32
5991,32
10516,32
8058,32
4811,32
8095,32
4534,32
4826,33
6047,33
7803,33
10957,33
67,33
4977,33
6891,33
7407,33
8052,33
558,33
5733,33
4848,33
7641,33
8943,33
1775,33
11107,33
11922,33
370,33
2508,33
7539,33
429,33
3912,33
1627,33
3892,33
4676,33
8293,33
627,33
8304,33
5161,33
1249,33
5933,33
6416,33
4976,33
12117,33
845,33
6564,33
4329,33
9944,33
8950,33
8939,33
2140,33
750,33
9442,33
10756,33
2749,33
8398,33
1734,33
11329,33
9361,33
2246,33
184,33
64,33
6676,33
13194,33
6521,33
5135,33
3923,33
6269,33
1360,33
2496,33
10069,33
6577,33
4772,33
3103,33
4898,33
2339,33
5506,33
761,33
1375,33
1145,33
8338,33
4624,33
2941,33
1892,33
7762,33
253,33
6992,33
7719,33
8122,33
7939,33
6216,33
5444,33
9929,33
3962,33
2419,33
2296,33
9075,33
1387,33
10394,33
5517,33
11935,33
882,33
5219,33
2315,33
6893,33
3778,33
13553,33
1588,33
2621,33
6423,33
11176,33
8642,33
8673,33
10952,33
3750,33
12750,33
5558,33
2233,33
9221,33
75,33
4925,33
2846,33
10172,33
3555,33
11151,33
2528,33
2304,33
10526,33
8199,33
10323,33
10731,33
9872,33
9861,33
6631,33
1949,33
9488,33
5617,33
6425,33
4690,33
5999,33
1828,33
3775,33
5845,33
7510,33
11309,33
6730,33
8808,33
12570,33
4113,33
10681,33
2634,33
11104,33
2604,33
3274,33
7153,33
959,33
14115,33
1475,33
6861,33
5175,33
4944,33
2872,33
12836,33
1112,33
6442,33
7603,33
5408,33
1983,33
9087,33
106,33
1425,33
2568,33
1800,33
6872,33
9423,33
11351,33
3701,33
14049,33
4612,33
3951,33
6561,33
6604,33
4344,33
3998,33
8775,33
9632,33
3300,33
11896,33
4184,33
4276,33
6204,33
4658,33
11103,33
11850,33
2135,33
9110,33
2816,33
11260,33
8384,33
12811,33
1884,33
7701,33
5812,33
4466,33
35,33
4259,33
7077,33
3526,33
1624,33
7551,33
5829,33
9346,33
9321,33
13378,33
3478,33
11275,33
2555,33
11550,33
9462,33
795,33
9636,33
6011,33
8937,33
11108,33
3322,33
5713,33
3325,33
3779,33
1769,33
7384,33
8323,33
5216,33
5085,33
4728,33
10181,33
1237,33
6481,33
6940,33
6541,33
3104,33
4590,33
7191,33
921,33
7032,33
2433,33
8719,33
3407,33
12078,33
12253,33
2916,33
4168,33
4649,33
6464,33
2351,33
9853,33
9343,33
4697,33
3320,33
7854,33
4183,33
9467,33
9132,33
8357,33
11808,33
333,33
5079,33
9572,33
50,33
4221,33
672,33
1092,33
11999,33
6585,33
1548,33
4707,33
3745,33
5626,33
2947,33
6878,33
383,33
10706,33
2687,33
5855,33
8032,34
8526,34
4544,34
4623,34
3770,34
824,34
8871,34
7288,34
9211,34
80,34
10703,34
1159,34
5683,34
9070,34
5224,34
8773,34
3192,34
4733,34
6519,34
5469,34
2678,34
1553,34
1726,34
4336,34
4135,34
4599,34
10524,34
3566,34
7045,34
11200,34
12626,34
10104,34
5104,34
3223,34
4514,34
4791,34
7790,34
10570,34
3149,34
2699,34
7834,34
834,34
4251,34
7638,34
864,34
7318,34
10110,34
7213,34
9141,34
6443,34
8774,34
6766,34
1670,34
2582,34
4053,34
9685,34
2320,34
11409,34
7068,34
8119,34
338,34
8315,34
5760,34
7899,34
6695,34
631,34
14244,34
3621,34
6579,34
1076,34
1691,34
1570,34
9558,34
4348,34
2498,34
9299,34
7540,34
3772,34
4480,34
7691,34
4714,34
148,34
9758,34
8106,34
5010,34
5164,34
1613,34
8449,34
8284,34
4345,34
388,34
3179,34
8166,34
9777,34
5745,34
1489,34
1998,34
10260,34
11901,34
802,34
10231,34
5854,34
8305,34
619,34
2512,34
6044,34
424,34
13235,34
6508,34
548,34
3732,34
3167,34
1832,34
4411,34
1202,34
8769,34
10192,34
6709,34
7983,34
2109,34
6629,34
5422,34
5273,34
5141,34
2726,34
4261,34
9452,34
6456,34
2581,34
4510,34
4389,34
6318,34
2353,34
3069,34
4620,34
1378,34
9084,34
10450,34
9736,34
499,34
8358,34
10653,34
12056,34
10077,34
2746,34
5459,34
8447,34
8126,34
9311,34
5920,34
8569,34
721,34
2910,34
10514,34
3524,34
5111,34
116,34
8842,34
8928,34
4101,34
3273,34
5660,34
2455,34
8704,34
500,34
4076,34
12481,34
7441,34
11405,34
6536,34
2360,34
8996,34
2852,34
3734,34
7962,34
12868,34
656,34
7792,34
639,34
2274,34
93,34
7536,34
11815,34
6214,34
5500,34
145,34
3444,34
1736,34
9274,34
3694,34
4139,34
8539,34
13892,34
8442,34
9546,34
1767,34
5992,34
1694,34
6598,34
1757,34
11106,34
5584,34
9537,34
8459,34
4785,34
2776,34
9020,34
11382,34
1414,34
3867,34
6339,34
4796,34
3302,34
10197,34
2972,34
8406,34
31,34
5025,34
3028,34
5921,34
4860,34
6034,34
2366,34
796,34
10698,34
2534,34
7726,34
6038,34
9034,34
940,34
6964,34
6380,34
2574,34
11880,34
8553,34
7320,34
4390,34
9932,34
8049,34
4177,34
3653,34
9033,34
3622,34
9577,34
2460,34
4990,34
3233,34
12636,34
2091,34
5537,34
9345,34
6266,34
13926,34
5900,34
4801,34
5458,34
13227,34
4223,34
1891,34
7733,34
870,34
843,34
1014,34
5386,34
1516,34
4437,34
6220,34
7108,34
9934,34
8980,34
6734,34
1421,34
3844,34
12941,34
1053,34
701,34
2347,34
7141,34
10967,34
1070,34
1004,34
8582,34
101,34
3178,34
7354,34
8828,34
12808,34
70,34
8431,34
8372,34
1206,34
1511,34
4010,34
1197,34
11026,34
6174,34
6203,34
3550,34
1394,34
451,34
8001,34
2609,34
676,34
9889,34
7615,34
2976,34
4919,34
3830,34
6939,34
5481,34
334,34
7871,34
8432,34
10239,34
219,34
233,34
4120,34
2251,34
1106,34
5492,34
5418,34
3299,34
3304,34
4592,34
8320,34
7927,34
1999,34
6309,34
3009,34
3530,34
2661,34
11528,34
11469,34
3915,34
8742,34
7443,34
6616,34
10146,34
8683,34
5744,34
192,34
456,34
5786,34
3386,34
3682,34
10295,34
11156,34
1494,34
2112,34
7642,34
683,34
9867,34
3230,34
1093,34
837,34
10167,34
5702,34
2348,34
12513,34
9919,34
8264,34
2809,34
6239,34
117,34
6984,34
6335,34
5086,34
6466,34
880,34
4200,34
8106,35
8032,35
10967,35
5164,35
1613,35
1070,35
1004,35
8284,35
7536,35
4345,35
388,35
3178,35
8166,35
9777,35
8431,35
8372,35
1489,35
3444,35
1998,35
3770,35
9274,35
3694,35
10260,35
11901,35
824,35
9211,35
8539,35
4010,35
1197,35
80,35
10703,35
13892,35
1159,35
10231,35
5854,35
6174,35
5683,35
619,35
9546,35
3550,35
1767,35
1394,35
2512,35
6044,35
424,35
451,35
1757,35
6508,35
4733,35
548,35
5584,35
9537,35
2609,35
5469,35
2678,35
3732,35
3167,35
1726,35
8459,35
2776,35
1832,35
4411,35
11382,35
1414,35
10192,35
7615,35
2976,35
4599,35
6339,35
7983,35
10197,35
3566,35
6629,35
5422,35
11200,35
8406,35
4919,35
10104,35
5273,35
5025,35
5141,35
5104,35
2726,35
4860,35
334,35
4261,35
7871,35
3223,35
4514,35
796,35
2534,35
233,35
4120,35
7726,35
6038,35
7790,35
10570,35
9034,35
940,35
1106,35
6318,35
3149,35
11880,35
3069,35
7638,35
4620,35
864,35
7318,35
5418,35
7320,35
4390,35
10110,35
9084,35
8358,35
10653,35
8049,35
6443,35
4177,35
3299,35
4592,35
8320,35
12056,35
3622,35
1670,35
9577,35
7927,35
1999,35
2582,35
10077,35
6309,35
3233,35
3009,35
2746,35
3530,35
2661,35
11528,35
11469,35
2320,35
9345,35
11409,35
5459,35
8447,35
6266,35
7068,35
13926,35
7443,35
8126,35
9311,35
5920,35
192,35
456,35
721,35
4801,35
7899,35
10514,35
3682,35
880,35
6695,35
1494,35
843,35
8928,35
5386,35
14244,35
3273,35
9867,35
3230,35
1076,35
2455,35
1691,35
1093,35
1570,35
3915,35
2498,35
1516,35
4437,35
4076,35
12481,35
7441,35
11405,35
6536,35
2360,35
7108,35
8264,35
9299,35
8980,35
7540,35
1421,35
3844,35
8996,35
12941,35
2852,35
3734,35
2809,35
7962,35
12868,35
6335,35
5086,35
6466,35
7691,35
2347,35
7141,35
9758,36
5010,36
2274,36
8449,36
93,36
8582,36
11815,36
101,36
8526,36
7354,36
8828,36
4200,36
3179,36
12808,36
70,36
6214,36
5745,36
5500,36
145,36
4544,36
4623,36
1206,36
1736,36
1511,36
4139,36
8871,36
7288,36
802,36
11026,36
8305,36
8442,36
6203,36
9070,36
5224,36
5992,36
1694,36
8773,36
13235,36
6598,36
3192,36
8001,36
11106,36
6519,36
1553,36
4785,36
1202,36
9020,36
4336,36
8769,36
676,36
4135,36
9889,36
6709,36
3867,36
10524,36
2109,36
4796,36
3302,36
7045,36
2972,36
31,36
12626,36
3028,36
3830,36
6939,36
5921,36
5481,36
6034,36
2366,36
8432,36
9452,36
6456,36
10698,36
2581,36
4791,36
4510,36
10239,36
219,36
4389,36
2251,36
6964,36
6380,36
2574,36
2699,36
7834,36
834,36
4251,36
2353,36
8553,36
5492,36
1378,36
10450,36
7213,36
9932,36
9736,36
499,36
9141,36
3304,36
3653,36
8774,36
6766,36
9033,36
2460,36
4990,36
4053,36
12636,36
2091,36
9685,36
5537,36
8742,36
6616,36
8119,36
10146,36
8683,36
5900,36
8569,36
5744,36
338,36
8315,36
5786,36
2910,36
5760,36
5458,36
13227,36
3386,36
4223,36
3524,36
5111,36
1891,36
10295,36
7733,36
11156,36
116,36
2112,36
8842,36
870,36
7642,36
683,36
631,36
1014,36
3621,36
4101,36
6579,36
5660,36
837,36
10167,36
9558,36
8704,36
4348,36
5702,36
500,36
2348,36
12513,36
6220,36
9919,36
9934,36
6734,36
3772,36
6239,36
117,36
6984,36
4480,36
1053,36
701,36
4714,36
656,36
7792,36
639,36
148,36
4476,37
4884,37
10694,37
6632,37
188,37
1942,37
6968,37
1415,37
1094,37
1660,37
6202,37
4963,37
5738,37
7949,37
8444,37
7580,37
5670,37
3599,37
8150,37
6107,37
8351,37
2450,37
2504,37
3514,37
6406,37
777,37
1193,37
3563,37
2791,37
7549,37
2459,37
4308,37
1300,37
4371,37
6323,37
3638,37
2349,37
7724,37
3751,37
5879,37
7975,37
7147,37
6525,37
3896,37
1247,37
8584,37
8262,37
893,37
2225,37
12641,37
4809,37
3876,37
4435,37
3719,37
1699,37
898,37
3539,37
541,37
10684,37
1097,37
1397,37
6515,37
7851,37
609,37
1181,37
5040,37
863,37
4923,37
6578,37
8088,37
6862,37
12671,37
5346,37
3584,37
4699,37
6002,37
6026,37
3168,37
4551,37
11174,37
6141,37
7202,37
8068,37
3955,37
6273,37
7610,37
4388,37
9115,37
11041,37
17,37
11166,37
8646,37
4948,37
4974,37
7173,37
6123,37
5591,37
2113,37
2774,37
8529,37
1496,37
4272,37
4554,37
7381,37
2438,37
2789,37
1936,37
6757,37
11359,37
3111,37
8987,37
8378,37
7768,37
4973,37
1204,37
3547,37
3525,37
4222,37
6217,37
13101,37
7464,37
5182,37
3172,37
6544,37
4840,37
2838,37
1714,37
3648,37
8180,37
11514,37
8547,37
3209,37
2899,37
4094,37
5648,37
511,37
8091,37
11019,37
1948,37
113,37
5980,37
977,37
7716,37
79,37
2946,37
1638,37
5461,37
955,37
5894,37
1126,37
5491,37
1847,37
11956,37
9016,37
3394,37
2794,37
7838,37
5666,37
3115,37
6836,37
4583,37
10980,37
2044,37
3044,37
8925,37
126,37
417,37
7270,37
9126,37
3979,37
6039,37
8992,37
3799,37
8726,37
3070,37
4949,37
2464,37
1980,37
8436,37
3561,37
4760,37
7025,37
4710,37
7842,37
3574,37
6788,37
3600,37
3327,37
9533,37
5996,37
8486,37
4415,37
6635,37
7877,37
3518,37
9618,37
4047,37
5616,37
4892,37
8445,37
5316,37
4306,37
1976,37
7210,37
4631,37
6701,37
4901,37
2185,37
5002,37
6019,37
6096,37
6530,37
3650,37
4156,37
7500,37
5978,37
4317,37
7149,37
651,37
5561,37
8076,37
1956,37
5128,37
3435,37
6529,37
7504,37
5566,37
1079,37
8952,37
3735,37
9222,37
1148,37
2641,37
10934,37
819,37
5120,37
8134,37
4382,37
1865,37
2242,37
2040,37
3206,37
6996,37
2426,37
2436,37
267,37
1023,37
8018,37
8092,37
840,37
3061,37
4967,37
5057,37
2842,37
2421,37
8382,37
10254,37
1747,37
3610,37
682,37
1815,37
6301,37
1541,37
1386,37
4549,37
2822,37
3508,37
6873,37
628,37
2551,37
3614,37
2151,37
6876,37
7947,37
7063,37
3980,37
6288,37
5442,37
3443,37
11264,37
10315,37
2249,37
8809,37
8330,37
5425,37
2738,37
5567,37
3380,37
2939,37
6797,37
177,37
1616,37
1246,37
2327,37
6828,37
1515,37
3509,37
203,37
5654,37
2227,37
2751,37
1805,37
668,37
3383,37
849,37
3504,37
2332,37
3232,37
4028,37
2355,37
2384,37
7330,37
3759,37
6215,37
7708,37
4998,37
6414,37
7365,37
2597,37
282,37
616,37
2928,37
5722,37
6794,37
34,37
2381,37
3902,37
6672,37
6102,37
5986,37
4460,37
8335,37
143,37
4995,37
2705,37
8723,37
8913,37
10983,37
1410,37
4703,37
3122,37
4777,37
11332,37
505,37
723,37
6469,37
8857,37
6329,37
6713,37
1602,37
8548,37
5681,37
7784,37
7378,37
6884,37
8974,37
3405,37
9142,37
3644,37
8768,37
4176,37
9921,37
4368,37
9009,37
2297,37
3373,37
3415,37
2840,37
372,37
3856,37
5212,37
6584,37
8002,37
3785,37
6111,37
9107,37
5868,37
6281,37
1472,37
5915,37
1544,37
1858,37
7246,37
6831,37
6436,37
7925,37
6340,37
6271,37
3942,37
8988,37
7079,37
8212,37
1755,37
10364,37
6607,37
5837,37
7621,37
12260,37
1897,37
6130,37
2868,37
7614,37
2087,37
1816,37
5381,37
6492,37
10474,37
7351,37
7088,37
1362,37
4161,37
1454,37
8736,37
1932,37
2656,37
5865,37
8755,37
6827,37
902,37
7263,37
208,37
1773,37
6812,37
6852,37
8239,37
8138,37
4899,37
1922,37
5875,37
6121,37
8614,37
8030,37
10414,37
61,37
8169,37
9072,37
6366,37
7704,37
3301,37
9907,37
5335,37
2887,37
3001,37
6692,37
2935,37
9102,37
3289,37
2187,37
13487,37
2493,37
7509,37
3671,37
2301,37
8271,37
5710,37
10030,37
8875,37
8762,37
6367,37
7820,37
4819,37
8164,37
7415,37
1452,37
2146,37
1825,37
6769,37
6343,37
7948,37
6904,37
1656,37
3864,37
13052,37
5482,37
2449,37
4069,37
6854,37
2189,37
10732,37
6042,37
2127,37
7832,37
8550,37
6646,37
2733,37
4525,37
2037,37
5749,37
2812,37
663,37
4844,37
2523,37
5910,37
4688,37
4759,37
5203,37
347,37
6851,37
7374,37
3910,37
8329,37
5473,37
4039,37
3402,37
730,37
1333,37
577,37
5788,37
6718,37
3872,37
300,37
5819,37
4074,37
2154,37
7766,37
162,37
2861,37
2428,37
8881,37
2074,37
9700,37
8250,37
3291,37
5487,37
2489,37
2627,37
8634,37
5587,37
5115,37
336,37
5277,37
4050,37
956,37
4634,37
4806,37
3898,37
2119,37
4696,37
291,37
7469,37
2706,37
272,37
5672,37
763,37
9118,37
2441,37
3278,37
13757,37
5284,37
8421,37
3954,37
1841,37
2365,37
1941,37
2346,37
5614,37
1265,37
7414,37
10580,37
838,37
5547,37
6810,37
7938,37
1254,37
7530,37
1671,37
8156,37
3310,37
8687,37
3422,37
5470,37
5704,37
7866,37
636,37
3724,37
7903,37
132,37
8643,37
7183,37
5423,37
5618,37
4091,37
1883,37
3075,37
3270,37
7926,37
5892,37
3428,37
6197,37
5664,37
149,37
4655,37
3960,37
5759,37
6307,37
2526,37
907,37
2729,37
4132,37
2073,37
7091,37
8404,37
9475,37
5303,37
1838,37
1052,37
7393,37
3047,37
11401,37
3256,37
2605,37
3689,37
539,37
4378,37
8630,37
7282,37
7999,37
10007,37
1778,37
8063,37
9085,37
9760,37
5637,37
6063,37
532,37
2552,37
8409,37
5231,37
9127,37
6499,37
4182,37
3226,37
2326,37
7576,37
3766,37
5453,37
8476,37
7313,37
909,37
8056,37
1655,37
7133,37
5157,37
1843,37
2254,37
666,37
6961,37
7739,37
8593,37
4609,37
5097,37
6552,37
2333,37
1783,37
4581,37
4190,37
5485,37
2915,37
5689,37
4468,37
4797,37
4167,37
2980,37
6024,37
1968,37
10255,37
1781,37
1558,37
2362,37
5599,37
6405,37
10680,37
152,37
6744,37
1,37
987,37
7881,37
3071,37
7053,37
2370,37
7827,37
7973,37
7104,37
1753,37
573,37
3126,37
5328,37
1124,37
7112,37
1335,37
41,37
9028,37
10896,37
6947,37
4888,37
2912,37
926,37
5794,37
7657,37
5833,37
3946,37
9583,37
1298,37
8527,37
6023,37
2271,37
4375,37
7266,37
1486,37
6717,37
2046,37
806,37
7164,37
5087,37
6348,37
2940,37
5018,37
8202,37
4142,37
2851,37
5852,37
8826,37
2778,37
1028,37
5266,37
6652,37
406,37
6290,37
2745,37
3013,37
7717,37
10066,37
3976,37
7656,37
2562,37
1478,37
1713,37
5730,37
2559,37
2901,37
3008,37
2260,37
4061,37
7214,37
3634,37
4278,37
1308,37
284,37
3330,37
12211,37
9702,37
8802,37
6030,37
910,37
8654,37
8027,37
4150,37
179,37
6518,37
221,37
8360,37
5088,37
6319,37
12119,37
3362,37
4579,37
13187,37
4426,37
1071,37
6901,37
4416,37
1885,37
2756,37
3341,37
6514,37
8487,37
648,37
5723,37
2521,37
262,37
6251,37
4814,37
3128,37
790,37
8236,37
6706,37
6590,37
7795,37
6751,37
6338,37
5226,37
743,37
11759,37
3782,37
10269,37
2294,37
1931,37
3002,37
7357,37
6289,37
2144,37
2016,37
1546,37
1623,37
2257,37
1930,37
2160,37
244,37
8698,37
4672,37
5331,37
6570,37
3411,37
5433,37
1881,37
1051,37
6900,37
7573,37
6658,37
7601,37
8602,37
5327,37
8080,37
8480,37
10898,37
7159,37
3213,37
5244,37
5447,37
3708,37
1766,37
4060,37
6772,37
8898,37
4726,37
5483,37
5743,37
901,37
7445,37
2115,37
3579,37
7561,37
6715,37
455,37
1330,37
4233,37
7498,37
637,37
6260,37
6864,37
1272,37
5016,37
2106,37
1900,37
3237,37
962,37
2829,37
8211,37
4343,37
4294,37
4240,37
5998,37
2734,37
11854,37
1873,37
3677,37
3794,37
1433,37
2602,37
8611,37
5306,37
7471,37
2018,37
732,37
7029,37
3698,37
151,37
6110,37
4496,37
3459,37
13264,37
10273,37
415,37
4643,37
5015,37
7179,37
7296,37
7943,37
377,37
1134,37
8345,37
6310,37
7146,37
2638,37
8364,37
12693,37
8251,37
8822,37
7578,37
8162,37
2238,37
484,37
11807,37
10397,37
1829,37
645,37
8033,37
3132,37
6118,37
2236,37
4229,37
8840,37
2576,37
5911,37
2020,37
8677,37
3315,37
5936,37
4459,37
1213,37
2531,37
6960,37
3064,37
6250,37
8951,37
1484,37
3885,37
832,37
5935,37
4752,37
8682,37
2125,37
173,37
4600,37
5407,37
6654,37
315,37
7121,37
1963,37
911,37
967,37
3004,37
7929,37
2530,37
5780,37
6563,37
4912,37
131,37
309,37
5906,37
8806,37
5541,37
7155,37
6336,37
4144,37
1463,37
2399,37
3757,37
195,37
445,37
1357,37
6164,37
163,37
6802,37
6213,37
1240,37
8224,37
6476,37
7588,37
6100,37
2615,37
7802,37
7026,37
7176,37
4232,37
238,37
4218,37
8733,37
7631,37
2057,37
1263,37
6206,37
8308,37
4303,37
134,37
8473,37
5622,37
4104,37
4225,37
10637,37
2517,37
6937,37
8287,37
8934,37
194,37
509,37
8663,37
8517,37
172,37
905,37
7651,37
6438,37
2031,37
589,37
1507,37
7879,37
5955,37
10556,37
7734,37
6764,37
5181,37
6580,37
4965,37
318,37
731,37
8337,37
7345,37
794,37
5923,37
5784,37
2190,37
7897,37
2035,37
8861,37
7128,37
4992,37
3907,37
4607,37
515,37
2923,37
3502,37
3873,37
4555,37
6244,37
6048,37
1252,37
8334,37
4402,37
6378,37
82,37
7138,37
5839,37
8941,37
8217,37
2878,37
2147,37
1471,37
1285,37
8502,37
1032,37
2070,37
5150,37
4362,37
7423,37
1368,37
4576,37
4639,37
2235,37
7544,37
3401,37
5958,37
2298,37
8554,37
4081,37
3063,37
3412,37
835,37
7097,37
847,37
3043,37
3663,37
6887,37
968,37
8136,37
3595,37
2978,37
6509,37
4526,37
7495,37
5213,37
11087,37
4753,37
6907,37
7692,37
4907,37
2316,37
2268,37
1122,37
4507,37
1020,37
4743,37
8233,37
8870,37
281,37
5054,37
4418,37
2177,37
4173,37
136,37
7004,37
4046,37
6151,37
7363,37
2107,37
5968,37
7284,37
3426,37
1622,37
2969,37
3722,37
3283,37
7946,37
7399,37
1625,37
3747,37
4454,37
5241,37
8306,37
3855,37
7145,37
1977,37
3143,37
8852,37
1301,37
2834,37
4354,37
1062,37
1230,37
8570,37
8256,37
3022,37
4751,37
4398,37
1283,37
925,37
7620,37
707,37
873,37
12969,37
384,37
748,37
317,37
2340,37
2970,37
5233,37
3259,37
4531,37
1604,37
1384,37
1867,37
3889,37
5513,37
6263,37
2558,37
1200,37
4816,37
7015,37
7050,37
2050,37
5052,37
215,37
7593,37
8619,37
1439,37
2918,37
7290,37
401,37
8362,37
6091,37
2914,37
3567,37
3961,37
2056,37
7773,37
646,37
8223,37
3817,37
5394,37
472,37
3562,37
2629,37
7105,37
3255,37
3569,37
1599,37
6489,37
8727,37
1844,37
10804,37
2220,37
6560,37
7203,37
8945,37
4837,37
382,37
1451,37
209,37
5382,37
6959,37
5847,37
1887,37
7261,37
6576,37
8574,37
1772,37
356,37
6699,37
1031,37
367,37
5521,37
5753,37
7249,37
78,37
3219,37
5479,37
3739,37
8924,37
4395,37
2962,37
751,37
5562,37
1934,37
6106,37
3011,37
1995,37
1537,37
3400,37
6085,37
6256,37
2083,37
792,37
8341,37
5021,37
8693,37
746,37
8017,37
8500,37
6463,37
13016,37
4693,37
3949,37
1818,37
12950,37
2068,37
592,37
6064,37
6194,37
8956,37
4996,37
1692,37
7161,37
4445,37
7222,37
7909,37
4093,37
1096,37
3257,37
11335,37
7628,37
3205,37
1856,37
4713,37
11040,37
7808,37
4721,37
160,37
3312,37
3904,37
3536,37
2451,37
8887,37
6403,37
4855,37
492,37
7080,37
7151,37
1119,37
5840,37
3963,37
1824,37
8317,37
7482,37
1702,37
673,37
5976,37
8836,37
8190,37
1725,37
7230,37
2278,37
9073,37
4680,37
7314,37
7352,37
2671,37
7703,37
6755,37
5667,37
983,37
1481,37
982,37
7455,37
8495,37
11437,37
4439,37
867,37
8325,37
7421,37
7878,37
7935,37
6775,37
6153,37
6075,37
2688,37
4580,37
5987,37
4938,37
1476,37
4204,37
3441,37
4123,37
115,37
1318,37
8177,37
447,37
3656,37
1083,37
12379,37
4832,37
5427,37
6413,37
4301,37
1823,37
7308,37
2017,37
10735,37
8235,37
7163,37
4322,37
4494,37
8926,37
6192,37
2344,37
3117,37
275,37
7616,37
7,37
2036,37
7157,37
8045,37
6300,37
5811,37
4155,37
2469,37
6679,37
8407,37
6538,37
5606,37
12087,37
8671,37
5695,37
7652,37
3189,37
6819,37
2677,37
3928,37
6223,37
5972,37
1721,37
4367,37
385,37
4788,37
7693,37
328,37
7674,37
7265,37
4287,37
7569,37
3264,37
4189,37
6346,37
11875,37
2390,37
6255,37
3050,37
8171,37
6829,37
2222,37
2624,37
7863,37
4128,37
1034,37
7437,37
5754,37
1434,37
8467,37
5694,37
4981,37
3995,37
3669,37
5795,37
1364,37
582,37
1514,37
1266,37
2307,37
5589,37
8664,37
5034,37
4125,37
674,37
5321,37
5205,37
488,37
810,37
11666,37
1091,37
9052,37
2653,37
4941,37
7862,37
4011,37
6975,37
9128,37
3391,37
7969,37
1222,37
919,37
8876,37
8788,37
6303,37
981,37
2432,37
1403,37
4698,37
10839,37
1442,37
1199,37
4373,37
8497,37
7853,37
3164,37
7758,37
6643,37
6073,37
1059,37
2334,37
8617,37
8261,37
2462,37
936,37
971,37
12333,37
7829,37
8288,37
8272,37
1869,37
7680,37
8659,37
1809,37
4242,37
6377,37
7737,37
4602,37
2927,37
4524,37
44,37
3604,37
1581,37
1659,37
6600,37
5060,37
3032,37
6094,37
7682,37
547,37
4116,37
4869,37
4406,37
7106,37
7867,37
6117,37
3712,37
8116,37
1493,37
1015,37
690,37
1120,37
2372,37
3598,37
948,37
2411,37
7218,37
4273,37
6012,37
71,37
3342,37
8389,37
4302,37
1320,37
3421,37
49,37
7516,37
5046,37
3919,37
4859,37
3041,37
784,37
4115,37
6483,37
8183,37
5598,37
653,37
5916,37
8867,37
2240,37
6586,37
11920,37
5127,37
2764,37
2503,37
535,37
5167,37
1549,37
5560,37
8993,37
6933,37
4868,37
2514,37
8044,37
7344,37
2886,37
2633,37
4136,37
10740,37
4629,37
5255,37
8542,37
2439,37
1238,37
8909,37
4420,37
2758,37
9353,37
8854,37
6860,37
8267,37
2374,37
1811,37
8397,37
8927,37
1462,37
3531,37
5615,37
1074,37
8405,37
5274,37
709,37
1458,37
8540,37
4668,37
7850,37
7439,37
5813,37
658,37
1392,37
823,37
5990,37
2731,37
3811,37
8079,37
2000,37
8578,37
5509,37
5871,37
2592,37
8994,37
2401,37
7207,37
1278,37
2884,37
8907,37
450,37
1677,37
8561,37
4377,37
3790,37
7044,37
5475,37
11020,37
7238,37
6723,37
797,37
3090,37
3286,37
6892,37
4030,37
850,37
8475,37
8632,37
3723,37
3072,37
4018,37
9868,37
1733,37
6009,37
5089,37
8793,37
7349,37
6916,37
10625,37
3522,37
2741,37
3406,37
4635,37
4535,37
8648,37
2276,37
6286,37
8565,37
3403,37
6395,37
6261,37
6613,37
2378,37
2088,37
5930,37
752,37
3105,37
8931,37
4193,37
1877,37
29,37
664,37
1160,37
7608,37
2114,37
89,37
3045,37
3351,37
1329,37
9902,37
1882,37
3938,37
4778,37
1686,37
5171,37
3461,37
6502,37
5242,37
1754,37
375,37
2753,37
6228,37
8311,37
364,37
3102,37
4739,37
9096,37
3683,37
4360,37
319,37
4883,37
4853,37
602,37
1534,37
3466,37
4773,37
7848,37
4346,37
4700,37
8390,37
3033,37
7087,37
2416,37
1731,37
3704,37
1951,37
5867,37
5551,37
7058,37
8057,37
119,37
8859,37
1596,37
430,37
1393,37
2217,37
4359,37
4505,37
2833,37
785,37
6341,37
7162,37
6888,37
8204,37
5657,37
2832,37
441,37
7189,37
1939,37
1450,37
4817,37
1185,37
820,37
5511,37
4279,37
9416,37
8073,37
7426,37
6689,37
7797,37
2141,37
1972,37
7434,37
1022,37
7843,37
4249,37
6545,37
4265,37
99,37
1573,37
6759,37
6575,37
2646,37
7920,37
8896,37
5608,37
8510,37
2388,37
3645,37
7485,37
2579,37
198,37
1258,37
2096,37
2231,37
7767,37
5645,37
2617,37
4917,37
1770,37
3308,37
3208,37
933,37
6017,37
1525,37
1661,37
9925,37
4015,37
1182,37
8989,37
171,37
5243,37
12095,37
8452,37
9099,37
11780,37
7271,37
1821,37
10649,37
139,37
2510,37
8005,37
5983,37
1457,37
7858,37
3935,37
10805,37
4764,37
1598,37
1556,37
1105,37
6098,37
8999,37
8094,37
3940,37
508,37
5332,37
8519,37
5761,37
434,37
5527,37
7192,37
6496,37
6180,37
7718,37
4943,37
6754,37
427,37
9094,37
5677,37
2567,37
3486,37
6596,37
3548,37
2635,37
8061,37
359,37
1839,37
1383,37
1796,37
6681,37
39,37
11480,37
7177,37
4037,37
7293,37
3990,37
4930,37
7198,37
3947,37
6297,37
4353,37
1271,37
4197,37
4650,37
8922,37
8551,37
1381,37
2343,37
2860,37
10058,37
5828,37
7359,37
8579,37
3092,37
9088,37
1108,37
3395,37
1643,37
5798,37
4786,37
4417,37
8848,37
4618,37
25,37
7371,37
6050,37
11688,37
2672,37
1327,37
4627,37
8413,37
7688,37
5808,37
5776,37
283,37
4880,37
2196,37
3866,37
2618,37
1487,37
2456,37
5225,37
7987,37
8145,37
8572,37
4175,37
1153,37
1413,37
2405,37
8303,37
3607,37
3381,37
5884,37
1706,37
355,37
7322,37
8410,37
8914,37
3503,37
7036,37
8515,37
2208,37
1322,37
9948,37
702,37
6601,37
1270,37
4594,37
5305,37
6357,37
10433,37
5215,37
3397,37
2481,37
211,37
2387,37
5960,37
6359,37
8694,37
4467,37
4761,37
6756,37
2379,37
118,37
2680,37
2563,37
1253,37
2797,37
11140,37
7317,37
2546,37
714,37
5734,37
5163,37
737,37
4678,37
5726,37
617,37
4148,37
3589,37
6978,37
7253,37
3477,37
1632,37
8833,37
5974,37
4166,37
1178,37
6716,37
570,37
2100,37
625,37
4295,37
4191,37
2156,37
7994,37
7285,37
4160,37
4181,37
583,37
1485,37
4603,37
4895,37
8568,37
5210,37
5543,37
2407,37
5676,37
6390,37
4281,37
7567,37
8418,37
9552,37
734,37
5072,37
5889,37
6535,37
7383,37
1342,37
7364,37
9693,37
3605,37
5413,37
514,37
10928,37
868,37
7385,37
1960,37
3158,37
5576,37
4414,37
3018,37
10797,37
6835,37
1635,37
6059,37
5532,37
3026,37
268,37
2818,37
1910,37
8331,37
5186,37
7764,37
227,37
3497,37
11088,37
3147,37
9,37
8789,37
3079,37
1490,37
5549,37
6950,37
3575,37
6567,37
8784,37
4799,37
7057,37
1239,37
10765,37
5727,37
5627,37
874,37
1935,37
6647,37
3163,37
5639,37
6510,37
9599,37
638,37
2131,37
7236,37
11096,37
5476,37
6816,37
4002,37
1918,37
5247,37
5488,37
1111,37
3368,37
6446,37
4767,37
8901,37
8498,37
5480,37
594,37
4449,37
839,37
2403,37
6977,37
3865,37
5715,37
2628,37
5984,37
4211,37
4500,37
6083,37
5588,37
2264,37
7042,37
6257,37
7845,37
2485,37
6077,37
5144,37
3546,37
7377,37
8555,37
12227,37
1132,37
3106,37
1184,37
2357,37
46,37
2945,37
3065,37
5652,37
9454,37
5477,37
1762,37
5356,37
4875,37
3098,37
6105,37
4548,37
7744,37
1084,37
235,37
8369,37
414,37
6057,37
11322,37
2598,37
6090,37
7256,37
4988,37
11482,37
3927,37
1971,37
650,37
1147,37
4605,37
3337,37
7586,37
9721,37
1453,37
4836,37
8563,37
3506,37
2500,37
9738,37
6773,37
4079,37
8399,37
6594,37
6622,37
5764,37
5961,37
2554,37
4452,37
2931,37
4033,37
4541,37
4945,37
6001,37
4897,37
4476,38
4884,38
188,38
1942,38
1415,38
1660,38
6202,38
4963,38
7949,38
8444,38
7580,38
3599,38
8150,38
6107,38
8351,38
2504,38
6406,38
777,38
1193,38
2791,38
3563,38
4308,38
4371,38
6323,38
7724,38
7975,38
7147,38
3896,38
1247,38
8584,38
8262,38
893,38
2225,38
12641,38
4809,38
3876,38
4435,38
1699,38
898,38
541,38
10684,38
6515,38
7851,38
609,38
1181,38
5040,38
863,38
8088,38
6862,38
12671,38
5346,38
4699,38
3168,38
4551,38
8068,38
3955,38
6273,38
4388,38
11041,38
17,38
11166,38
4948,38
7173,38
6123,38
5591,38
2113,38
2774,38
8529,38
1496,38
4554,38
11359,38
3111,38
8987,38
8378,38
7768,38
4973,38
4222,38
6217,38
13101,38
7464,38
5182,38
3172,38
2838,38
11514,38
8547,38
4094,38
5648,38
11019,38
1948,38
5980,38
7716,38
1638,38
955,38
5894,38
1126,38
5491,38
1847,38
11956,38
3394,38
7838,38
5666,38
3115,38
6836,38
4583,38
10980,38
2044,38
126,38
417,38
7270,38
3979,38
6039,38
8992,38
3799,38
8726,38
3070,38
4949,38
1980,38
8436,38
3561,38
7025,38
4710,38
3574,38
6788,38
3600,38
3327,38
5996,38
4415,38
7877,38
4047,38
5616,38
4892,38
8445,38
4306,38
7210,38
2185,38
6019,38
6096,38
6530,38
4156,38
4317,38
651,38
8076,38
1956,38
7504,38
5566,38
1079,38
8952,38
3735,38
9222,38
1148,38
2641,38
10934,38
819,38
8134,38
4382,38
2242,38
2040,38
3206,38
6996,38
2426,38
2436,38
267,38
1023,38
8018,38
8092,38
840,38
3061,38
5057,38
2421,38
8382,38
10254,38
1815,38
682,38
6301,38
1386,38
3508,38
628,38
2551,38
2151,38
6876,38
7947,38
7063,38
6288,38
5442,38
11264,38
10315,38
8330,38
5425,38
2738,38
5567,38
3380,38
2939,38
6797,38
177,38
1616,38
1515,38
3509,38
5654,38
2751,38
1805,38
849,38
3232,38
4028,38
7330,38
3759,38
6215,38
4998,38
7365,38
2597,38
616,38
2928,38
5722,38
34,38
2381,38
6672,38
4460,38
2705,38
8723,38
8913,38
10983,38
4703,38
3122,38
4777,38
11332,38
8857,38
6469,38
6329,38
6713,38
1602,38
5681,38
6884,38
3405,38
9142,38
3644,38
4176,38
9921,38
4368,38
9009,38
3373,38
2840,38
372,38
3856,38
6584,38
8002,38
6111,38
9107,38
5868,38
1472,38
5915,38
1544,38
1858,38
7246,38
6436,38
7925,38
6271,38
3942,38
7079,38
8212,38
1755,38
10364,38
6607,38
5837,38
7621,38
12260,38
1897,38
2868,38
2087,38
1816,38
6492,38
7088,38
1362,38
4161,38
1454,38
8736,38
1932,38
2656,38
5865,38
6827,38
208,38
1773,38
8239,38
8138,38
4899,38
1922,38
5875,38
6121,38
8614,38
10414,38
61,38
6366,38
3301,38
9907,38
5335,38
6692,38
2935,38
3289,38
2187,38
13487,38
2493,38
7509,38
3671,38
2301,38
8271,38
10030,38
8875,38
7820,38
4819,38
7415,38
1825,38
6769,38
7948,38
6904,38
3864,38
5482,38
2449,38
4069,38
6854,38
10732,38
2127,38
6646,38
2733,38
4525,38
5749,38
2812,38
4844,38
5910,38
4688,38
4759,38
5203,38
6851,38
7374,38
3910,38
5473,38
4039,38
3402,38
5788,38
3872,38
5819,38
4074,38
2154,38
7766,38
162,38
8881,38
2428,38
2074,38
9700,38
3291,38
2489,38
2627,38
8634,38
5115,38
336,38
956,38
4634,38
3898,38
2119,38
2706,38
272,38
763,38
9118,38
2441,38
3278,38
13757,38
1941,38
2346,38
1265,38
10580,38
838,38
5547,38
6810,38
7938,38
1254,38
7530,38
1671,38
8156,38
3310,38
8687,38
3422,38
5470,38
5704,38
636,38
3724,38
132,38
8643,38
7183,38
5423,38
5618,38
4091,38
1883,38
3075,38
3270,38
5892,38
3428,38
6197,38
149,38
4655,38
3960,38
5759,38
2526,38
2073,38
8404,38
9475,38
5303,38
11401,38
3256,38
3689,38
539,38
4378,38
8630,38
7999,38
10007,38
1778,38
8063,38
9085,38
9760,38
5637,38
6063,38
8409,38
5231,38
9127,38
6499,38
4182,38
3226,38
2326,38
3766,38
5453,38
8476,38
7313,38
909,38
1655,38
5157,38
1843,38
2254,38
666,38
7739,38
8593,38
4609,38
5097,38
6552,38
2333,38
1783,38
4581,38
4190,38
5485,38
5689,38
4468,38
4167,38
2980,38
6024,38
1968,38
1781,38
1558,38
2362,38
5599,38
6405,38
10680,38
6744,38
1,38
987,38
7881,38
7104,38
1753,38
3126,38
1335,38
41,38
10896,38
926,38
5794,38
7657,38
3946,38
9583,38
1298,38
8527,38
2271,38
6717,38
2046,38
806,38
5087,38
2940,38
5018,38
8202,38
4142,38
2851,38
1028,38
6652,38
6290,38
7717,38
10066,38
3976,38
7656,38
2562,38
1478,38
5730,38
2559,38
2901,38
3008,38
4061,38
7214,38
3634,38
4278,38
1308,38
284,38
3330,38
12211,38
9702,38
8802,38
6030,38
910,38
8654,38
8027,38
4150,38
179,38
6518,38
221,38
8360,38
5088,38
12119,38
3362,38
4579,38
13187,38
4426,38
1071,38
6901,38
4416,38
2756,38
3341,38
6514,38
8487,38
648,38
5723,38
3128,38
790,38
6590,38
7795,38
6751,38
6338,38
5226,38
743,38
11759,38
10269,38
2294,38
3002,38
7357,38
6289,38
2016,38
2257,38
1930,38
2160,38
244,38
6570,38
3411,38
5433,38
1881,38
6900,38
7601,38
5327,38
8080,38
8480,38
10898,38
7159,38
3213,38
5244,38
5447,38
3708,38
1766,38
6772,38
8898,38
4726,38
5483,38
5743,38
901,38
7561,38
1330,38
637,38
6260,38
5016,38
3237,38
962,38
2829,38
4343,38
4294,38
4240,38
2734,38
11854,38
1873,38
3677,38
3794,38
1433,38
2602,38
8611,38
5306,38
7471,38
2018,38
7029,38
3698,38
151,38
6110,38
13264,38
10273,38
415,38
4643,38
5015,38
7179,38
7296,38
1134,38
8345,38
6310,38
7146,38
2638,38
12693,38
8822,38
7578,38
8162,38
2238,38
484,38
11807,38
10397,38
1829,38
8033,38
3132,38
6118,38
2236,38
4229,38
8840,38
2576,38
5911,38
2020,38
8677,38
3315,38
5936,38
1213,38
2531,38
6960,38
1484,38
3885,38
8682,38
173,38
1963,38
911,38
967,38
3004,38
6563,38
4912,38
131,38
309,38
5906,38
8806,38
7155,38
6336,38
4144,38
1463,38
3757,38
195,38
1357,38
6164,38
6802,38
6213,38
8224,38
6100,38
7026,38
7176,38
238,38
2057,38
1263,38
6206,38
8308,38
4303,38
134,38
5622,38
10637,38
2517,38
6937,38
8287,38
8934,38
8663,38
8517,38
172,38
7651,38
6438,38
589,38
1507,38
5955,38
7734,38
6764,38
5181,38
6580,38
4965,38
318,38
731,38
7345,38
794,38
7128,38
4992,38
3907,38
515,38
2923,38
3873,38
4555,38
6244,38
8334,38
4402,38
6378,38
5839,38
2147,38
2878,38
1471,38
1285,38
1032,38
2070,38
5150,38
4362,38
7423,38
1368,38
4576,38
4639,38
3401,38
5958,38
8554,38
4081,38
3063,38
3412,38
7097,38
847,38
3043,38
6887,38
968,38
8136,38
3595,38
2978,38
6509,38
4526,38
7495,38
11087,38
4753,38
6907,38
2268,38
1020,38
4743,38
8233,38
8870,38
281,38
5054,38
4418,38
4173,38
136,38
7004,38
4046,38
2107,38
7284,38
2969,38
1622,38
3722,38
7399,38
1625,38
3747,38
5241,38
8306,38
3855,38
7145,38
3143,38
8852,38
4354,38
1062,38
1230,38
8570,38
925,38
7620,38
707,38
12969,38
2340,38
5233,38
3259,38
4531,38
1604,38
1384,38
1867,38
3889,38
6263,38
2558,38
4816,38
7015,38
7050,38
2050,38
5052,38
1439,38
7290,38
401,38
8362,38
6091,38
2914,38
3567,38
7773,38
3817,38
5394,38
3562,38
7105,38
3569,38
1844,38
10804,38
2220,38
7203,38
8945,38
382,38
1451,38
209,38
6959,38
5847,38
7261,38
6576,38
8574,38
367,38
5521,38
7249,38
5479,38
3739,38
8924,38
4395,38
1934,38
6106,38
3011,38
1995,38
6085,38
6256,38
2083,38
8693,38
746,38
8500,38
6463,38
13016,38
4693,38
12950,38
2068,38
6064,38
6194,38
7161,38
4445,38
7222,38
7909,38
3257,38
11335,38
7628,38
1856,38
4713,38
11040,38
4721,38
3312,38
3904,38
2451,38
6403,38
7080,38
1119,38
5840,38
3963,38
1824,38
8317,38
7482,38
5976,38
8836,38
8190,38
7230,38
9073,38
2671,38
5667,38
6755,38
983,38
1481,38
982,38
7455,38
11437,38
4439,38
8325,38
7421,38
7878,38
6153,38
4580,38
5987,38
4938,38
4204,38
3441,38
4123,38
115,38
1318,38
8177,38
447,38
3656,38
1083,38
12379,38
4832,38
5427,38
1823,38
2017,38
10735,38
8235,38
7163,38
4322,38
2344,38
3117,38
275,38
7616,38
7,38
7157,38
8045,38
6300,38
5811,38
4155,38
2469,38
6679,38
6538,38
12087,38
8671,38
5695,38
6819,38
3928,38
6223,38
5972,38
1721,38
4367,38
7693,38
4788,38
4287,38
7569,38
3264,38
11875,38
2390,38
2222,38
4128,38
1034,38
7437,38
5694,38
4981,38
3669,38
5795,38
1514,38
1266,38
5589,38
8664,38
5034,38
5321,38
5205,38
810,38
11666,38
9052,38
4941,38
7862,38
4011,38
6975,38
9128,38
3391,38
1222,38
8788,38
6303,38
2432,38
1403,38
4698,38
10839,38
1442,38
4373,38
3164,38
7758,38
6643,38
2334,38
8617,38
8261,38
936,38
971,38
12333,38
8288,38
8272,38
7680,38
1809,38
4242,38
6377,38
7737,38
4602,38
2927,38
44,38
3604,38
1659,38
6600,38
5060,38
3032,38
6094,38
547,38
4116,38
4869,38
7106,38
7867,38
6117,38
3712,38
1493,38
690,38
1120,38
2372,38
3598,38
2411,38
4273,38
6012,38
71,38
4302,38
49,38
7516,38
5046,38
3919,38
4859,38
4115,38
6483,38
5916,38
2240,38
11920,38
5127,38
2764,38
535,38
5167,38
5560,38
8993,38
6933,38
4868,38
7344,38
2633,38
4136,38
4629,38
1238,38
8909,38
4420,38
8854,38
6860,38
8267,38
1811,38
8397,38
1462,38
3531,38
1074,38
5274,38
709,38
4897,38
7439,38
5813,38
658,38
1392,38
823,38
5990,38
2731,38
3811,38
8079,38
5509,38
5871,38
2592,38
8994,38
2401,38
7207,38
1278,38
2884,38
8907,38
450,38
1677,38
8561,38
4377,38
7238,38
797,38
3286,38
6892,38
850,38
8632,38
1733,38
6009,38
5089,38
7349,38
6916,38
10625,38
2741,38
3406,38
4635,38
4535,38
2276,38
6286,38
8565,38
3403,38
6261,38
6613,38
2378,38
5930,38
3105,38
8931,38
29,38
664,38
1160,38
7608,38
89,38
3045,38
3351,38
1329,38
9902,38
3938,38
4778,38
1686,38
5171,38
3461,38
5242,38
1754,38
2753,38
6228,38
8311,38
3102,38
4739,38
4360,38
4883,38
4853,38
602,38
3466,38
4773,38
4346,38
4700,38
8390,38
7087,38
1731,38
1951,38
5867,38
5551,38
8057,38
7058,38
119,38
8859,38
1393,38
430,38
1596,38
2217,38
4505,38
2833,38
785,38
6341,38
7162,38
6888,38
5657,38
441,38
7189,38
1450,38
4817,38
1185,38
4279,38
9416,38
7797,38
2141,38
1972,38
7434,38
1022,38
7843,38
6759,38
1573,38
6575,38
2646,38
8896,38
5608,38
8510,38
2388,38
3645,38
198,38
2096,38
2231,38
5645,38
2617,38
4917,38
3208,38
933,38
1525,38
4015,38
1182,38
8989,38
171,38
5243,38
12095,38
8452,38
9099,38
11780,38
7271,38
1821,38
10649,38
8005,38
7858,38
3935,38
10805,38
6098,38
8094,38
3940,38
5332,38
5761,38
5527,38
6496,38
427,38
5677,38
3486,38
6596,38
3548,38
8061,38
6681,38
39,38
11480,38
7177,38
7293,38
4930,38
7198,38
3947,38
6297,38
1271,38
8922,38
8551,38
1381,38
2343,38
2860,38
10058,38
7359,38
8579,38
3092,38
9088,38
1108,38
3395,38
4417,38
8848,38
25,38
6050,38
11688,38
1327,38
4627,38
8413,38
7688,38
5808,38
5776,38
283,38
2196,38
2456,38
5225,38
8145,38
8572,38
1153,38
1413,38
2405,38
8303,38
3607,38
3381,38
1706,38
355,38
8410,38
8914,38
3503,38
8515,38
2208,38
1322,38
9948,38
6601,38
4594,38
5305,38
10433,38
5215,38
2481,38
211,38
2387,38
5960,38
6359,38
8694,38
4467,38
4761,38
6756,38
2379,38
118,38
2680,38
2563,38
1253,38
7317,38
11140,38
5734,38
737,38
4148,38
3589,38
6978,38
7253,38
3477,38
1632,38
8833,38
5974,38
1178,38
6716,38
570,38
625,38
4295,38
4191,38
7285,38
4160,38
583,38
1485,38
4895,38
5210,38
2407,38
5676,38
4281,38
8418,38
9552,38
734,38
5889,38
6535,38
7383,38
1342,38
7364,38
9693,38
3605,38
5413,38
10928,38
1960,38
5576,38
10797,38
6835,38
5532,38
268,38
8331,38
7764,38
227,38
11088,38
3147,38
8789,38
3079,38
1490,38
6950,38
3575,38
4799,38
7057,38
1239,38
10765,38
5627,38
1935,38
3163,38
2131,38
7236,38
11096,38
1918,38
5247,38
1111,38
3368,38
6446,38
4449,38
6977,38
5984,38
4500,38
6083,38
5588,38
2264,38
7042,38
6257,38
6077,38
3546,38
7377,38
8555,38
12227,38
3106,38
2357,38
2945,38
3065,38
5652,38
9454,38
5477,38
5356,38
4875,38
3098,38
4548,38
7744,38
235,38
414,38
11322,38
2598,38
6090,38
4988,38
11482,38
3927,38
650,38
1147,38
3337,38
7586,38
1453,38
8563,38
3506,38
2500,38
6773,38
8399,38
6594,38
6622,38
5764,38
2554,38
2931,38
4033,38
4541,38
4945,38
6001,38
6319,38
4476,39
2627,39
8634,39
336,39
1942,39
1415,39
5871,39
6202,39
4963,39
8994,39
2401,39
4634,39
7207,39
2147,39
1278,39
8444,39
1471,39
7580,39
1285,39
450,39
1677,39
2070,39
3599,39
8150,39
6107,39
272,39
7238,39
4362,39
3286,39
763,39
6892,39
5958,39
8554,39
777,39
4081,39
3063,39
8632,39
1941,39
3563,39
847,39
4308,39
2346,39
1265,39
1733,39
5089,39
7349,39
838,39
6916,39
6887,39
968,39
7724,39
8136,39
6810,39
7938,39
7975,39
6509,39
4526,39
1254,39
4635,39
8156,39
4535,39
8687,39
3422,39
6907,39
1247,39
5704,39
2268,39
8584,39
636,39
3724,39
4743,39
5054,39
281,39
8262,39
6613,39
893,39
2225,39
4173,39
136,39
7004,39
4046,39
5618,39
4091,39
3105,39
4809,39
3876,39
4435,39
29,39
664,39
1699,39
7608,39
1883,39
3270,39
89,39
541,39
7284,39
3351,39
3428,39
6515,39
149,39
7399,39
4655,39
9902,39
7851,39
1625,39
3960,39
3938,39
5759,39
1686,39
8306,39
3461,39
609,39
7145,39
5040,39
863,39
6862,39
12671,39
5346,39
2073,39
1754,39
6228,39
8404,39
4739,39
4699,39
4360,39
4883,39
4853,39
3256,39
3466,39
539,39
8570,39
4378,39
4773,39
4346,39
3955,39
925,39
4700,39
8390,39
11041,39
5637,39
17,39
7087,39
1731,39
4948,39
1951,39
5867,39
5551,39
7173,39
3226,39
3259,39
4531,39
1604,39
119,39
8859,39
1596,39
1384,39
2774,39
1867,39
8529,39
5453,39
3889,39
4505,39
2833,39
6341,39
6888,39
3111,39
441,39
7189,39
8987,39
7015,39
1450,39
8378,39
2050,39
5157,39
4817,39
5052,39
1185,39
4279,39
9416,39
4973,39
2254,39
2141,39
13101,39
7290,39
7464,39
5182,39
2333,39
6091,39
4581,39
2838,39
7773,39
1022,39
5485,39
7843,39
5689,39
4468,39
6759,39
3817,39
1573,39
4167,39
2980,39
4094,39
5648,39
1968,39
8896,39
1558,39
5608,39
5980,39
8510,39
2388,39
7105,39
955,39
5599,39
198,39
2096,39
1126,39
5491,39
3394,39
987,39
5645,39
7838,39
1844,39
933,39
5666,39
1525,39
7104,39
1753,39
3126,39
41,39
4583,39
1182,39
8989,39
382,39
171,39
2044,39
10896,39
9099,39
5794,39
7271,39
1821,39
10649,39
209,39
5847,39
7270,39
8527,39
8574,39
3979,39
3799,39
7858,39
367,39
3070,39
7249,39
4949,39
6717,39
1980,39
8924,39
2046,39
806,39
3561,39
6106,39
7025,39
2940,39
4710,39
4142,39
2851,39
2083,39
1028,39
6788,39
8693,39
3600,39
3327,39
8094,39
3940,39
746,39
5332,39
8500,39
4415,39
6463,39
13016,39
4693,39
6496,39
6290,39
2068,39
7877,39
6194,39
4047,39
8445,39
5677,39
4445,39
4306,39
10066,39
3976,39
7656,39
3486,39
6596,39
7210,39
7909,39
3548,39
3257,39
6681,39
2901,39
4713,39
4721,39
3634,39
1308,39
4156,39
3330,39
3312,39
7293,39
651,39
9702,39
6403,39
6297,39
910,39
1956,39
8654,39
1119,39
8027,39
4150,39
1079,39
1824,39
8952,39
3735,39
8317,39
6518,39
1381,39
5976,39
5088,39
2860,39
8190,39
2641,39
10934,39
7359,39
3092,39
9088,39
9073,39
1108,39
4426,39
3395,39
5667,39
6755,39
1071,39
6901,39
983,39
4417,39
982,39
2756,39
3341,39
3206,39
2426,39
6514,39
11688,39
11437,39
2436,39
267,39
8092,39
7421,39
7878,39
648,39
1327,39
8413,39
5808,39
3061,39
5057,39
4580,39
2196,39
5987,39
2456,39
8382,39
1318,39
682,39
8572,39
1386,39
1413,39
2405,39
447,39
6751,39
6338,39
5226,39
743,39
3381,39
2551,39
4832,39
2294,39
3002,39
7357,39
2151,39
5427,39
1706,39
6289,39
7947,39
355,39
8410,39
1823,39
8515,39
8235,39
11264,39
9948,39
7163,39
4322,39
3117,39
7616,39
7,39
7157,39
6601,39
5567,39
3380,39
2939,39
4594,39
8045,39
1616,39
244,39
10433,39
1515,39
6570,39
6300,39
5215,39
5654,39
2751,39
1805,39
5811,39
211,39
8694,39
4467,39
3759,39
6538,39
8080,39
6756,39
8671,39
10898,39
2680,39
5695,39
1253,39
2597,39
7159,39
3213,39
5447,39
3708,39
616,39
737,39
2928,39
6223,39
1766,39
4726,39
5483,39
5743,39
901,39
7693,39
4788,39
7561,39
6672,39
637,39
4460,39
6978,39
8723,39
3477,39
5016,39
8913,39
10983,39
4703,39
1632,39
8833,39
2829,39
5974,39
11332,39
2390,39
4343,39
570,39
6469,39
4240,39
4191,39
5681,39
4160,39
4128,39
11854,39
1873,39
3794,39
7437,39
1433,39
1485,39
3644,39
8611,39
4981,39
2018,39
3669,39
9009,39
3373,39
8418,39
5015,39
6584,39
7179,39
8664,39
734,39
5034,39
1134,39
5321,39
5205,39
2638,39
7383,39
9107,39
11666,39
1342,39
7364,39
1544,39
1858,39
8162,39
4941,39
7862,39
4011,39
3605,39
6436,39
7925,39
484,39
3391,39
1960,39
1829,39
6271,39
3942,39
8033,39
3132,39
6118,39
4229,39
8212,39
8840,39
6835,39
2432,39
1403,39
4698,39
5911,39
1755,39
2020,39
10839,39
1442,39
268,39
5837,39
1213,39
7621,39
3164,39
8331,39
1897,39
227,39
2531,39
3147,39
2334,39
8617,39
8261,39
2087,39
936,39
971,39
6492,39
3885,39
1362,39
3575,39
1809,39
6377,39
8736,39
4602,39
4799,39
2656,39
5865,39
1935,39
967,39
3004,39
208,39
2131,39
8239,39
5060,39
3032,39
11096,39
4912,39
309,39
4899,39
6094,39
5906,39
547,39
4116,39
1922,39
4869,39
1918,39
5247,39
7155,39
1111,39
1463,39
7106,39
3368,39
8614,39
6117,39
61,39
4449,39
1120,39
2372,39
9907,39
5335,39
6977,39
6802,39
5984,39
6100,39
3289,39
6012,39
2493,39
7509,39
10030,39
5046,39
3919,39
238,39
8555,39
12227,39
4115,39
6483,39
3106,39
2357,39
1825,39
4303,39
134,39
2945,39
7948,39
5916,39
9454,39
5477,39
6904,39
3864,39
11920,39
5127,39
5622,39
4875,39
535,39
5167,39
5482,39
2517,39
6937,39
8287,39
5560,39
2449,39
4069,39
6933,39
4548,39
7744,39
8663,39
8517,39
10732,39
2633,39
4136,39
235,39
2127,39
589,39
1507,39
6646,39
5955,39
2733,39
4525,39
5181,39
4988,39
3927,39
5749,39
2812,39
4965,39
8909,39
318,39
7345,39
8854,39
6860,39
1811,39
8397,39
4688,39
1462,39
5203,39
7374,39
5473,39
4039,39
3402,39
7128,39
4992,39
8399,39
6594,39
5274,39
6622,39
2554,39
515,39
7439,39
162,39
2931,39
5813,39
4555,39
8881,39
4541,39
4945,39
6001,39
3291,39
6319,39
1392,39
823,39
4476,40
2627,40
336,40
8994,40
2401,40
7207,40
8444,40
7580,40
450,40
2070,40
8150,40
272,40
7238,40
4362,40
3286,40
6892,40
5958,40
8554,40
4081,40
8632,40
3563,40
1733,40
7349,40
838,40
6887,40
7724,40
6810,40
7938,40
4526,40
1254,40
4535,40
3422,40
1247,40
5704,40
8584,40
636,40
3724,40
4743,40
8262,40
2225,40
4173,40
7004,40
5618,40
3105,40
4809,40
29,40
1699,40
7608,40
1883,40
3270,40
89,40
7284,40
3428,40
6515,40
149,40
7399,40
4655,40
7851,40
3960,40
5759,40
3461,40
609,40
5040,40
6862,40
12671,40
8404,40
4739,40
4699,40
4360,40
4883,40
4853,40
3256,40
3466,40
539,40
3955,40
4700,40
8390,40
7087,40
4948,40
1951,40
5867,40
5551,40
3259,40
4531,40
1604,40
119,40
1596,40
1867,40
3889,40
4505,40
2833,40
6341,40
3111,40
7015,40
2050,40
1185,40
2254,40
13101,40
2333,40
6091,40
2838,40
7773,40
5485,40
7843,40
5689,40
4468,40
6759,40
4167,40
4094,40
5648,40
1558,40
5608,40
5980,40
8510,40
955,40
5599,40
2096,40
1126,40
5491,40
3394,40
987,40
5645,40
7838,40
1525,40
1753,40
1182,40
382,40
10896,40
9099,40
5794,40
10649,40
209,40
5847,40
8574,40
3979,40
7858,40
367,40
3070,40
7249,40
6717,40
806,40
7025,40
4142,40
2083,40
1028,40
6788,40
8094,40
746,40
6463,40
2068,40
7877,40
8445,40
5677,40
4306,40
3976,40
6596,40
7909,40
3548,40
4721,40
3634,40
1308,40
4156,40
3312,40
651,40
9702,40
6403,40
6297,40
910,40
1956,40
1381,40
6518,40
5976,40
5088,40
2860,40
8190,40
7359,40
3092,40
1108,40
3395,40
982,40
2756,40
3341,40
3206,40
11437,40
2436,40
8092,40
7878,40
1327,40
8413,40
2196,40
8572,40
2405,40
6751,40
743,40
3381,40
2551,40
2294,40
7357,40
2151,40
355,40
9948,40
11264,40
7163,40
4322,40
3117,40
7616,40
7,40
7157,40
3380,40
2939,40
8045,40
1616,40
10433,40
1515,40
6570,40
6300,40
2751,40
1805,40
5811,40
4467,40
3759,40
6538,40
10898,40
2680,40
7159,40
3213,40
3708,40
616,40
737,40
1766,40
5743,40
901,40
4788,40
6672,40
637,40
3477,40
8913,40
10983,40
1632,40
2829,40
5974,40
11332,40
2390,40
4343,40
570,40
4240,40
4191,40
5681,40
4128,40
1873,40
3794,40
3644,40
3669,40
3373,40
5015,40
6584,40
7179,40
8664,40
734,40
5034,40
5321,40
9107,40
1342,40
1544,40
1858,40
4941,40
7862,40
3605,40
4011,40
484,40
3391,40
1960,40
1829,40
6271,40
3942,40
8033,40
3132,40
6118,40
4229,40
8840,40
1403,40
5911,40
1755,40
10839,40
1442,40
268,40
7621,40
3164,40
227,40
2531,40
8261,40
936,40
971,40
3885,40
1809,40
6377,40
8736,40
4602,40
2656,40
1935,40
967,40
3004,40
208,40
2131,40
3032,40
4912,40
309,40
5906,40
1922,40
4869,40
1918,40
1463,40
7106,40
8614,40
2372,40
5335,40
6802,40
5984,40
2493,40
5046,40
3919,40
238,40
12227,40
4115,40
6483,40
2357,40
4303,40
2945,40
9454,40
5477,40
3864,40
11920,40
5167,40
5482,40
2517,40
8287,40
4069,40
4548,40
7744,40
8663,40
1507,40
6646,40
4525,40
4988,40
2812,40
8909,40
318,40
8854,40
6860,40
1811,40
4688,40
7374,40
5473,40
8399,40
6594,40
5274,40
6622,40
162,40
8881,40
4541,40
4945,40
6001,40
3291,40
2333,41
3341,41
3206,41
2436,41
7773,41
5911,41
5485,41
7843,41
8092,41
7878,41
1755,41
4468,41
6759,41
8413,41
268,41
4094,41
5648,41
3164,41
1558,41
5980,41
8444,41
7580,41
8261,41
936,41
955,41
5599,41
971,41
2070,41
2405,41
8150,41
3885,41
3394,41
743,41
6892,41
1809,41
7838,41
6377,41
2294,41
8736,41
7357,41
5958,41
8554,41
2656,41
1753,41
967,41
3563,41
208,41
1182,41
382,41
7349,41
10896,41
9099,41
5794,41
2131,41
3032,41
7724,41
6810,41
7938,41
5847,41
5906,41
1922,41
3380,41
8045,41
8574,41
1616,41
3979,41
4535,41
4869,41
1918,41
10433,41
1247,41
1515,41
7106,41
7858,41
6300,41
8614,41
8584,41
3070,41
4743,41
1805,41
6717,41
8262,41
2225,41
4173,41
806,41
5618,41
3105,41
4809,41
6538,41
29,41
7608,41
1883,41
6802,41
10898,41
3270,41
2680,41
89,41
7159,41
4142,41
3708,41
2493,41
6788,41
8094,41
7399,41
7851,41
746,41
5759,41
5743,41
609,41
4788,41
3291,41
238,41
5040,41
4115,41
6672,41
6862,41
2068,41
6483,41
4303,41
7877,41
2945,41
9454,41
8913,41
4739,41
10983,41
8445,41
4699,41
5477,41
3864,41
1632,41
11920,41
4883,41
4306,41
2829,41
3976,41
4853,41
5974,41
5167,41
6596,41
11332,41
2517,41
2390,41
4343,41
539,41
570,41
4240,41
8287,41
4191,41
7909,41
3548,41
4069,41
4548,41
7744,41
8663,41
3794,41
3955,41
3644,41
8390,41
1507,41
7087,41
4525,41
4721,41
3634,41
4988,41
1951,41
5867,41
5551,41
4156,41
3312,41
3373,41
8909,41
318,41
3259,41
4531,41
119,41
1596,41
8854,41
1811,41
3889,41
4505,41
6403,41
910,41
6341,41
1956,41
7179,41
5034,41
7374,41
5473,41
3111,41
9107,41
1381,41
8399,41
1342,41
5274,41
1544,41
3605,41
4011,41
2860,41
8190,41
7359,41
3092,41
3391,41
1108,41
3395,41
8881,41
4541,41
8033,41
3942,41
4945,41
6001,41
3132,41
4229,41
982,41
4476,42
2756,42
6091,42
8840,42
2627,42
2838,42
11437,42
1403,42
336,42
1327,42
10839,42
5689,42
1442,42
4167,42
8994,42
2196,42
2401,42
7621,42
7207,42
5608,42
8510,42
227,42
2531,42
450,42
8572,42
2096,42
1126,42
272,42
7238,42
4362,42
5491,42
6751,42
987,42
3286,42
5645,42
3381,42
2551,42
4602,42
2151,42
355,42
1525,42
4081,42
8632,42
1935,42
3004,42
9948,42
11264,42
1733,42
7163,42
4322,42
838,42
3117,42
6887,42
7616,42
10649,42
209,42
7,42
4912,42
309,42
7157,42
4526,42
2939,42
1254,42
3422,42
5704,42
1463,42
367,42
6570,42
636,42
7249,42
3724,42
2751,42
5811,42
2372,42
7004,42
5335,42
4467,42
3759,42
1699,42
7025,42
5984,42
3213,42
7284,42
2083,42
3428,42
1028,42
616,42
737,42
6515,42
149,42
1766,42
4655,42
3960,42
5046,42
901,42
3461,42
3919,42
6463,42
12227,42
637,42
12671,42
2357,42
3477,42
8404,42
4360,42
5677,42
3256,42
3466,42
5482,42
5681,42
4128,42
1873,42
4700,42
6646,42
3669,42
4948,42
1308,42
2812,42
1604,42
6860,42
1867,42
651,42
9702,42
6297,42
5015,42
2833,42
6584,42
8664,42
734,42
4688,42
5321,42
7015,42
2050,42
1185,42
6518,42
6594,42
6622,42
1858,42
4941,42
5976,42
2254,42
5088,42
7862,42
484,42
162,42
1960,42
1829,42
13101,42
6271,42
6118,42
8634,43
1942,43
1415,43
5871,43
6202,43
4963,43
4634,43
2147,43
1278,43
1471,43
1285,43
1677,43
3599,43
6107,43
763,43
777,43
3063,43
1941,43
847,43
2346,43
4308,43
1265,43
5089,43
6916,43
968,43
8136,43
7975,43
6509,43
4635,43
8156,43
8687,43
6907,43
2268,43
5054,43
281,43
6613,43
893,43
136,43
4046,43
4091,43
3876,43
4435,43
664,43
541,43
3351,43
9902,43
1625,43
3938,43
1686,43
8306,43
7145,43
863,43
5346,43
1754,43
2073,43
6228,43
8570,43
4378,43
4773,43
4346,43
925,43
11041,43
5637,43
17,43
1731,43
7173,43
3226,43
8859,43
1384,43
2774,43
8529,43
5453,43
6888,43
441,43
7189,43
8987,43
1450,43
8378,43
4817,43
5157,43
4279,43
5052,43
9416,43
4973,43
2141,43
7290,43
7464,43
5182,43
4581,43
1022,43
3817,43
1573,43
2980,43
1968,43
8896,43
2388,43
7105,43
198,43
1844,43
933,43
5666,43
7104,43
3126,43
41,43
4583,43
8989,43
171,43
2044,43
7271,43
1821,43
7270,43
8527,43
3799,43
4949,43
1980,43
8924,43
2046,43
3561,43
6106,43
2940,43
4710,43
2851,43
8693,43
3600,43
3327,43
3940,43
5332,43
8500,43
4415,43
13016,43
4693,43
6496,43
6290,43
6194,43
4047,43
4445,43
10066,43
7656,43
3486,43
7210,43
3257,43
6681,43
2901,43
4713,43
3330,43
7293,43
8654,43
1119,43
8027,43
4150,43
1079,43
1824,43
8952,43
3735,43
8317,43
2641,43
10934,43
9088,43
9073,43
4426,43
5667,43
6755,43
1071,43
4417,43
6901,43
983,43
2426,43
6514,43
11688,43
267,43
7421,43
648,43
5808,43
3061,43
5057,43
4580,43
5987,43
2456,43
8382,43
1318,43
682,43
1386,43
1413,43
447,43
6338,43
5226,43
4832,43
3002,43
5427,43
1706,43
8410,43
6289,43
7947,43
1823,43
8515,43
8235,43
6601,43
5567,43
4594,43
244,43
5215,43
5654,43
211,43
8694,43
8080,43
6756,43
8671,43
5695,43
1253,43
2597,43
5447,43
2928,43
6223,43
4726,43
5483,43
7693,43
7561,43
4460,43
6978,43
8723,43
5016,43
4703,43
8833,43
6469,43
4160,43
11854,43
7437,43
1433,43
1485,43
8611,43
4981,43
2018,43
9009,43
8418,43
1134,43
5205,43
2638,43
7383,43
11666,43
7364,43
8162,43
6436,43
7925,43
8212,43
6835,43
2432,43
4698,43
2020,43
5837,43
1213,43
8331,43
1897,43
3147,43
2334,43
8617,43
2087,43
6492,43
1362,43
3575,43
4799,43
5865,43
8239,43
5060,43
11096,43
4899,43
6094,43
547,43
4116,43
5247,43
7155,43
1111,43
3368,43
6117,43
61,43
4449,43
1120,43
9907,43
6977,43
6100,43
3289,43
6012,43
7509,43
10030,43
8555,43
3106,43
1825,43
134,43
7948,43
5916,43
6904,43
5127,43
5622,43
4875,43
535,43
6937,43
5560,43
2449,43
6933,43
8517,43
10732,43
2633,43
4136,43
235,43
2127,43
589,43
5955,43
2733,43
5181,43
3927,43
5749,43
4965,43
7345,43
8397,43
1462,43
5203,43
4039,43
3402,43
7128,43
4992,43
2554,43
515,43
7439,43
2931,43
5813,43
4555,43
6319,43
1392,43
823,43
4581,44
2426,44
6514,44
8212,44
6835,44
2432,44
8634,44
1022,44
267,44
4698,44
7421,44
1942,44
1415,44
648,44
2020,44
3817,44
1573,44
6202,44
5808,44
3061,44
2980,44
5057,44
4963,44
4580,44
1968,44
5837,44
4634,44
2147,44
1285,44
8382,44
2334,44
7105,44
1677,44
1318,44
8617,44
1386,44
1413,44
198,44
3599,44
447,44
6492,44
6338,44
1362,44
763,44
3575,44
933,44
5666,44
3002,44
5427,44
4799,44
7947,44
777,44
3063,44
7104,44
1823,44
4308,44
1265,44
8989,44
5089,44
171,44
6916,44
7271,44
11096,44
8136,44
4899,44
6094,44
547,44
6601,44
7975,44
6509,44
4116,44
8527,44
7270,44
4635,44
244,44
7155,44
6907,44
1111,44
3799,44
3368,44
2268,44
6117,44
5654,44
4949,44
6613,44
1980,44
893,44
211,44
4449,44
136,44
2046,44
8694,44
9907,44
3876,44
6977,44
4435,44
664,44
1253,44
4710,44
6012,44
3289,44
2851,44
5447,44
8693,44
3327,44
2928,44
3940,44
1625,44
3938,44
5332,44
10030,44
5483,44
1686,44
8306,44
8500,44
7693,44
4415,44
863,44
6290,44
5346,44
1754,44
2073,44
6228,44
1825,44
6901,44
8723,44
4047,44
5916,44
6904,44
5127,44
4875,44
4445,44
535,44
7656,44
3486,44
5560,44
7210,44
6469,44
4378,44
4773,44
6933,44
3257,44
4160,44
11854,44
7437,44
4346,44
2633,44
1485,44
235,44
589,44
4981,44
925,44
11041,44
17,44
2733,44
5749,44
4965,44
3330,44
7173,44
8859,44
7293,44
1384,44
2774,44
8529,44
5453,44
8418,44
8654,44
1134,44
5205,44
1119,44
8027,44
7189,44
4039,44
3402,44
4992,44
8378,44
8952,44
4817,44
4279,44
8317,44
5052,44
7364,44
8162,44
4973,44
2554,44
7925,44
7439,44
5813,44
4555,44
9088,44
9073,44
2141,44
4426,44
6755,44
4417,44
823,44
11688,45
5871,45
1213,45
5987,45
8331,45
1278,45
8896,45
1897,45
1471,45
2456,45
3147,45
2388,45
682,45
2087,45
6107,45
5226,45
1844,45
4832,45
1706,45
8410,45
6289,45
5865,45
3126,45
8515,45
1941,45
847,45
41,45
2346,45
4583,45
8235,45
2044,45
968,45
1821,45
8239,45
5060,45
5567,45
4594,45
8156,45
8687,45
5247,45
5215,45
5054,45
281,45
61,45
8924,45
1120,45
3561,45
4046,45
4091,45
6106,45
8080,45
6756,45
2940,45
8671,45
5695,45
6100,45
541,45
2597,45
3351,45
7509,45
3600,45
9902,45
6223,45
4726,45
7561,45
7145,45
13016,45
4693,45
8555,45
6496,45
4460,45
3106,45
6978,45
134,45
7948,45
6194,45
5016,45
4703,45
5622,45
8833,45
10066,45
6937,45
8570,45
2449,45
8517,45
1433,45
6681,45
10732,45
4136,45
2901,45
8611,45
2127,45
5637,45
2018,45
5955,45
4713,45
1731,45
5181,45
3927,45
9009,45
3226,45
7345,45
8397,45
1462,45
5203,45
6888,45
2638,45
441,45
4150,45
7383,45
1079,45
8987,45
1450,45
1824,45
11666,45
7128,45
3735,45
5157,45
9416,45
6436,45
2641,45
10934,45
515,45
2931,45
7290,45
5667,45
1071,45
983,45
6319,45
7464,45
1392,45
5182,45
4884,46
5990,46
6378,46
2489,46
2731,46
3811,46
8079,46
188,46
5115,46
5509,46
1660,46
2592,46
956,46
5839,46
2878,46
7949,46
2884,46
3898,46
8907,46
2119,46
8561,46
4377,46
1032,46
2706,46
5150,46
8351,46
7423,46
797,46
1368,46
9118,46
2441,46
3278,46
4576,46
13757,46
4639,46
850,46
2504,46
3401,46
6406,46
1193,46
3412,46
7097,46
2791,46
3043,46
4371,46
10580,46
6009,46
6323,46
5547,46
10625,46
3595,46
2741,46
2978,46
7147,46
3406,46
7495,46
11087,46
7530,46
1671,46
4753,46
3896,46
3310,46
2276,46
5470,46
6286,46
8565,46
3403,46
1020,46
8233,46
8870,46
6261,46
4418,46
132,46
8643,46
2378,46
12641,46
7183,46
5423,46
5930,46
8931,46
2107,46
1160,46
3075,46
898,46
3045,46
5892,46
2969,46
1622,46
1329,46
10684,46
6197,46
3722,46
3747,46
5241,46
4778,46
5171,46
2526,46
3855,46
1181,46
8088,46
5242,46
3143,46
8852,46
2753,46
8311,46
3102,46
9475,46
5303,46
4354,46
1062,46
1230,46
3168,46
4551,46
11401,46
602,46
3689,46
8630,46
8068,46
7999,46
10007,46
1778,46
8063,46
6273,46
4388,46
9085,46
9760,46
7620,46
707,46
11166,46
6063,46
12969,46
8409,46
5231,46
9127,46
2340,46
6499,46
4182,46
8057,46
6123,46
5591,46
2326,46
5233,46
7058,46
1393,46
2113,46
3766,46
430,46
2217,46
1496,46
6263,46
4554,46
785,46
8476,46
2558,46
7313,46
7162,46
5657,46
909,46
11359,46
4816,46
1655,46
7768,46
7050,46
1843,46
666,46
1439,46
4222,46
7739,46
7797,46
8593,46
4609,46
5097,46
6217,46
401,46
1972,46
8362,46
6552,46
7434,46
3172,46
1783,46
2914,46
3567,46
4190,46
11514,46
8547,46
6575,46
5394,46
2646,46
6024,46
11019,46
1781,46
1948,46
3562,46
7716,46
1638,46
2362,46
3645,46
6405,46
5894,46
10680,46
6744,46
2231,46
1,46
1847,46
11956,46
3569,46
7881,46
2617,46
4917,46
10804,46
2220,46
3208,46
3115,46
6836,46
1335,46
7203,46
4015,46
8945,46
10980,46
11780,46
5243,46
12095,46
8452,46
926,46
1451,46
7657,46
6959,46
126,46
417,46
7261,46
3946,46
9583,46
1298,46
6576,46
2271,46
6039,46
8992,46
8005,46
5521,46
8726,46
5479,46
3739,46
8436,46
4395,46
3935,46
5087,46
1934,46
10805,46
5018,46
3011,46
1995,46
8202,46
6085,46
6098,46
6256,46
3574,46
6652,46
5761,46
5996,46
5527,46
12950,46
6064,46
427,46
5616,46
4892,46
7161,46
7717,46
7222,46
2562,46
1478,46
5730,46
8061,46
2185,46
2559,46
6019,46
11335,46
39,46
3008,46
7628,46
11480,46
6096,46
4061,46
1856,46
6530,46
7214,46
4278,46
11040,46
7177,46
284,46
3904,46
4317,46
2451,46
12211,46
4930,46
7198,46
3947,46
1271,46
8802,46
8076,46
6030,46
7080,46
8922,46
7504,46
179,46
5840,46
8551,46
5566,46
3963,46
7482,46
221,46
8360,46
2343,46
8836,46
9222,46
10058,46
1148,46
819,46
12119,46
3362,46
4579,46
8579,46
7230,46
8134,46
13187,46
4382,46
2671,46
2242,46
4416,46
8848,46
2040,46
1481,46
25,46
7455,46
6996,46
6050,46
1023,46
4439,46
8018,46
8325,46
840,46
8487,46
5723,46
4627,46
7688,46
6153,46
5776,46
283,46
2421,46
4938,46
4204,46
5225,46
3441,46
10254,46
4123,46
3128,46
115,46
790,46
1815,46
8145,46
6301,46
1153,46
8177,46
6590,46
3656,46
8303,46
7795,46
11759,46
3508,46
3607,46
10269,46
628,46
1083,46
12379,46
6876,46
8914,46
7063,46
3503,46
6288,46
2017,46
10735,46
2208,46
2016,46
5442,46
1322,46
10315,46
2344,46
275,46
2257,46
8330,46
5425,46
2738,46
1930,46
177,46
6797,46
5305,46
2160,46
3411,46
5433,46
3509,46
1881,46
6900,46
849,46
7601,46
4155,46
3232,46
2481,46
4028,46
2387,46
5960,46
6359,46
7330,46
2469,46
5327,46
6679,46
4761,46
6215,46
12087,46
2379,46
118,46
4998,46
8480,46
2563,46
7365,46
7317,46
6819,46
11140,46
5244,46
5734,46
3928,46
5722,46
5972,46
6772,46
8898,46
34,46
1721,46
4367,46
4148,46
3589,46
2381,46
1330,46
4287,46
6260,46
2705,46
7253,46
7569,46
3264,46
3122,46
4777,46
11875,46
3237,46
962,46
1178,46
6716,46
8857,46
4294,46
625,46
4295,46
2734,46
6329,46
6713,46
1602,46
2222,46
7285,46
3677,46
1034,46
6884,46
583,46
3405,46
9142,46
4895,46
2602,46
5694,46
5306,46
7471,46
4176,46
9921,46
5795,46
7029,46
3698,46
4368,46
5210,46
151,46
1514,46
6110,46
2840,46
1266,46
2407,46
372,46
13264,46
10273,46
5589,46
5676,46
3856,46
4281,46
415,46
4643,46
9552,46
8002,46
7296,46
5889,46
6535,46
8345,46
6310,46
6111,46
7146,46
5868,46
810,46
12693,46
1472,46
9052,46
5915,46
8822,46
9693,46
7578,46
5413,46
7246,46
6975,46
9128,46
2238,46
10928,46
11807,46
10397,46
5576,46
1222,46
2236,46
8788,46
10797,46
6303,46
7079,46
2576,46
8677,46
10364,46
5532,46
3315,46
6607,46
5936,46
4373,46
12260,46
7758,46
6643,46
7764,46
2868,46
11088,46
6960,46
8789,46
3079,46
1816,46
12333,46
1490,46
8288,46
1484,46
7088,46
6950,46
8272,46
8682,46
4161,46
1454,46
7680,46
173,46
4242,46
7737,46
7057,46
1932,46
2927,46
1239,46
10765,46
5627,46
1963,46
6827,46
911,46
3163,46
44,46
3604,46
1773,46
1659,46
6600,46
7236,46
6563,46
8138,46
131,46
8806,46
5875,46
6336,46
4144,46
3757,46
6121,46
6446,46
7867,46
195,46
3712,46
1493,46
10414,46
1357,46
6164,46
6366,46
690,46
3301,46
3598,46
2411,46
6692,46
4273,46
2935,46
6213,46
8224,46
4500,46
2187,46
13487,46
3671,46
71,46
6083,46
5588,46
2301,46
2264,46
4302,46
8271,46
7042,46
7026,46
6257,46
7176,46
49,46
6077,46
8875,46
7516,46
3546,46
7377,46
4859,46
7820,46
4819,46
2057,46
1263,46
7415,46
6206,46
8308,46
6769,46
3065,46
5652,46
5356,46
2240,46
2764,46
10637,46
3098,46
8934,46
8993,46
4868,46
6854,46
7344,46
172,46
7651,46
6438,46
414,46
11322,46
2598,46
7734,46
6090,46
4629,46
6764,46
11482,46
650,46
6580,46
1238,46
1147,46
731,46
4420,46
3337,46
7586,46
794,46
4844,46
1453,46
8267,46
5910,46
8563,46
3506,46
3531,46
2500,46
4759,46
6851,46
3910,46
6773,46
1074,46
3907,46
709,46
5788,46
5764,46
3872,46
2923,46
5819,46
4074,46
2154,46
7766,46
3873,46
6244,46
4033,46
2428,46
658,46
2074,46
9700,46
4897,46
8334,46
4402,46
4884,47
7455,47
5990,47
3172,47
6378,47
3567,47
2489,47
2731,47
6996,47
6050,47
7079,47
4190,47
8018,47
840,47
11514,47
8487,47
5723,47
5532,47
8547,47
6153,47
6607,47
283,47
6024,47
2421,47
7758,47
11019,47
4204,47
7764,47
2868,47
5225,47
8907,47
3562,47
10254,47
7716,47
6960,47
790,47
2362,47
1815,47
3645,47
6301,47
4377,47
8789,47
1032,47
3079,47
1490,47
5150,47
5894,47
3656,47
8303,47
1484,47
7423,47
8272,47
1368,47
8682,47
9118,47
2441,47
3508,47
1454,47
13757,47
628,47
1083,47
10804,47
2220,47
3208,47
2504,47
7057,47
6406,47
3115,47
6876,47
1932,47
2927,47
10765,47
5627,47
7063,47
1193,47
3503,47
911,47
6288,47
2017,47
2208,47
3043,47
3163,47
5442,47
44,47
10980,47
10315,47
2344,47
5243,47
8452,47
6323,47
1659,47
275,47
6600,47
6563,47
10625,47
8330,47
131,47
3595,47
2741,47
8806,47
2978,47
7147,47
7261,47
3946,47
9583,47
6576,47
5425,47
6797,47
5305,47
7530,47
4753,47
2276,47
6039,47
8992,47
5470,47
8005,47
5433,47
5521,47
6446,47
1881,47
7867,47
6900,47
195,47
1493,47
8870,47
3739,47
7601,47
132,47
3232,47
2481,47
6164,47
2378,47
12641,47
8436,47
4395,47
2387,47
6366,47
7330,47
2469,47
5087,47
6679,47
1934,47
4761,47
4273,47
6692,47
2107,47
2379,47
4998,47
5018,47
8480,47
6213,47
1995,47
8202,47
6819,47
1329,47
2969,47
5892,47
1622,47
6098,47
6256,47
6197,47
10684,47
4302,47
7026,47
6257,47
7176,47
3747,47
49,47
5241,47
4367,47
5527,47
6077,47
7516,47
3546,47
4859,47
7820,47
4819,47
5242,47
4287,47
2057,47
1263,47
7415,47
6206,47
8308,47
2705,47
8311,47
7253,47
6769,47
7569,47
5616,47
3122,47
4777,47
7161,47
4354,47
3237,47
11401,47
7222,47
10637,47
2562,47
8857,47
625,47
3098,47
8934,47
2734,47
6329,47
8630,47
8061,47
6713,47
4868,47
1602,47
1778,47
2559,47
6019,47
2602,47
5694,47
39,47
414,47
9760,47
7620,47
7471,47
4176,47
11322,47
4061,47
1856,47
2598,47
7214,47
11040,47
7029,47
9127,47
4368,47
5210,47
2340,47
151,47
1238,47
6499,47
5233,47
4317,47
2407,47
372,47
13264,47
5589,47
5676,47
794,47
415,47
1496,47
8802,47
6263,47
8076,47
6030,47
9552,47
8002,47
2558,47
2500,47
7313,47
7162,47
5889,47
5657,47
6851,47
6310,47
7146,47
6111,47
11359,47
5840,47
3910,47
8551,47
6773,47
7050,47
5915,47
7482,47
221,47
8360,47
2343,47
7578,47
5764,47
666,47
7246,47
9128,47
1148,47
2238,47
10928,47
819,47
2923,47
12119,47
4074,47
2154,47
7739,47
6244,47
8593,47
10397,47
5576,47
4033,47
4609,47
1222,47
6217,47
658,47
401,47
1972,47
2074,47
9700,47
4416,47
8334,47
8362,47
4402,47
10797,47
6996,48
3172,48
7079,48
2731,48
11514,48
8487,48
5723,48
5532,48
8547,48
6607,48
6153,48
283,48
7764,48
8907,48
10254,48
7716,48
6960,48
790,48
6301,48
8789,48
1032,48
3079,48
1490,48
5150,48
5894,48
3656,48
8303,48
1484,48
7423,48
1368,48
8682,48
9118,48
2441,48
3508,48
10804,48
3208,48
7057,48
2927,48
6406,48
3115,48
10765,48
5627,48
1193,48
3163,48
2208,48
3043,48
10980,48
10315,48
5243,48
1659,48
6600,48
131,48
3595,48
2741,48
7261,48
9583,48
6576,48
5305,48
4753,48
6039,48
8005,48
5521,48
7867,48
1881,48
6900,48
195,48
1493,48
132,48
3232,48
2481,48
2378,48
8436,48
4395,48
2387,48
7330,48
2469,48
1934,48
4761,48
2107,48
2379,48
4998,48
5018,48
8480,48
1995,48
6819,48
1329,48
6256,48
10684,48
4302,48
6257,48
3747,48
4367,48
7516,48
7820,48
4819,48
5242,48
6206,48
8308,48
2705,48
7253,48
3122,48
4354,48
3237,48
11401,48
10637,48
2562,48
8857,48
3098,48
8934,48
2734,48
4868,48
1602,48
1778,48
6019,48
39,48
414,48
9760,48
7620,48
7471,48
4176,48
11322,48
2598,48
11040,48
4368,48
5210,48
2340,48
151,48
5233,48
4317,48
2407,48
372,48
5676,48
794,48
415,48
8802,48
6263,48
6030,48
9552,48
8002,48
2558,48
2500,48
7162,48
5657,48
6851,48
6310,48
7146,48
6111,48
11359,48
5840,48
3910,48
5915,48
7482,48
221,48
8360,48
2343,48
5764,48
666,48
7246,48
1148,48
2238,48
819,48
2923,48
4074,48
1222,48
6217,48
1972,48
9700,48
4416,48
4402,48
4884,49
7455,49
5990,49
3567,49
6378,49
2489,49
6050,49
4190,49
8018,49
840,49
6024,49
2421,49
7758,49
11019,49
4204,49
2868,49
5225,49
3562,49
2362,49
1815,49
3645,49
4377,49
8272,49
1454,49
13757,49
628,49
1083,49
2220,49
2504,49
1932,49
6876,49
7063,49
911,49
3503,49
6288,49
2017,49
44,49
5442,49
2344,49
8452,49
6323,49
275,49
6563,49
10625,49
8330,49
8806,49
2978,49
7147,49
3946,49
5425,49
6797,49
7530,49
2276,49
8992,49
5470,49
5433,49
6446,49
8870,49
3739,49
7601,49
6164,49
6366,49
12641,49
5087,49
6679,49
4273,49
6692,49
6213,49
8202,49
5892,49
6098,49
2969,49
1622,49
6197,49
7026,49
7176,49
49,49
5241,49
6077,49
5527,49
3546,49
4859,49
4287,49
2057,49
1263,49
7415,49
8311,49
6769,49
7569,49
5616,49
4777,49
7161,49
7222,49
625,49
6329,49
8630,49
8061,49
6713,49
2559,49
2602,49
5694,49
4061,49
1856,49
7214,49
7029,49
9127,49
1238,49
6499,49
13264,49
5589,49
1496,49
8076,49
7313,49
5889,49
8551,49
6773,49
7050,49
7578,49
9128,49
10928,49
12119,49
2154,49
7739,49
6244,49
8593,49
10397,49
5576,49
4033,49
4609,49
658,49
401,49
2074,49
8334,49
8362,49
10797,49
4884,50
7455,50
5990,50
6050,50
3567,50
4190,50
840,50
7758,50
2868,50
5225,50
1815,50
2362,50
3645,50
8272,50
1932,50
6876,50
911,50
3503,50
6288,50
44,50
5442,50
2344,50
8452,50
6323,50
275,50
10625,50
8330,50
8806,50
2978,50
6797,50
2276,50
8992,50
5470,50
6446,50
7601,50
6164,50
6366,50
5087,50
6679,50
6213,50
8202,50
2969,50
5892,50
1622,50
6197,50
7176,50
5241,50
4287,50
2057,50
1263,50
6769,50
7569,50
5616,50
7161,50
7222,50
8630,50
2559,50
2602,50
5694,50
4061,50
7214,50
7029,50
9127,50
6499,50
5589,50
1496,50
5889,50
8551,50
6773,50
7050,50
7578,50
9128,50
7739,50
8593,50
4609,50
401,50
10797,50
1856,51
7026,51
6378,51
2489,51
49,51
6077,51
1238,51
5527,51
8018,51
3546,51
6563,51
4859,51
13264,51
5425,51
7147,51
3946,51
6024,51
2421,51
7415,51
7530,51
8076,51
11019,51
4204,51
8311,51
7313,51
3562,51
5433,51
4377,51
4777,51
8870,51
3739,51
12641,51
625,51
10928,51
1454,51
6329,51
8061,51
6713,51
12119,51
13757,51
628,51
1083,51
4273,51
6692,51
2154,51
2220,51
6244,51
10397,51
5576,51
2504,51
4033,51
658,51
2074,51
7063,51
6098,51
8334,51
8362,51
2017,51
3811,52
8079,52
188,52
5115,52
5509,52
1660,52
2592,52
956,52
5839,52
2878,52
7949,52
2884,52
3898,52
2119,52
8561,52
2706,52
8351,52
797,52
3278,52
4576,52
4639,52
850,52
3401,52
3412,52
7097,52
2791,52
4371,52
10580,52
6009,52
5547,52
3406,52
7495,52
11087,52
1671,52
3896,52
3310,52
6286,52
8565,52
3403,52
1020,52
8233,52
6261,52
4418,52
8643,52
7183,52
5423,52
5930,52
8931,52
1160,52
3075,52
898,52
3045,52
3722,52
4778,52
5171,52
2526,52
3855,52
1181,52
8088,52
3143,52
8852,52
2753,52
3102,52
9475,52
5303,52
1062,52
1230,52
3168,52
4551,52
602,52
3689,52
8068,52
7999,52
10007,52
8063,52
6273,52
4388,52
9085,52
707,52
11166,52
6063,52
12969,52
8409,52
5231,52
4182,52
8057,52
6123,52
5591,52
2326,52
7058,52
1393,52
2113,52
3766,52
430,52
2217,52
4554,52
785,52
8476,52
909,52
4816,52
1655,52
7768,52
1843,52
1439,52
4222,52
7797,52
5097,52
6552,52
7434,52
1783,52
2914,52
6575,52
5394,52
2646,52
1781,52
1948,52
1638,52
6405,52
10680,52
6744,52
2231,52
1,52
1847,52
11956,52
3569,52
7881,52
2617,52
4917,52
6836,52
1335,52
7203,52
4015,52
8945,52
11780,52
12095,52
926,52
1451,52
7657,52
6959,52
126,52
417,52
1298,52
2271,52
8726,52
5479,52
3935,52
10805,52
3011,52
6085,52
3574,52
6652,52
5761,52
5996,52
12950,52
6064,52
427,52
4892,52
7717,52
1478,52
5730,52
2185,52
11335,52
3008,52
7628,52
11480,52
6096,52
6530,52
4278,52
7177,52
284,52
3904,52
2451,52
12211,52
4930,52
7198,52
3947,52
1271,52
7080,52
8922,52
7504,52
179,52
5566,52
3963,52
8836,52
9222,52
10058,52
3362,52
4579,52
8579,52
7230,52
8134,52
13187,52
4382,52
2671,52
2242,52
8848,52
2040,52
1481,52
25,52
1023,52
4439,52
8325,52
4627,52
7688,52
5776,52
4938,52
3441,52
4123,52
115,52
3128,52
8145,52
1153,52
8177,52
6590,52
7795,52
11759,52
3607,52
10269,52
12379,52
8914,52
10735,52
1322,52
2016,52
2257,52
2738,52
1930,52
177,52
2160,52
3411,52
3509,52
849,52
4155,52
4028,52
5960,52
6359,52
5327,52
6215,52
12087,52
118,52
2563,52
7365,52
7317,52
11140,52
5244,52
5734,52
3928,52
5722,52
5972,52
6772,52
8898,52
34,52
1721,52
4148,52
3589,52
2381,52
1330,52
6260,52
3264,52
11875,52
962,52
1178,52
6716,52
4294,52
4295,52
2222,52
7285,52
3677,52
1034,52
6884,52
583,52
3405,52
9142,52
4895,52
5306,52
9921,52
5795,52
3698,52
1514,52
6110,52
2840,52
1266,52
10273,52
3856,52
4281,52
4643,52
7296,52
6535,52
8345,52
5868,52
810,52
12693,52
1472,52
9052,52
8822,52
9693,52
5413,52
6975,52
11807,52
2236,52
8788,52
6303,52
2576,52
8677,52
10364,52
3315,52
5936,52
4373,52
12260,52
6643,52
11088,52
1816,52
12333,52
8288,52
7088,52
6950,52
4161,52
7680,52
173,52
4242,52
7737,52
1239,52
1963,52
6827,52
3604,52
1773,52
7236,52
8138,52
5875,52
6336,52
4144,52
3757,52
6121,52
3712,52
10414,52
1357,52
690,52
3301,52
3598,52
2411,52
2935,52
8224,52
4500,52
2187,52
13487,52
3671,52
71,52
6083,52
5588,52
2301,52
2264,52
8271,52
7042,52
8875,52
7377,52
3065,52
5652,52
5356,52
2240,52
2764,52
8993,52
6854,52
7344,52
172,52
7651,52
6438,52
7734,52
6090,52
4629,52
6764,52
11482,52
650,52
6580,52
1147,52
731,52
4420,52
3337,52
7586,52
4844,52
1453,52
8267,52
5910,52
8563,52
3506,52
3531,52
4759,52
1074,52
3907,52
709,52
5788,52
3872,52
5819,52
7766,52
3873,52
2428,52
4897,52
2914,53
4439,53
5509,53
4627,53
7688,53
6575,53
5394,53
2646,53
5776,53
4373,53
956,53
12260,53
4938,53
1781,53
1948,53
7949,53
2884,53
6643,53
11088,53
3441,53
2119,53
4123,53
115,53
1638,53
10680,53
8288,53
6744,53
7795,53
1847,53
11956,53
6950,53
11759,53
3607,53
4576,53
3278,53
10269,53
7680,53
2617,53
4917,53
850,53
7737,53
3401,53
1239,53
6827,53
7097,53
2791,53
1322,53
2016,53
3604,53
4015,53
4371,53
10580,53
12095,53
1773,53
926,53
1451,53
7657,53
8138,53
6959,53
417,53
3406,53
7495,53
1298,53
1930,53
1671,53
3896,53
3310,53
2271,53
8565,53
3757,53
6121,53
3509,53
8233,53
3712,53
10414,53
5479,53
5960,53
7183,53
3301,53
5930,53
3935,53
8931,53
1160,53
12087,53
118,53
3075,53
2935,53
3011,53
2563,53
7365,53
3045,53
11140,53
6085,53
4500,53
13487,53
3671,53
5734,53
3574,53
2264,53
3722,53
8271,53
7042,53
5722,53
5761,53
6772,53
8898,53
34,53
7377,53
2381,53
2526,53
1330,53
8088,53
6260,53
8852,53
6064,53
3065,53
427,53
5652,53
5303,53
5356,53
2240,53
2764,53
1230,53
7717,53
3168,53
4551,53
602,53
5730,53
4294,53
2222,53
7285,53
2185,53
3677,53
1034,53
583,53
3405,53
7651,53
6273,53
4388,53
9085,53
5306,53
3008,53
707,53
11166,53
6063,53
12969,53
6096,53
6530,53
8409,53
5231,53
9921,53
5795,53
7734,53
7177,53
6090,53
4629,53
11482,53
650,53
6580,53
284,53
8057,53
6123,53
2326,53
731,53
10273,53
3766,53
430,53
3337,53
2217,53
4930,53
3856,53
4281,53
7586,53
1453,53
8267,53
5910,53
4643,53
8563,53
4554,53
785,53
8476,53
3506,53
3531,53
7296,53
909,53
6535,53
179,53
5566,53
3963,53
810,53
1655,53
1074,53
7768,53
8822,53
1843,53
5413,53
8836,53
9222,53
3872,53
5819,53
8579,53
7797,53
7230,53
13187,53
5097,53
2671,53
2428,53
4897,53
2040,53
2236,53
1481,53
25,53
7434,54
6303,54
1783,54
3811,54
1023,54
2576,54
8079,54
188,54
5115,54
8325,54
8677,54
10364,54
3315,54
1660,54
2592,54
5936,54
5839,54
2878,54
3898,54
3128,54
8145,54
8561,54
2706,54
6405,54
1153,54
8177,54
1816,54
6590,54
12333,54
2231,54
1,54
8351,54
797,54
3569,54
7088,54
7881,54
4161,54
173,54
4639,54
12379,54
4242,54
1963,54
8914,54
3412,54
1335,54
6836,54
7203,54
10735,54
8945,54
6009,54
11780,54
5547,54
2257,54
7236,54
126,54
2738,54
177,54
11087,54
2160,54
5875,54
6336,54
6286,54
4144,54
3411,54
8726,54
3403,54
1020,54
6261,54
1357,54
4418,54
849,54
4155,54
8643,54
4028,54
690,54
6359,54
5423,54
3598,54
5327,54
10805,54
2411,54
6215,54
898,54
8224,54
7317,54
2187,54
5244,54
71,54
6083,54
5588,54
3928,54
2301,54
6652,54
5972,54
1721,54
8875,54
4778,54
5996,54
4148,54
5171,54
3589,54
3855,54
1181,54
12950,54
3143,54
2753,54
3102,54
9475,54
3264,54
4892,54
11875,54
1062,54
962,54
1178,54
1478,54
3689,54
6716,54
4295,54
8993,54
8068,54
7999,54
10007,54
6854,54
7344,54
6884,54
172,54
8063,54
9142,54
4895,54
6438,54
11335,54
11480,54
7628,54
4278,54
3698,54
6764,54
1514,54
6110,54
3904,54
4182,54
2840,54
7058,54
5591,54
1266,54
1147,54
4420,54
1393,54
2113,54
2451,54
12211,54
4844,54
7198,54
3947,54
1271,54
7080,54
4759,54
8345,54
8922,54
7504,54
4816,54
5868,54
12693,54
1472,54
9052,54
3907,54
709,54
9693,54
5788,54
10058,54
6975,54
1439,54
7766,54
3362,54
11807,54
4222,54
4579,54
3873,54
8134,54
4382,54
2242,54
8848,54
8788,54
6552,54
82,55
10694,55
6632,55
5587,55
6968,55
5277,55
2000,55
8578,55
1094,55
4050,55
7138,55
4806,55
8941,55
5738,55
8217,55
4696,55
5670,55
8502,55
291,55
3790,55
7469,55
7044,55
5475,55
11020,55
6723,55
3090,55
5672,55
2450,55
5284,55
8421,55
2235,55
4030,55
7544,55
3954,55
1841,55
8475,55
3514,55
2298,55
2365,55
835,55
3723,55
7549,55
3072,55
1300,55
2459,55
4018,55
5614,55
9868,55
7414,55
3663,55
8793,55
3638,55
3522,55
2349,55
3751,55
5879,55
5213,55
6525,55
8648,55
7692,55
4907,55
7866,55
2316,55
1122,55
4507,55
6395,55
7903,55
2177,55
2088,55
752,55
6151,55
7363,55
4193,55
1877,55
3719,55
5968,55
2114,55
3539,55
7926,55
3426,55
5664,55
1097,55
1397,55
3283,55
7946,55
1882,55
4454,55
6307,55
6502,55
4923,55
6578,55
907,55
2729,55
1977,55
4132,55
1301,55
375,55
364,55
7091,55
3584,55
2834,55
1838,55
9096,55
6002,55
6026,55
3683,55
319,55
1052,55
7393,55
3047,55
11174,55
1534,55
6141,55
2605,55
7202,55
7848,55
7282,55
8256,55
3022,55
4751,55
4398,55
1283,55
7610,55
9115,55
3033,55
873,55
2416,55
532,55
8646,55
2552,55
384,55
3704,55
748,55
317,55
4974,55
2970,55
7576,55
4359,55
5513,55
4272,55
7381,55
2438,55
2789,55
1936,55
1200,55
8204,55
6757,55
2832,55
1939,55
8056,55
7133,55
820,55
5511,55
8073,55
7426,55
215,55
1204,55
3547,55
6961,55
7593,55
8619,55
2918,55
6689,55
3525,55
6544,55
4840,55
3961,55
2056,55
1714,55
3648,55
8180,55
2915,55
4249,55
646,55
6545,55
8223,55
4265,55
3209,55
4797,55
99,55
2899,55
511,55
10255,55
8091,55
113,55
7920,55
977,55
472,55
2629,55
79,55
2946,55
5461,55
7485,55
2579,55
1258,55
152,55
3255,55
7767,55
9016,55
1599,55
6489,55
8727,55
3071,55
2794,55
7053,55
1770,55
2370,55
3308,55
7827,55
6560,55
6017,55
7973,55
573,55
5328,55
1124,55
1661,55
7112,55
9925,55
9028,55
4837,55
2912,55
6947,55
4888,55
3044,55
5382,55
5833,55
8925,55
1887,55
9126,55
6023,55
1772,55
4375,55
7266,55
356,55
139,55
6699,55
1031,55
1486,55
2510,55
5983,55
5753,55
1457,55
78,55
3219,55
2464,55
7164,55
4760,55
2962,55
751,55
5562,55
6348,55
4764,55
1537,55
1598,55
1556,55
3400,55
1105,55
5852,55
8826,55
7842,55
792,55
2778,55
8341,55
5021,55
5266,55
8999,55
406,55
508,55
8519,55
9533,55
434,55
8017,55
7192,55
8486,55
3949,55
1818,55
6180,55
7718,55
6635,55
4943,55
592,55
3518,55
6754,55
9618,55
2745,55
3013,55
8956,55
4996,55
5316,55
9094,55
1692,55
2567,55
1976,55
1713,55
4093,55
4631,55
1096,55
2635,55
6701,55
4901,55
359,55
1839,55
5002,55
1383,55
1796,55
2260,55
3205,55
7808,55
160,55
3650,55
7500,55
4037,55
5978,55
3536,55
3990,55
7149,55
8887,55
4353,55
4197,55
5561,55
4855,55
492,55
5128,55
3435,55
7151,55
4650,55
6529,55
1702,55
673,55
5828,55
1725,55
2278,55
5120,55
1865,55
4680,55
7314,55
7352,55
1643,55
5798,55
4786,55
7703,55
4618,55
1885,55
7371,55
8495,55
867,55
2672,55
7935,55
2521,55
6775,55
6075,55
4967,55
2842,55
2688,55
4880,55
3866,55
262,55
1476,55
2618,55
1487,55
6251,55
7987,55
4814,55
1747,55
3610,55
8236,55
1541,55
4175,55
6706,55
4549,55
2822,55
3782,55
6873,55
5884,55
3614,55
1931,55
7322,55
2144,55
6413,55
3980,55
4301,55
7036,55
7308,55
1546,55
3443,55
2249,55
1623,55
4494,55
8926,55
6192,55
702,55
8809,55
2036,55
1270,55
6357,55
4672,55
8698,55
1246,55
2327,55
5331,55
6828,55
1051,55
203,55
2227,55
3397,55
7573,55
668,55
3383,55
6658,55
3504,55
2332,55
2355,55
2384,55
8602,55
8407,55
5606,55
7708,55
6414,55
7652,55
3189,55
2797,55
282,55
2546,55
2677,55
714,55
5163,55
4678,55
5726,55
4060,55
617,55
6794,55
7445,55
2115,55
3579,55
385,55
6715,55
455,55
328,55
7674,55
3902,55
4233,55
7265,55
7498,55
6102,55
5986,55
8335,55
143,55
4995,55
6864,55
1272,55
1410,55
4189,55
2106,55
1900,55
6346,55
8211,55
4166,55
505,55
6255,55
723,55
5998,55
3050,55
8171,55
2100,55
2156,55
8548,55
6829,55
2624,55
7784,55
7863,55
7994,55
7378,55
8974,55
5754,55
1434,55
4181,55
4603,55
8467,55
8568,55
8768,55
3995,55
732,55
1364,55
582,55
2297,55
3415,55
4496,55
5543,55
3459,55
2307,55
6390,55
7567,55
5212,55
3785,55
5072,55
7943,55
377,55
4125,55
674,55
488,55
8364,55
6281,55
1091,55
8251,55
2653,55
514,55
6831,55
6340,55
868,55
7385,55
3158,55
7969,55
4414,55
645,55
8988,55
919,55
8876,55
3018,55
981,55
1635,55
6059,55
3026,55
1199,55
1910,55
2818,55
4459,55
8497,55
7853,55
6130,55
6073,55
5186,55
3497,55
1059,55
7614,55
2462,55
9,55
3064,55
6250,55
8951,55
5381,55
5549,55
7829,55
10474,55
7351,55
832,55
5935,55
4752,55
1869,55
8659,55
2125,55
4600,55
6567,55
5407,55
8784,55
6654,55
5727,55
315,55
7121,55
8755,55
874,55
902,55
7263,55
6647,55
5639,55
4524,55
5780,55
7929,55
2530,55
6510,55
9599,55
1581,55
638,55
6812,55
6852,55
7682,55
5476,55
6816,55
5541,55
4002,55
5488,55
4406,55
2399,55
8030,55
4767,55
8901,55
445,55
8498,55
8116,55
8169,55
5480,55
1015,55
594,55
9072,55
7704,55
839,55
163,55
2403,55
2887,55
3001,55
948,55
7218,55
3865,55
5715,55
2628,55
1240,55
4211,55
6476,55
9102,55
7588,55
2615,55
7802,55
3342,55
8389,55
1320,55
4232,55
3421,55
5710,55
7845,55
2485,55
5144,55
8762,55
6367,55
3041,55
784,55
8164,55
4218,55
8733,55
7631,55
1132,55
1184,55
1452,55
2146,55
8183,55
46,55
5598,55
6343,55
653,55
8867,55
1762,55
1656,55
8473,55
6586,55
2503,55
13052,55
4104,55
4225,55
1549,55
6105,55
194,55
2514,55
509,55
8044,55
1084,55
2189,55
2886,55
905,55
6042,55
2031,55
8369,55
7832,55
10740,55
8550,55
7879,55
6057,55
10556,55
7256,55
5255,55
8542,55
2037,55
2439,55
1971,55
663,55
8337,55
2758,55
4605,55
9353,55
9721,55
5923,55
2374,55
4836,55
2523,55
5784,55
8927,55
2190,55
7897,55
2035,55
347,55
9738,55
8861,55
8329,55
5615,55
730,55
1333,55
8405,55
4079,55
577,55
1458,55
8540,55
5961,55
6718,55
4607,55
4668,55
7850,55
300,55
4452,55
3502,55
6048,55
1252,55
2861,55
8250,55
5487,55
82,56
10694,56
6968,56
5277,56
1094,56
4806,56
8941,56
5738,56
8217,56
4696,56
5670,56
8502,56
291,56
7469,56
7044,56
5475,56
11020,56
6723,56
2450,56
5284,56
2235,56
7544,56
3954,56
1841,56
3514,56
2298,56
2365,56
835,56
3723,56
3072,56
7549,56
2459,56
5614,56
7414,56
8793,56
3638,56
2349,56
3751,56
5879,56
6525,56
8648,56
7692,56
2316,56
4507,56
6395,56
7903,56
4193,56
1877,56
2114,56
3539,56
7926,56
3426,56
5664,56
7946,56
4454,56
6307,56
6502,56
4923,56
1977,56
1301,56
375,56
3584,56
6002,56
6026,56
3683,56
319,56
7393,56
3047,56
11174,56
2605,56
7848,56
8256,56
4398,56
1283,56
7610,56
9115,56
873,56
2416,56
532,56
2552,56
384,56
3704,56
748,56
317,56
2970,56
7576,56
4359,56
5513,56
4272,56
7381,56
2438,56
1936,56
1200,56
6757,56
2832,56
1939,56
8056,56
7133,56
5511,56
7426,56
215,56
1204,56
3547,56
6961,56
7593,56
4840,56
3961,56
2056,56
1714,56
3648,56
646,56
8223,56
2899,56
10255,56
8091,56
113,56
7920,56
977,56
2629,56
79,56
2946,56
5461,56
7485,56
3255,56
7767,56
9016,56
3071,56
2794,56
7053,56
3308,56
7827,56
6017,56
7973,56
573,56
5328,56
1124,56
1661,56
7112,56
9925,56
4837,56
2912,56
4888,56
3044,56
5382,56
5833,56
8925,56
1887,56
9126,56
1772,56
356,56
139,56
2510,56
1457,56
5753,56
3219,56
7164,56
4760,56
751,56
5562,56
6348,56
4764,56
3400,56
1105,56
5852,56
7842,56
792,56
2778,56
8341,56
5021,56
5266,56
406,56
9533,56
8017,56
7192,56
8486,56
3949,56
1818,56
6180,56
7718,56
6635,56
4943,56
592,56
3518,56
6754,56
9618,56
2745,56
3013,56
4996,56
5316,56
9094,56
2567,56
1713,56
4093,56
4631,56
1096,56
2635,56
6701,56
4901,56
359,56
5002,56
1796,56
2260,56
3205,56
7808,56
160,56
3650,56
4037,56
3536,56
3990,56
7149,56
4353,56
4197,56
3435,56
4650,56
6529,56
673,56
5828,56
1725,56
2278,56
7314,56
7352,56
1643,56
5798,56
4786,56
7703,56
1885,56
7371,56
867,56
2521,56
4880,56
2842,56
3866,56
262,56
1487,56
6251,56
7987,56
4814,56
1747,56
3610,56
8236,56
1541,56
4175,56
6706,56
4549,56
2822,56
3782,56
6873,56
2144,56
3980,56
4301,56
7036,56
7308,56
3443,56
4494,56
1623,56
8926,56
8809,56
2036,56
1270,56
6357,56
4672,56
8698,56
1246,56
2327,56
5331,56
6828,56
1051,56
203,56
7573,56
668,56
3383,56
3504,56
2332,56
2355,56
2384,56
8602,56
8407,56
5606,56
7708,56
7652,56
3189,56
2797,56
2546,56
2677,56
714,56
4060,56
617,56
6794,56
7445,56
3579,56
6715,56
455,56
328,56
7674,56
7265,56
6102,56
8335,56
143,56
4995,56
6864,56
2106,56
1900,56
6346,56
8211,56
4166,56
6255,56
723,56
5998,56
3050,56
8171,56
2100,56
2156,56
8548,56
2624,56
7784,56
7863,56
5754,56
1434,56
4181,56
8467,56
8568,56
8768,56
582,56
2297,56
4496,56
3459,56
6390,56
7567,56
5072,56
7943,56
377,56
4125,56
674,56
8364,56
6281,56
8251,56
2653,56
6831,56
868,56
7385,56
3158,56
4414,56
645,56
8988,56
919,56
3018,56
981,56
1635,56
6059,56
3026,56
1199,56
1910,56
2818,56
7853,56
6130,56
5186,56
3497,56
7614,56
2462,56
3064,56
6250,56
5381,56
7829,56
10474,56
7351,56
832,56
5935,56
4752,56
8659,56
2125,56
4600,56
5407,56
6654,56
315,56
7121,56
8755,56
874,56
902,56
7263,56
5639,56
4524,56
5780,56
7929,56
6510,56
9599,56
1581,56
6812,56
6852,56
4002,56
2399,56
4767,56
8901,56
8498,56
445,56
8116,56
5480,56
1015,56
9072,56
163,56
2887,56
3001,56
7218,56
3865,56
5715,56
1240,56
6476,56
9102,56
7588,56
3342,56
8389,56
4232,56
3421,56
7845,56
5144,56
3041,56
8164,56
4218,56
7631,56
1132,56
1184,56
2146,56
46,56
5598,56
653,56
1762,56
1656,56
8473,56
6586,56
13052,56
4104,56
1549,56
6105,56
194,56
2514,56
8044,56
1084,56
905,56
6042,56
2031,56
7832,56
10740,56
7879,56
7256,56
2439,56
1971,56
663,56
8337,56
2758,56
9353,56
9721,56
5923,56
2374,56
4836,56
5784,56
2035,56
9738,56
347,56
8861,56
5615,56
730,56
4079,56
8405,56
1458,56
8540,56
5961,56
7850,56
300,56
4452,56
3502,56
6048,56
1252,56
2861,56
8250,56
981,57
3961,57
10694,57
2056,57
1635,57
6059,57
6968,57
5277,57
1714,57
3648,57
8223,57
1094,57
3026,57
1910,57
4880,57
2818,57
7853,57
4806,57
10255,57
5738,57
8091,57
7920,57
6130,57
977,57
5186,57
3497,57
6251,57
7987,57
4814,57
4696,57
2629,57
79,57
5670,57
2946,57
5461,57
1747,57
4175,57
1541,57
291,57
5381,57
11020,57
6723,57
7767,57
7351,57
9016,57
4549,57
5935,57
4752,57
2450,57
2822,57
3782,57
3071,57
8659,57
2794,57
2125,57
7053,57
5284,57
4600,57
6017,57
3514,57
315,57
7121,57
8755,57
573,57
2365,57
1661,57
835,57
3980,57
3723,57
7112,57
3072,57
7549,57
2459,57
4301,57
9925,57
7036,57
7308,57
3443,57
5639,57
7414,57
7929,57
4494,57
902,57
8926,57
8793,57
2912,57
1581,57
3638,57
3044,57
8809,57
6852,57
2349,57
5833,57
3751,57
8925,57
5879,57
6525,57
9126,57
6357,57
8648,57
4672,57
1772,57
356,57
5331,57
6828,57
1457,57
5753,57
1051,57
4767,57
203,57
4507,57
8901,57
6395,57
8116,57
7573,57
668,57
7903,57
5480,57
1015,57
3504,57
9072,57
2355,57
2384,57
7164,57
163,57
751,57
8602,57
2887,57
6348,57
1877,57
5606,57
3001,57
7708,57
7218,57
2114,57
4764,57
7652,57
2797,57
3400,57
7926,57
1105,57
5852,57
2677,57
714,57
3342,57
792,57
2778,57
5664,57
5021,57
5266,57
7946,57
4232,57
617,57
6794,57
7845,57
9533,57
6307,57
5144,57
7445,57
7192,57
8486,57
6715,57
455,57
328,57
8164,57
7631,57
4923,57
3949,57
1818,57
7265,57
1977,57
6102,57
1132,57
8335,57
2146,57
4943,57
4995,57
5598,57
3518,57
6754,57
6864,57
9618,57
1762,57
1656,57
8473,57
3683,57
6026,57
1900,57
6346,57
13052,57
3047,57
11174,57
2605,57
1549,57
6255,57
723,57
5998,57
6105,57
2156,57
7848,57
4093,57
1096,57
2635,57
6701,57
4901,57
8256,57
359,57
8548,57
7784,57
7863,57
194,57
8044,57
1084,57
1796,57
5754,57
1434,57
4181,57
6042,57
7610,57
2031,57
7832,57
10740,57
9115,57
8768,57
7879,57
873,57
2416,57
532,57
3205,57
2552,57
2439,57
582,57
748,57
317,57
160,57
7263,57
2970,57
4496,57
4037,57
7576,57
3459,57
3990,57
9353,57
4359,57
9721,57
7149,57
5923,57
4836,57
4197,57
4272,57
5784,57
5072,57
7943,57
2035,57
9738,57
4125,57
674,57
8861,57
5615,57
730,57
8251,57
5511,57
1458,57
2653,57
7426,57
673,57
215,57
5961,57
1204,57
6961,57
300,57
868,57
4452,57
3158,57
1252,57
7352,57
645,57
4786,57
8250,57
919,57
3018,57
6059,58
3648,58
8223,58
1094,58
3026,58
1910,58
4880,58
10255,58
7920,58
6130,58
5461,58
5381,58
7767,58
9016,58
4752,58
2794,58
2125,58
6017,58
315,58
8755,58
2365,58
1661,58
3980,58
4301,58
7263,58
7308,58
3072,58
9925,58
7414,58
4494,58
8793,58
2349,58
3751,58
6525,58
9126,58
6357,58
4672,58
6828,58
203,58
4507,58
8901,58
8116,58
668,58
3504,58
9072,58
8602,58
2887,58
6348,58
1877,58
7218,58
7708,58
2114,58
1105,58
2677,58
5266,58
7946,58
4232,58
9533,58
6307,58
6715,58
455,58
8164,58
1818,58
6102,58
1132,58
2146,58
3518,58
9618,58
3047,58
1549,58
5998,58
2156,58
4093,58
359,58
8256,58
5754,58
10740,58
9115,58
8768,58
873,58
2416,58
582,58
2970,58
7576,58
3459,58
3990,58
9353,58
9721,58
5923,58
4197,58
7943,58
4125,58
5511,58
1458,58
7426,58
215,58
1204,58
868,58
4452,58
1252,58
4786,58
981,59
3961,59
10694,59
2056,59
1635,59
6968,59
5277,59
1714,59
2818,59
7853,59
4806,59
8091,59
5738,59
5186,59
977,59
3497,59
6251,59
7987,59
4814,59
4696,59
2629,59
79,59
5670,59
2946,59
1747,59
4175,59
1541,59
291,59
11020,59
6723,59
7351,59
4549,59
5935,59
2450,59
2822,59
3782,59
3071,59
8659,59
7053,59
5284,59
4600,59
3514,59
7121,59
573,59
902,59
7036,59
7112,59
835,59
5639,59
3723,59
7549,59
2459,59
7929,59
3443,59
8926,59
2912,59
1581,59
3638,59
3044,59
8809,59
6852,59
5833,59
8925,59
5879,59
8648,59
1772,59
356,59
5331,59
1457,59
5753,59
1051,59
4767,59
6395,59
7573,59
7903,59
5480,59
1015,59
2355,59
2384,59
7164,59
163,59
751,59
5606,59
3001,59
4764,59
7652,59
2797,59
3400,59
7926,59
5852,59
3342,59
714,59
792,59
2778,59
5664,59
5021,59
617,59
6794,59
7845,59
5144,59
7445,59
7192,59
8486,59
328,59
7631,59
4923,59
3949,59
7265,59
1977,59
8335,59
4943,59
4995,59
5598,59
6754,59
6864,59
1762,59
1656,59
8473,59
3683,59
6026,59
1900,59
6346,59
13052,59
11174,59
2605,59
6255,59
723,59
6105,59
7848,59
1096,59
2635,59
194,59
6701,59
4901,59
8548,59
8044,59
7784,59
7863,59
1084,59
1796,59
1434,59
4181,59
6042,59
7610,59
2031,59
7832,59
7879,59
3205,59
532,59
2552,59
2439,59
748,59
317,59
160,59
4496,59
4037,59
4359,59
7149,59
4836,59
4272,59
5784,59
5072,59
2035,59
9738,59
674,59
8861,59
5615,59
730,59
8251,59
2653,59
673,59
5961,59
6961,59
300,59
3158,59
7352,59
645,59
8250,59
919,59
3018,59
981,60
10694,60
2056,60
1635,60
6968,60
5277,60
1714,60
2818,60
7853,60
4806,60
8091,60
5738,60
5186,60
977,60
3497,60
6251,60
7987,60
4814,60
4696,60
2629,60
79,60
5670,60
2946,60
1541,60
291,60
11020,60
6723,60
7351,60
4549,60
5935,60
2822,60
3782,60
3071,60
8659,60
7053,60
5284,60
4600,60
3514,60
7121,60
573,60
7036,60
835,60
3723,60
902,60
7549,60
7112,60
5639,60
2459,60
3443,60
8926,60
3638,60
8809,60
6852,60
5833,60
8925,60
5879,60
1772,60
356,60
5331,60
1457,60
5753,60
1051,60
4767,60
7573,60
5480,60
1015,60
2355,60
2384,60
7164,60
163,60
751,60
5606,60
3001,60
4764,60
7652,60
2797,60
3400,60
7926,60
5852,60
3342,60
714,60
792,60
2778,60
5664,60
5021,60
617,60
6794,60
5144,60
7445,60
7192,60
8486,60
328,60
7631,60
4923,60
7265,60
4943,60
5598,60
6754,60
6864,60
1762,60
1656,60
3683,60
6026,60
1900,60
6346,60
13052,60
2605,60
723,60
7848,60
1096,60
2635,60
194,60
6701,60
4901,60
8548,60
8044,60
7863,60
1084,60
1796,60
1434,60
4181,60
6042,60
7610,60
2031,60
7879,60
3205,60
532,60
2552,60
2439,60
317,60
160,60
4496,60
4037,60
4359,60
7149,60
4836,60
4272,60
5784,60
674,60
8861,60
5615,60
730,60
8251,60
2653,60
673,60
5961,60
6961,60
300,60
3158,60
7352,60
645,60
8250,60
919,60
3018,60
7929,61
3961,61
2912,61
1581,61
7845,61
748,61
3044,61
3949,61
1977,61
8648,61
8335,61
4995,61
5072,61
2035,61
9738,61
1747,61
8473,61
4175,61
6395,61
7903,61
11174,61
6255,61
6105,61
2450,61
7784,61
7832,61
7371,62
82,62
4840,62
867,62
646,62
2521,62
1199,62
2899,62
2842,62
3866,62
262,62
8941,62
8217,62
113,62
1487,62
7614,62
2462,62
3610,62
3064,62
7485,62
8502,62
8236,62
6250,62
7469,62
6706,62
7829,62
7044,62
5475,62
10474,62
3255,62
832,62
6873,62
2235,62
3308,62
7544,62
7827,62
5407,62
3954,62
1841,62
6654,62
2298,62
7973,62
2144,62
5328,62
1124,62
874,62
4524,62
5780,62
5614,62
6510,62
4837,62
1623,62
9599,62
4888,62
6812,62
5382,62
2036,62
1887,62
1270,62
4002,62
8698,62
1246,62
7692,62
139,62
2327,62
2510,62
2399,62
2316,62
8498,62
445,62
3219,62
3383,62
2332,62
4760,62
5562,62
4193,62
8407,62
3865,62
5715,62
1240,62
3189,62
6476,62
3539,62
9102,62
7588,62
2546,62
3426,62
7842,62
8341,62
8389,62
4060,62
406,62
3421,62
4454,62
8017,62
3041,62
3579,62
6502,62
4218,62
7674,62
6180,62
7718,62
1184,62
1301,62
375,62
6635,62
592,62
143,62
46,62
653,62
3584,62
2745,62
3013,62
4996,62
9094,62
5316,62
6002,62
2106,62
6586,62
319,62
2567,62
7393,62
8211,62
4166,62
4104,62
1713,62
3050,62
8171,62
2100,62
4631,62
2514,62
2624,62
5002,62
4398,62
905,62
1283,62
8467,62
8568,62
2260,62
7256,62
384,62
7808,62
3704,62
1971,62
3650,62
2297,62
663,62
3536,62
8337,62
2758,62
6390,62
7567,62
2374,62
4353,62
5513,62
7381,62
2438,62
1936,62
3435,62
377,62
347,62
1200,62
4650,62
6757,62
2832,62
6529,62
1939,62
8056,62
8364,62
6281,62
4079,62
8405,62
7133,62
8540,62
6831,62
3547,62
7593,62
5828,62
1725,62
7850,62
3502,62
7385,62
2278,62
6048,62
4414,62
7314,62
2861,62
1643,62
5798,62
8988,62
7703,62
1885,62
7371,63
867,63
646,63
1199,63
2842,63
3866,63
262,63
8941,63
113,63
1487,63
7614,63
2462,63
7485,63
6706,63
7829,63
7044,63
5475,63
10474,63
3255,63
832,63
2235,63
7544,63
7827,63
2298,63
7973,63
2144,63
5328,63
874,63
4524,63
5780,63
1623,63
9599,63
4888,63
5382,63
2036,63
1887,63
1270,63
4002,63
8698,63
1246,63
139,63
2316,63
8498,63
445,63
3219,63
3383,63
2332,63
8407,63
5715,63
1240,63
3189,63
6476,63
3539,63
9102,63
7588,63
2546,63
3426,63
8341,63
4060,63
3421,63
8017,63
3041,63
3579,63
6502,63
4218,63
7674,63
7718,63
1184,63
143,63
6635,63
653,63
3013,63
9094,63
6002,63
319,63
7393,63
4166,63
4104,63
3050,63
8171,63
2100,63
2514,63
5002,63
1283,63
8467,63
2260,63
7256,63
7808,63
3704,63
8337,63
2758,63
6390,63
4353,63
2438,63
1936,63
3435,63
1200,63
6529,63
6757,63
1939,63
8056,63
6281,63
8405,63
8540,63
3547,63
7850,63
7385,63
2278,63
6048,63
7314,63
1643,63
5798,63
7703,63
4840,64
82,64
2521,64
2899,64
8217,64
3610,64
3064,64
8236,64
8502,64
6250,64
7469,64
6873,64
3308,64
5407,64
3954,64
1841,64
6654,64
1124,64
5614,64
6510,64
4837,64
6812,64
7692,64
2327,64
2510,64
2399,64
4760,64
5562,64
4193,64
3865,64
7842,64
8389,64
406,64
4454,64
6180,64
1301,64
375,64
592,64
46,64
3584,64
2745,64
4996,64
5316,64
2106,64
6586,64
2567,64
8211,64
1713,64
4631,64
2624,64
4398,64
905,64
8568,64
384,64
1971,64
3650,64
2297,64
663,64
3536,64
7567,64
2374,64
5513,64
7381,64
377,64
347,64
4650,64
2832,64
8364,64
4079,64
7133,64
6831,64
5828,64
7593,64
1725,64
3502,64
4414,64
2861,64
8988,64
1885,64
8389,65
384,65
4840,65
4837,65
406,65
1971,65
6812,65
663,65
3536,65
5513,65
8217,65
375,65
7692,65
2327,65
2510,65
347,65
4650,65
2745,65
3610,65
8236,65
8502,65
2106,65
4079,65
7469,65
7133,65
2567,65
7593,65
4631,65
5562,65
6873,65
4193,65
3502,65
4398,65
6654,65
7842,65
5614,66
6510,66
82,66
3650,66
4454,66
2297,66
2521,66
2899,66
6180,66
7567,66
2374,66
1301,66
7381,66
592,66
46,66
377,66
2399,66
3584,66
2832,66
4996,66
5316,66
3064,66
6250,66
8364,66
6586,66
8211,66
1713,66
6831,66
5828,66
4760,66
1725,66
2624,66
3308,66
3865,66
5407,66
3954,66
1841,66
4414,66
2861,66
905,66
8988,66
8568,66
1124,66
1885,66
8495,67
6544,67
6632,67
5587,67
2672,67
4249,67
8180,67
2000,67
8578,67
2915,67
6545,67
4265,67
7935,67
99,67
3209,67
4797,67
6775,67
6075,67
4050,67
4967,67
2688,67
4459,67
511,67
8497,67
7138,67
1476,67
2618,67
6073,67
472,67
1059,67
9,67
3790,67
8951,67
2579,67
5549,67
1258,67
152,67
3090,67
5672,67
1599,67
8727,67
6489,67
1869,67
5884,67
1770,67
8421,67
4030,67
2370,67
3614,67
1931,67
6567,67
8784,67
8475,67
6560,67
7322,67
5727,67
6413,67
6647,67
4018,67
1300,67
1546,67
9868,67
9028,67
2530,67
2249,67
6192,67
702,67
3663,67
6947,67
638,67
3522,67
8876,67
7682,67
5476,67
6816,67
5213,67
6023,67
5541,67
4375,67
5488,67
4406,67
7266,67
4907,67
6699,67
1031,67
7866,67
1486,67
5983,67
1122,67
8030,67
2227,67
3397,67
78,67
8169,67
2464,67
6658,67
2177,67
594,67
2088,67
7704,67
839,67
2962,67
752,67
6151,67
7363,67
2403,67
948,67
3719,67
2628,67
5968,67
6414,67
4211,67
1537,67
1598,67
1556,67
282,67
2615,67
8826,67
7802,67
5163,67
8999,67
1097,67
1397,67
3283,67
4678,67
5726,67
1320,67
1882,67
508,67
8519,67
5710,67
2485,67
434,67
8762,67
2115,67
6367,67
385,67
784,67
8733,67
907,67
6578,67
2729,67
3902,67
4233,67
4132,67
7498,67
5986,67
1452,67
8183,67
6343,67
364,67
7091,67
1272,67
2834,67
8956,67
8867,67
1410,67
1838,67
9096,67
4189,67
1692,67
2503,67
1052,67
4225,67
1534,67
6141,67
1976,67
505,67
7202,67
7282,67
6829,67
3022,67
1839,67
7994,67
509,67
2189,67
4751,67
1383,67
7378,67
8974,67
2886,67
4603,67
8369,67
8550,67
6057,67
3033,67
3995,67
10556,67
8646,67
732,67
5255,67
8542,67
1364,67
2037,67
4974,67
7500,67
3415,67
5543,67
5978,67
2307,67
4605,67
8887,67
2523,67
5561,67
5212,67
4855,67
492,67
3785,67
2789,67
8927,67
5128,67
2190,67
7897,67
7151,67
8204,67
488,67
8329,67
1091,67
1333,67
820,67
577,67
1702,67
8073,67
514,67
6718,67
8619,67
2918,67
6689,67
4607,67
6340,67
4668,67
3525,67
5120,67
1865,67
4680,67
7969,67
5487,67
4618,67
8495,68
6632,68
4249,68
6545,68
2000,68
8578,68
2915,68
6775,68
6075,68
4050,68
2688,68
511,68
7138,68
1476,68
6073,68
472,68
1059,68
9,68
8951,68
1258,68
152,68
1599,68
8727,68
6489,68
1869,68
1770,68
8421,68
2370,68
7322,68
6413,68
1300,68
1546,68
9868,68
9028,68
2249,68
702,68
3663,68
6947,68
3522,68
5476,68
5213,68
5541,68
4375,68
4406,68
7266,68
4907,68
7866,68
5983,68
1122,68
8030,68
78,68
8169,68
6658,68
594,68
2088,68
7704,68
2962,68
6151,68
7363,68
948,68
3719,68
2628,68
5968,68
6414,68
4211,68
1556,68
282,68
2615,68
7802,68
8826,68
4678,68
1097,68
1397,68
3283,68
1320,68
1882,68
508,68
8519,68
5710,68
2485,68
2115,68
6367,68
784,68
907,68
3902,68
4233,68
7498,68
5986,68
8183,68
6343,68
364,68
7091,68
1272,68
8956,68
8867,68
1410,68
9096,68
4189,68
2503,68
1052,68
4225,68
1534,68
7202,68
7994,68
1839,68
509,68
4751,68
8974,68
4603,68
8369,68
8550,68
3033,68
10556,68
8646,68
5255,68
8542,68
1364,68
2037,68
4974,68
2523,68
5561,68
5212,68
492,68
3785,68
2789,68
8927,68
2190,68
7897,68
7151,68
488,68
1333,68
820,68
577,68
1702,68
8073,68
514,68
6718,68
4607,68
2918,68
5120,68
1865,68
4680,68
8876,68
1546,69
1397,69
8495,69
8646,69
2249,69
702,69
8542,69
6632,69
508,69
8519,69
1364,69
6545,69
2000,69
2915,69
2115,69
6367,69
5476,69
4233,69
511,69
5541,69
6073,69
8927,69
2190,69
6343,69
7266,69
7091,69
1059,69
1272,69
7866,69
5983,69
7151,69
1122,69
9096,69
2503,69
8169,69
1258,69
1052,69
594,69
514,69
7704,69
1599,69
7202,69
8727,69
2962,69
6718,69
2918,69
6151,69
1770,69
8421,69
2370,69
3719,69
509,69
1865,69
2628,69
5968,69
7322,69
4751,69
8974,69
4211,69
4680,69
7802,69
8876,69
1397,70
8646,70
702,70
8519,70
1364,70
6545,70
2000,70
2915,70
6367,70
5476,70
4233,70
5541,70
6073,70
2190,70
6343,70
7266,70
7151,70
1272,70
7866,70
9096,70
1052,70
7704,70
7202,70
6718,70
2962,70
2918,70
6151,70
509,70
2370,70
2628,70
5968,70
7322,70
4751,70
8974,70
4680,70
7802,70
1546,71
8495,71
2249,71
8542,71
6632,71
508,71
2115,71
511,71
8927,71
7091,71
1059,71
5983,71
1122,71
2503,71
8169,71
1258,71
594,71
514,71
1599,71
8727,71
1770,71
8421,71
3719,71
1865,71
4211,71
8876,71
4249,72
8578,72
6775,72
6075,72
4050,72
2688,72
7138,72
1476,72
472,72
9,72
8951,72
152,72
6489,72
1869,72
6413,72
1300,72
9868,72
9028,72
3663,72
6947,72
3522,72
5213,72
4375,72
4406,72
4907,72
8030,72
78,72
6658,72
2088,72
7363,72
948,72
6414,72
1556,72
282,72
2615,72
8826,72
4678,72
1097,72
3283,72
1320,72
1882,72
5710,72
2485,72
784,72
907,72
3902,72
7498,72
5986,72
8183,72
364,72
8956,72
8867,72
1410,72
4189,72
4225,72
1534,72
7994,72
1839,72
4603,72
8369,72
8550,72
3033,72
10556,72
5255,72
2037,72
4974,72
2523,72
5561,72
5212,72
492,72
3785,72
2789,72
7897,72
488,72
1333,72
820,72
577,72
1702,72
8073,72
4607,72
5120,72
1097,73
9868,73
9028,73
3283,73
1320,73
1882,73
3663,73
6947,73
2037,73
5710,73
2485,73
4974,73
4249,73
8578,73
6075,73
907,73
7498,73
2523,73
7138,73
5986,73
1476,73
5561,73
5212,73
492,73
8183,73
3785,73
472,73
4406,73
4907,73
364,73
7897,73
488,73
8867,73
1410,73
9,73
8030,73
4189,73
1333,73
820,73
6658,73
152,73
1702,73
4225,73
2088,73
4607,73
948,73
6414,73
1556,73
4603,73
6413,73
282,73
8369,73
2615,73
8550,73
3033,73
1300,73
4678,73
1097,74
9868,74
9028,74
3283,74
1320,74
1882,74
3663,74
6947,74
2037,74
5710,74
2485,74
4974,74
4249,74
8578,74
6075,74
907,74
7498,74
2523,74
7138,74
5986,74
1476,74
5561,74
5212,74
492,74
8183,74
3785,74
472,74
4406,74
4907,74
364,74
488,74
8867,74
1410,74
9,74
8030,74
4189,74
1333,74
820,74
6658,74
152,74
1702,74
4225,74
2088,74
4607,74
948,74
4603,74
6413,74
282,74
8369,74
2615,74
3033,74
1300,74
4678,74
1556,75
8550,75
6414,75
7897,75
10556,76
5255,76
3522,76
6775,76
784,76
3902,76
4050,76
2688,76
5213,76
4375,76
2789,76
8956,76
8951,76
78,76
577,76
1534,76
8073,76
6489,76
1869,76
7363,76
7994,76
1839,76
5120,76
8826,76
6544,77
5587,77
2672,77
8180,77
4265,77
7935,77
99,77
3209,77
4797,77
4967,77
4459,77
8497,77
2618,77
3790,77
2579,77
5549,77
3090,77
5672,77
5884,77
4030,77
6567,77
3614,77
1931,77
8784,77
8475,77
6560,77
5727,77
6647,77
4018,77
2530,77
6192,77
638,77
7682,77
6816,77
6023,77
5488,77
6699,77
1031,77
1486,77
2227,77
3397,77
2464,77
2177,77
839,77
752,77
2403,77
1537,77
1598,77
5163,77
8999,77
5726,77
434,77
8762,77
385,77
8733,77
6578,77
2729,77
4132,77
1452,77
2834,77
1838,77
1692,77
1976,77
6141,77
505,77
7282,77
6829,77
3022,77
2189,77
1383,77
7378,77
2886,77
6057,77
3995,77
732,77
7500,77
3415,77
5543,77
5978,77
2307,77
4605,77
8887,77
4855,77
5128,77
8204,77
8329,77
1091,77
8619,77
6689,77
4668,77
6340,77
3525,77
7969,77
5487,77
4618,77
2530,78
6544,78
732,78
6192,78
5587,78
638,78
434,78
8762,78
2672,78
7500,78
8180,78
3415,78
385,78
5543,78
5978,78
2307,78
7682,78
3209,78
4797,78
6816,78
8733,78
4967,78
4459,78
8497,78
4132,78
4855,78
2618,78
1452,78
5128,78
1031,78
1486,78
8204,78
8329,78
1838,78
3790,78
2227,78
3397,78
2579,78
1692,78
5549,78
4618,78
2464,78
2177,78
1976,78
6141,78
505,78
3090,78
5672,78
839,78
8619,78
6689,78
4668,78
6340,78
3525,78
5884,78
6829,78
6567,78
3614,78
1931,78
2189,78
8784,78
8475,78
6560,78
1383,78
7378,78
1537,78
1598,78
2886,78
7969,78
6647,78
4018,78
3995,78
5587,79
434,79
8762,79
2672,79
7500,79
3415,79
2307,79
8733,79
4459,79
4855,79
1452,79
1486,79
8329,79
3790,79
2227,79
2177,79
1976,79
6141,79
505,79
6689,79
6340,79
3525,79
1931,79
1383,79
8784,79
8475,79
6560,79
4618,79
2530,80
732,80
6544,80
6192,80
638,80
8180,80
5543,80
385,80
5978,80
7682,80
3209,80
6816,80
4797,80
4967,80
4132,80
8497,80
2618,80
5128,80
1031,80
8204,80
1838,80
1692,80
3397,80
2579,80
5549,80
2464,80
3090,80
5672,80
839,80
8619,80
4668,80
5884,80
6829,80
6567,80
3614,80
2189,80
7969,80
7378,80
2886,80
1537,80
1598,80
6647,80
4018,80
3995,80
6567,81
7378,81
2886,81
3090,81
8180,81
1031,81
3209,81
2530,82
732,82
6544,82
6192,82
638,82
5543,82
385,82
5978,82
7682,82
4797,82
6816,82
4967,82
4132,82
8497,82
2618,82
5128,82
8204,82
1838,82
1692,82
3397,82
2579,82
5549,82
2464,82
5672,82
839,82
8619,82
4668,82
5884,82
6829,82
3614,82
2189,82
7969,82
1537,82
1598,82
6647,82
4018,82
3995,82
2530,83
732,83
6544,83
6192,83
638,83
5543,83
385,83
5978,83
7682,83
6816,83
4797,83
4967,83
4132,83
8497,83
2618,83
5128,83
8204,83
1838,83
1692,83
3397,83
2579,83
5549,83
2464,83
5672,83
839,83
4668,83
5884,83
6829,83
3614,83
2189,83
7969,83
1537,83
1598,83
6647,83
3995,83
8619,84
4018,84
5726,85
4265,85
7935,85
4605,85
99,85
5487,85
6578,85
2729,85
8887,85
6023,85
5488,85
6699,85
2834,85
1091,85
752,85
2403,85
7282,85
4030,85
3022,85
5727,85
6057,85
5163,85
8999,85
8887,86
6699,86
6057,86
2834,86
8999,86
6699,87
6057,88
2834,88
8887,88
8999,88
7282,89
6578,89
2729,89
5726,89
1091,89
4030,89
3022,89
6023,89
752,89
5727,89
5488,89
5163,89
4265,89
4605,89
99,89
5487,89
7935,89
2403,89
2729,90
4030,90
1091,90
6023,90
5488,90
4265,90
99,90
5487,90
7935,90
2403,90
7282,91
6578,91
5726,91
3022,91
4605,91
5727,91
752,91
5163,91
8408,92
4083,92
11216,92
3125,92
12932,92
7206,92
950,92
8022,92
1046,92
5027,92
9173,92
6242,92
3513,92
4863,92
6225,92
10608,92
596,92
13741,92
13815,92
294,92
9453,92
935,92
1334,92
14604,92
8472,92
10761,92
13995,92
14216,92
6422,92
3824,92
9220,92
12416,92
10555,92
11447,92
14460,92
13611,92
9214,92
14225,92
7184,92
6454,92
4042,92
1682,92
14459,92
14887,92
5424,92
13209,92
12389,92
12275,92
537,92
8883,92
12906,92
11813,92
5529,92
12092,92
14546,92
5904,92
3819,92
3842,92
5691,92
13552,92
12096,92
10227,92
7525,92
13432,92
12287,92
2823,92
12424,92
8140,92
14589,92
10154,92
13692,92
13025,92
10847,92
9637,92
1315,92
12301,92
11974,92
4009,92
2599,92
4446,92
3238,92
8825,92
8302,92
13155,92
9793,92
9003,92
13223,92
6748,92
9696,92
1745,92
2903,92
10,92
9740,92
6926,92
11433,92
13238,92
11281,92
4149,92
5207,92
5077,92
12700,92
7483,92
12435,92
12443,92
4307,92
6740,92
11748,92
4651,92
13601,92
5814,92
4238,92
4970,92
4845,92
6551,92
871,92
7826,92
10377,92
2458,92
13838,92
4830,92
1050,92
14714,92
6138,92
11827,92
4533,92
4927,92
4365,92
9328,92
1577,92
13246,92
4647,92
12105,92
12974,92
11869,92
94,92
12959,92
7075,92
9526,92
13408,92
13409,92
12527,92
10752,92
313,92
7427,92
13788,92
6572,92
2611,92
6981,92
13143,92
13375,92
9372,92
12504,92
2718,92
3434,92
11212,92
13740,92
10604,92
6943,92
12066,92
1997,92
708,92
6970,92
6259,92
7332,92
5515,92
4482,92
4652,92
5209,92
13988,92
10561,92
3236,92
322,92
4314,92
2200,92
7974,92
10970,92
3343,92
4036,92
14853,92
8015,92
6619,92
14250,92
12793,92
13879,92
1850,92
10234,92
5176,92
9258,92
6299,92
6747,92
3129,92
3052,92
8188,92
6304,92
3073,92
14073,92
3408,92
14423,92
1003,92
11903,92
242,92
1905,92
9827,92
13374,92
8425,92
4798,92
9815,92
10798,92
3884,92
11839,92
9797,92
8995,92
5265,92
14399,92
8667,92
8062,92
13088,92
5767,92
9536,92
6850,92
10386,92
12696,92
13798,92
9692,92
1681,92
9709,92
5629,92
14081,92
14246,92
11978,92
1797,92
3303,92
2205,92
11988,92
1806,92
10634,92
9664,92
6938,92
12409,92
4370,92
8587,92
9293,92
5922,92
10971,92
13312,92
3382,92
3666,92
10760,92
5172,92
726,92
11164,92
13208,92
620,92
10300,92
9557,92
903,92
3285,92
9266,92
836,92
12313,92
12810,92
2893,92
4106,92
11408,92
12299,92
1098,92
7287,92
6642,92
9468,92
6324,92
2942,92
12876,92
1420,92
14147,92
1245,92
8560,92
12739,92
3003,92
10130,92
12910,92
3588,92
7324,92
12821,92
9041,92
10828,92
753,92
14118,92
14339,92
13486,92
9167,92
13220,92
8855,92
13151,92
10142,92
12077,92
381,92
9146,92
8624,92
13964,92
9489,92
14758,92
10014,92
5373,92
1081,92
4885,92
2102,92
4546,92
10022,92
5319,92
5199,92
891,92
10314,92
11316,92
9260,92
2437,92
10051,92
8059,92
1539,92
466,92
14935,92
11952,92
11902,92
1940,92
11340,92
13776,92
14398,92
1981,92
9059,92
14006,92
7392,92
11874,92
9123,92
9201,92
9981,92
2828,92
966,92
9223,92
11892,92
13426,92
13957,92
1740,92
10139,92
7171,92
13767,92
812,92
11932,92
3746,92
13510,92
4575,92
9410,92
7241,92
12457,92
11387,92
1603,92
5309,92
10741,92
12206,92
3317,92
12241,92
10496,92
9697,92
9224,92
7234,92
5198,92
10186,92
8725,92
6958,92
9215,92
14748,92
5229,92
1470,92
12816,92
12207,92
4014,92
12173,92
6016,92
7986,92
10028,92
9342,92
14026,92
4711,92
14320,92
13438,92
10470,92
5421,92
9509,92
5770,92
2007,92
14738,92
11782,92
10695,92
3432,92
10939,92
5174,92
9237,92
1243,92
10878,92
9654,92
1996,92
2072,92
10784,92
8184,92
10811,92
5449,92
3633,92
8849,92
12973,92
7919,92
14352,92
5807,92
2259,92
14235,92
32,92
5099,92
14671,92
13832,92
11160,92
7506,92
6592,92
5312,92
9499,92
10202,92
10205,92
12404,92
6021,92
1878,92
14773,92
999,92
12338,92
3714,92
2543,92
13204,92
11439,92
10329,92
10547,92
6677,92
13551,92
7473,92
11168,92
6815,92
9058,92
12426,92
2824,92
12518,92
11717,92
593,92
13478,92
1088,92
10367,92
669,92
13727,92
6615,92
6640,92
3384,92
14193,92
6745,92
2875,92
6351,92
10568,92
3176,92
10937,92
6198,92
3843,92
5374,92
10426,92
8686,92
7194,92
5330,92
828,92
7532,92
4740,92
8851,92
5257,92
4231,92
6407,92
5170,92
8277,92
6725,92
4347,92
13410,92
3030,92
3711,92
12775,92
8230,92
2622,92
2256,92
8592,92
1161,92
9501,92
4572,92
5095,92
13450,92
13984,92
4436,92
14212,92
12422,92
7695,92
2104,92
10092,92
7632,92
5804,92
2422,92
10187,92
13411,92
223,92
8894,92
11453,92
9326,92
7980,92
12594,92
1707,92
11085,92
13717,92
10707,92
5860,92
11823,92
13098,92
4769,92
9119,92
12417,92
1365,92
8544,92
4484,92
2058,92
14904,92
851,92
1943,92
1107,92
4755,92
9451,92
9502,92
5484,92
6315,92
9651,92
7156,92
8342,92
12823,92
10097,92
13460,92
13322,92
1786,92
3834,92
13442,92
11711,92
3792,92
12365,92
11521,92
12542,92
3456,92
3505,92
2782,92
7679,92
3810,92
9811,92
11376,92
7741,92
7873,92
12921,92
11889,92
8013,92
4509,92
13318,92
10230,92
10008,92
10494,92
8591,92
2398,92
10501,92
12905,92
6956,92
5080,92
10872,92
14736,92
7912,92
1798,92
10041,92
13244,92
10714,92
10240,92
12094,92
1224,92
6427,92
2281,92
11060,92
629,92
14238,92
6448,92
595,92
14365,92
10376,92
7327,92
8766,92
6051,92
3742,92
6526,92
5428,92
7560,92
10334,92
9539,92
10053,92
1975,92
7735,92
4674,92
2666,92
2735,92
3367,92
14078,92
14272,92
10911,92
12160,92
9333,92
10768,92
9385,92
11562,92
11196,92
14707,92
12943,92
2116,92
14321,92
14143,92
3455,92
13917,92
3908,92
9711,92
7597,92
1957,92
6528,92
11947,92
153,92
6229,92
14756,92
14531,92
9858,92
463,92
8290,92
2430,92
3520,92
7461,92
14048,92
6150,92
9688,92
9991,92
13031,92
5426,92
12175,92
14947,92
7367,92
13382,92
6593,92
5805,92
9149,92
885,92
14030,92
4616,92
7572,92
9419,92
9209,92
240,92
7001,92
5262,92
8098,92
10845,92
13660,92
9906,92
285,92
11548,92
10535,92
11295,92
9964,92
4366,92
10492,92
1589,92
5579,92
13804,92
1444,92
14121,92
12753,92
13064,92
2150,92
9168,92
2799,92
6149,92
4004,92
13962,92
9701,92
9642,92
2924,92
13786,92
10382,92
9418,92
7565,92
4431,92
10078,92
13871,92
3119,92
524,92
14076,92
12828,92
12785,92
6081,92
14465,92
9927,92
13304,92
13295,92
6399,92
6651,92
5264,92
9276,92
7543,92
10888,92
9406,92
6363,92
10294,92
12336,92
551,92
4614,92
3150,92
4628,92
2491,92
2341,92
11536,92
4383,92
10320,92
12893,92
12251,92
2771,92
13744,92
7380,92
3290,92
10369,92
3668,92
9800,92
10919,92
9005,92
14054,92
14674,92
12113,92
10594,92
4720,92
6358,92
2203,92
2122,92
10046,92
13010,92
7559,92
6698,92
4024,92
7119,92
11835,92
3839,92
6412,92
11076,92
11690,92
8942,92
2694,92
2953,92
12375,92
11516,92
4023,92
5859,92
10585,92
10926,92
9039,92
2650,92
11873,92
3445,92
7012,92
13709,92
7201,92
14833,92
8373,92
10381,92
13644,92
14607,92
9673,92
10253,92
14229,92
10089,92
6987,92
13265,92
13228,92
10728,92
8332,92
7337,92
13721,92
9205,92
12401,92
13650,92
10949,92
13869,92
12692,92
14835,92
5846,92
1576,92
3914,92
692,92
13226,92
6167,92
9288,92
10116,92
6753,92
4632,92
7785,92
7300,92
11755,92
12664,92
1223,92
8787,92
9071,92
10156,92
12161,92
1520,92
3862,92
2168,92
13618,92
5155,92
5050,92
3338,92
9787,92
13444,92
4563,92
324,92
14392,92
10981,92
13149,92
1804,92
10656,92
13263,92
2565,92
13391,92
6298,92
10431,92
4838,92
4866,92
11184,92
3450,92
5844,92
8600,92
4422,92
7950,92
3420,92
12840,92
13755,92
13589,92
8844,92
12382,92
8812,92
13373,92
11758,92
10607,92
9506,92
12331,92
9091,92
1590,92
2858,92
12610,92
10666,92
747,92
11981,92
2487,92
12258,92
5078,92
2061,92
3602,92
14116,92
4748,92
696,92
5818,92
4448,92
10611,92
8186,92
13119,92
11703,92
12599,92
3528,92
12706,92
6226,92
2486,92
14490,92
12643,92
12345,92
6568,92
2780,92
6379,92
413,92
13100,92
7489,92
703,92
12846,92
6813,92
14946,92
11779,92
9259,92
6120,92
11506,92
14761,92
11145,92
9199,92
9061,92
655,92
3880,92
12956,92
9298,92
13154,92
5012,92
10222,92
1095,92
9804,92
4734,92
6350,92
2389,92
13395,92
5363,92
8187,92
9791,92
9734,92
2710,92
14340,92
4516,92
2743,92
12011,92
11814,92
11191,92
12437,92
5582,92
9548,92
11011,92
214,92
7710,92
1261,92
12362,92
7404,92
1842,92
11809,92
11530,92
4319,92
9833,92
13364,92
5159,92
4669,92
5474,92
1614,92
14287,92
6602,92
9719,92
6761,92
4900,92
13856,92
11031,92
10632,92
6295,92
6670,92
4461,92
14185,92
10249,92
14385,92
7065,92
13540,92
4568,92
7865,92
125,92
14162,92
923,92
191,92
1836,92
1631,92
6708,92
11042,92
5957,92
14397,92
12779,92
9672,92
2188,92
5857,92
6929,92
14481,92
3592,92
2944,92
7529,92
14313,92
1860,92
11594,92
3196,92
14561,92
11838,92
12600,92
765,92
12957,92
13927,92
2536,92
13469,92
14801,92
6606,92
1700,92
14120,92
13875,92
10043,92
2853,92
6909,92
13897,92
10736,92
8656,92
9140,92
10384,92
10575,92
6844,92
3593,92
8538,92
9661,92
11852,92
5048,92
6859,92
14283,92
5137,92
9098,92
4742,92
14975,92
14821,92
3549,92
6296,92
12006,92
3637,92
12202,92
2482,92
2685,92
10207,92
1563,92
10941,92
10860,92
12370,92
9129,92
11568,92
6018,92
8512,92
12004,92
13490,92
11123,92
14336,92
10943,92
14476,92
2715,92
11053,92
7742,92
6808,92
12322,92
1810,92
13326,92
2385,92
13142,92
13,92
10354,92
12560,92
6495,92
12531,92
3366,92
1937,92
14530,92
14466,92
12372,92
6824,92
13123,92
6795,92
3853,92
6856,92
7086,92
7217,92
13792,92
14299,92
4729,92
11720,92
1388,92
12283,92
13436,92
5432,92
10185,92
14668,92
9589,92
8666,92
12281,92
8714,92
13723,92
7185,92
6451,92
11257,92
5952,92
6905,92
12305,92
14019,92
4936,92
14289,92
3159,92
7941,92
12652,92
2358,92
10302,92
14366,92
11958,92
14741,92
14012,92
14445,92
1592,92
6874,92
10671,92
4017,92
10371,92
7408,92
5202,92
9975,92
1969,92
13434,92
12462,92
8834,92
4105,92
13145,92
12124,92
12838,92
12790,92
3618,92
14058,92
11558,92
7589,92
287,92
14261,92
8424,92
9219,92
12748,92
5232,92
7081,92
8963,92
9357,92
1311,92
9191,92
10558,92
14139,92
11033,92
8023,92
8760,92
14943,92
529,92
5322,92
5318,92
13455,92
9650,92
4656,92
9818,92
12684,92
6906,92
12099,92
13518,92
3590,92
3215,92
4939,92
2993,92
12395,92
11231,92
8258,92
989,92
10165,92
14592,92
4499,92
2960,92
9814,92
12295,92
6428,92
12208,92
12834,92
2784,92
4968,92
7685,92
10990,92
3966,92
14380,92
12279,92
4782,92
8494,92
5173,92
7978,92
13224,92
14751,92
11984,92
11581,92
10054,92
1875,92
7435,92
3145,92
6060,92
5548,92
10498,92
11178,92
12403,92
5486,92
13867,92
14454,92
14410,92
5,92
4747,92
12624,92
11608,92
11206,92
10451,92
7952,92
12263,92
11137,92
4959,92
12578,92
3480,92
5876,92
7216,92
7131,92
12967,92
9893,92
3542,92
5969,92
5975,92
14880,92
3888,92
11347,92
9216,92
12833,92
607,92
10243,92
12634,92
12526,92
2490,92
7675,92
3080,92
13150,92
4262,92
9038,92
10468,92
2206,92
6166,92
4321,92
14165,92
8853,92
10818,92
13886,92
12567,92
5151,92
3611,92
12958,92
13499,92
6132,92
2262,92
1186,92
13545,92
10661,92
14871,92
8585,92
3913,92
2194,92
11431,92
5249,92
13340,92
11120,92
14815,92
2028,92
2288,92
12571,92
13105,92
11760,92
11232,92
685,92
343,92
1626,92
13675,92
644,92
5755,92
2051,92
10546,92
10071,92
8152,92
11091,92
5573,92
1006,92
11792,92
4174,92
14646,92
3099,92
10015,92
11279,92
12987,92
8275,92
11519,92
7775,92
1633,92
9208,92
12963,92
10458,92
13289,92
12942,92
12697,92
14545,92
12632,92
14822,92
10434,92
4351,92
6162,92
12052,92
5594,92
12565,92
2728,92
12866,92
6798,92
680,92
12954,92
6170,92
9780,92
13746,92
9144,92
6919,92
13854,92
12432,92
13534,92
9455,92
10829,92
12125,92
7584,92
12179,92
7805,92
11574,92
7168,92
10882,92
40,92
5145,92
10226,92
12592,92
10375,92
13449,92
8485,92
11832,92
14402,92
10793,92
4172,92
13646,92
11111,92
13368,92
14586,92
12298,92
504,92
9708,92
4730,92
13222,92
5650,92
6638,92
1586,92
13314,92
1021,92
2790,92
7480,92
8450,92
10301,92
8720,92
7016,92
5410,92
14556,92
7654,92
1424,92
6249,92
7643,92
939,92
1644,92
7770,92
8282,92
14914,92
11948,92
8489,92
13106,92
8289,92
9545,92
326,92
5891,92
10152,92
12233,92
11986,92
12723,92
613,92
10091,92
599,92
3347,92
311,92
13583,92
8869,92
11412,92
1855,92
6480,92
8274,92
10436,92
10887,92
14412,92
11240,92
9963,92
8899,92
12894,92
11583,92
2223,92
10250,92
12158,92
3869,92
11478,92
12188,92
6789,92
776,92
3465,92
13588,92
5084,92
7411,92
2951,92
5391,92
5005,92
9821,92
12068,92
14291,92
6086,92
10601,92
13163,92
2080,92
3987,92
12695,92
4732,92
9397,92
14009,92
6591,92
5047,92
10459,92
14662,92
13048,92
14453,92
9623,92
9882,92
12714,92
4141,92
140,92
10359,92
3736,92
495,92
8751,92
13476,92
14986,92
11399,92
10557,92
598,92
9112,92
5190,92
10672,92
4979,92
13698,92
5009,92
10449,92
5636,92
12807,92
10692,92
7245,92
10328,92
12145,92
5406,92
9249,92
7422,92
9040,92
2570,92
12107,92
13907,92
2470,92
3436,92
13602,92
1251,92
1001,92
12650,92
6879,92
7118,92
10806,92
12951,92
13738,92
9371,92
11379,92
13787,92
9395,92
9171,92
3515,92
6097,92
8865,92
13600,92
9576,92
10627,92
8801,92
6375,92
9608,92
14247,92
3389,92
14974,92
6581,92
12997,92
12423,92
7818,92
11529,92
10244,92
3710,92
12291,92
14242,92
7696,92
1812,92
1409,92
7967,92
13303,92
4520,92
11079,92
7609,92
7158,92
12801,92
2975,92
2856,92
14969,92
8765,92
13887,92
1262,92
889,92
6306,92
13093,92
13483,92
13685,92
9368,92
13281,92
1078,92
10616,92
13399,92
6868,92
12470,92
3118,92
8799,92
9745,92
11047,92
6131,92
13198,92
2652,92
13229,92
9511,92
5058,92
2182,92
11706,92
14625,92
4266,92
706,92
10246,92
2042,92
11942,92
7462,92
8173,92
10425,92
6426,92
14656,92
5253,92
13178,92
236,92
9909,92
1408,92
13108,92
7568,92
13782,92
14452,92
13739,92
10059,92
4195,92
13829,92
1427,92
220,92
1370,92
3131,92
10427,92
4864,92
14304,92
5791,92
11704,92
3254,92
7279,92
13102,92
6490,92
11628,92
9210,92
1519,92
728,92
6291,92
12130,92
12972,92
14204,92
5967,92
8983,92
9725,92
2943,92
5965,92
5739,92
14276,92
252,92
9765,92
14063,92
6274,92
6554,92
14424,92
1117,92
2535,92
10286,92
4477,92
6320,92
12474,92
1615,92
10525,92
13030,92
6628,92
8208,92
3359,92
13169,92
5362,92
6135,92
12990,92
3787,92
4392,92
14061,92
2098,92
5211,92
10452,92
4349,92
13850,92
11671,92
11227,92
12953,92
4224,92
4573,92
1136,92
14633,92
11220,92
2004,92
11687,92
4098,92
9923,92
2670,92
13756,92
11050,92
9254,92
3729,92
12288,92
8104,92
9412,92
862,92
9723,92
14187,92
9565,92
12317,92
13252,92
418,92
9796,92
10624,92
298,92
13515,92
12446,92
10047,92
12591,92
13066,92
1190,92
12184,92
5880,92
13189,92
13396,92
13670,92
11812,92
12378,92
13921,92
12491,92
5344,92
7030,92
11546,92
8626,92
6714,92
4369,92
7085,92
7901,92
12984,92
6634,92
9768,92
5020,92
916,92
13071,92
124,92
8043,92
14396,92
5607,92
1799,92
3760,92
14640,92
12556,92
11913,92
1792,92
9579,92
13342,92
2295,92
14362,92
2588,92
5731,92
13696,92
8361,92
13307,92
10351,92
14855,92
6741,92
2055,92
5030,92
2446,92
11526,92
12418,92
7668,92
4558,92
14503,92
3280,92
8882,92
12210,92
10272,92
72,92
5388,92
1189,92
8422,92
11183,92
2757,92
8313,92
3883,92
12209,92
7545,92
10114,92
248,92
1761,92
4929,92
3993,92
7964,92
10686,92
12425,92
5756,92
9485,92
5001,92
11005,92
11849,92
9817,92
13635,92
1789,92
11235,92
12386,92
6936,92
5769,92
6612,92
14493,92
3318,92
2984,92
3051,92
12485,92
12559,92
14401,92
4887,92
9606,92
7579,92
8154,92
9535,92
6268,92
10105,92
12431,92
3046,92
10336,92
5452,92
9746,92
7874,92
1607,92
12867,92
6176,92
900,92
9803,92
13816,92
9980,92
13769,92
10349,92
13778,92
73,92
4994,92
12400,92
13232,92
11471,92
14534,92
1056,92
10788,92
9966,92
5256,92
14158,92
7136,92
12392,92
2041,92
5154,92
8740,92
5315,92
2089,92
9400,92
5378,92
14023,92
459,92
402,92
13137,92
12978,92
5914,92
2310,92
11058,92
801,92
10646,92
12798,92
12962,92
5802,92
8488,92
13624,92
11454,92
3788,92
7267,92
2594,92
10445,92
805,92
1229,92
13640,92
77,92
13736,92
9733,92
6062,92
6433,92
9679,92
13190,92
1296,92
13041,92
9229,92
1456,92
13806,92
11631,92
13747,92
6865,92
14525,92
8636,92
9081,92
14027,92
3,92
7499,92
13990,92
10758,92
1986,92
2979,92
13465,92
13664,92
12197,92
9887,92
7303,92
14416,92
4877,92
5635,92
767,92
7629,92
12214,92
9476,92
186,92
10657,92
11389,92
6072,92
8247,92
10836,92
9726,92
13598,92
2033,92
3881,92
9351,92
7585,92
13577,92
4731,92
483,92
3603,92
8139,92
12699,92
8443,92
1039,92
3934,92
12438,92
4870,92
2906,92
12302,92
14537,92
7346,92
13913,92
12452,92
6392,92
10417,92
6328,92
3516,92
5585,92
14877,92
14110,92
1795,92
11078,92
10842,92
12911,92
13284,92
9111,92
9147,92
10485,92
8064,92
13716,92
13946,92
10691,92
14558,92
6082,92
14786,92
10117,92
5451,92
8724,92
4082,92
9428,92
5570,92
1196,92
13565,92
4022,92
8099,92
13732,92
8976,92
13820,92
13947,92
5534,92
6041,92
6547,92
6678,92
4999,92
13647,92
1777,92
13621,92
10581,92
14173,92
11101,92
791,92
9113,92
13350,92
3108,92
12924,92
303,92
14174,92
14626,92
4985,92
14623,92
5827,92
704,92
1366,92
13813,92
9856,92
4380,92
13949,92
2593,92
13627,92
4969,92
9181,92
2404,92
5752,92
13206,92
4566,92
6356,92
3905,92
12760,92
9667,92
6199,92
6193,92
3297,92
4813,92
13771,92
10001,92
12479,92
11263,92
9525,92
378,92
8692,92
12711,92
4506,92
5082,92
11443,92
8797,92
3798,92
10871,92
2143,92
14639,92
3418,92
7373,92
6037,92
1082,92
2183,92
2932,92
10947,92
9806,92
10079,92
12887,92
4361,92
11767,92
4724,92
6752,92
12577,92
3715,92
9712,92
6362,92
14455,92
314,92
6262,92
10508,92
1448,92
4591,92
5124,92
13482,92
14752,92
1280,92
8215,92
10119,92
11851,92
14294,92
14600,92
13503,92
3696,92
7997,92
8843,92
12458,92
13609,92
12985,92
9277,92
13936,92
3859,92
9185,92
10002,92
12021,92
5429,92
2549,92
13412,92
9596,92
10388,92
1617,92
5869,92
8780,92
11325,92
2015,92
11719,92
2564,92
3577,92
9514,92
6450,92
1316,92
14077,92
11788,92
13140,92
2898,92
3482,92
8804,92
12190,92
10275,92
7429,92
9829,92
13035,92
9175,92
14008,92
3326,92
8814,92
9566,92
2591,92
14056,92
9813,92
4754,92
5004,92
7059,92
6540,92
7531,92
6605,92
6758,92
11072,92
8580,92
14372,92
10837,92
8969,92
1993,92
6890,92
1152,92
9717,92
10026,92
10849,92
7933,92
2313,92
12148,92
1192,92
8919,92
3707,92
1441,92
12459,92
2527,92
353,92
13053,92
5296,92
8549,92
10261,92
8143,92
389,92
7759,92
13127,92
12758,92
10310,92
6869,92
13916,92
2331,92
10778,92
1008,92
4250,92
11775,92
10274,92
11363,92
11912,92
234,92
2695,92
4234,92
95,92
9011,92
13556,92
14759,92
10281,92
2578,92
5699,92
8889,92
1965,92
1688,92
5499,92
3242,92
1554,92
3034,92
2691,92
1174,92
5874,92
2300,92
13017,92
9164,92
3651,92
5465,92
6484,92
12680,92
6285,92
12085,92
14432,92
6434,92
3272,92
12314,92
14301,92
12461,92
11954,92
13430,92
3309,92
11419,92
14083,92
13107,92
8388,92
11893,92
3218,92
4818,92
13881,92
6539,92
9847,92
11674,92
9574,92
3749,92
9235,92
7342,92
3313,92
10461,92
11723,92
9399,92
14064,92
1102,92
6826,92
10635,92
13987,92
155,92
14046,92
14395,92
12165,92
4185,92
2964,92
6200,92
8738,92
12306,92
6520,92
5678,92
12585,92
6801,92
3339,92
1896,92
13833,92
14456,92
10515,92
4107,92
4768,92
12018,92
7965,92
8557,92
9644,92
3959,92
7412,92
2492,92
10989,92
10204,92
5621,92
10809,92
6394,92
13221,92
7334,92
14519,92
621,92
5180,92
13562,92
9900,92
7859,92
12449,92
10800,92
14273,92
4523,92
2424,92
6383,92
14444,92
13210,92
8026,92
2319,92
13653,92
10807,92
13662,92
274,92
5032,92
1162,92
10892,92
11256,92
12196,92
733,92
12296,92
945,92
12398,92
9314,92
9549,92
7257,92
11972,92
13328,92
7934,92
11545,92
10662,92
13541,92
852,92
5342,92
12325,92
705,92
10881,92
811,92
1172,92
7134,92
12704,92
2216,92
9935,92
9479,92
9095,92
100,92
5365,92
12862,92
14419,92
6408,92
10984,92
10725,92
2219,92
14387,92
4034,92
8953,92
9337,92
14666,92
11691,92
2541,92
11877,92
12357,92
9978,92
13195,92
11109,92
6221,92
13922,92
13572,92
11291,92
11696,92
14123,92
10471,92
10462,92
2873,92
8060,92
10107,92
2689,92
8967,92
5842,92
3404,92
6966,92
6355,92
8957,92
14818,92
3031,92
7204,92
4857,92
3840,92
10258,92
6924,92
10303,92
4118,92
11822,92
12831,92
12874,92
2760,92
938,92
13773,92
14007,92
5901,92
14597,92
1990,92
13620,92
7208,92
12651,92
2026,92
14234,92
6703,92
10598,92
8940,92
12081,92
3725,92
860,92
12587,92
5982,92
13418,92
14104,92
8817,92
2002,92
11795,92
12832,92
4749,92
10472,92
13282,92
5959,92
12912,92
10372,92
9275,92
4986,92
10808,92
12030,92
13051,92
8800,92
10633,92
12140,92
1279,92
5494,92
1344,92
12180,92
8964,92
12489,92
3248,92
6542,92
12820,92
1115,92
14393,92
11653,92
14616,92
1871,92
14141,92
9512,92
866,92
7438,92
3253,92
13844,92
7493,92
7796,92
14011,92
2986,92
8047,92
7199,92
7968,92
9356,92
9018,92
2692,92
3166,92
11664,92
12928,92
9312,92
6737,92
2841,92
10628,92
13067,92
396,92
9053,92
13446,92
12854,92
2676,92
13819,92
14572,92
5803,92
10297,92
9668,92
11633,92
10103,92
3937,92
3019,92
14637,92
14066,92
6332,92
13415,92
14314,92
9682,92
14015,92
8004,92
13986,92
12678,92
6234,92
14678,92
8947,92
2679,92
5412,92
10410,92
13633,92
9232,92
2110,92
9500,92
9507,92
10084,92
7353,92
9487,92
8437,92
12473,92
13381,92
7391,92
2879,92
150,92
13690,92
2801,92
13631,92
10177,92
14617,92
5724,92
12597,92
4228,92
13750,92
12540,92
4282,92
6566,92
13874,92
1618,92
14124,92
12914,92
13290,92
4889,92
14112,92
8035,92
13128,92
12058,92
12609,92
7822,92
3953,92
4318,92
373,92
13542,92
6212,92
9190,92
12550,92
14108,92
8752,92
6918,92
5728,92
2720,92
10279,92
14057,92
3085,92
10037,92
7361,92
7360,92
9575,92
14323,92
3535,92
14053,92
14512,92
8093,92
6056,92
14968,92
2445,92
13700,92
4771,92
5528,92
7039,92
11603,92
13803,92
5797,92
2938,92
1652,92
5988,92
12839,92
4812,92
11155,92
9594,92
2713,92
9778,92
2244,92
10415,92
4823,92
11000,92
5944,92
8025,92
13165,92
3608,92
10921,92
10439,92
2909,92
13828,92
7966,92
858,92
10530,92
12677,92
14451,92
4352,92
814,92
11045,92
8021,92
14190,92
7705,92
5619,92
14583,92
5463,92
7810,92
9569,92
3082,92
3494,92
12248,92
13138,92
4456,92
8583,92
7255,92
13218,92
13585,92
7664,92
11214,92
10942,92
3652,92
12339,92
7395,92
1226,92
11393,92
38,92
3413,92
2084,92
4340,92
9494,92
247,92
11621,92
14874,92
11428,92
14516,92
9984,92
976,92
14381,92
5067,92
12387,92
11327,92
13355,92
1183,92
10764,92
6033,92
11458,92
8782,92
3815,92
13463,92
12842,92
9169,92
13306,92
876,92
10405,92
8998,92
586,92
2179,92
8949,92
11245,92
14082,92
1685,92
12181,92
9678,92
14641,92
9571,92
9022,92
13501,92
14500,92
13110,92
12718,92
11149,92
8835,92
14891,92
1292,92
8536,92
13348,92
12715,92
11965,92
14260,92
9689,92
12509,92
4955,92
6142,92
11977,92
13080,92
11908,92
1435,92
5147,92
12749,92
1578,92
13185,92
3288,92
11931,92
710,92
1575,92
13028,92
14457,92
1784,92
1188,92
7335,92
11587,92
5489,92
2279,92
13777,92
9117,92
14765,92
5419,92
8660,92
4421,92
4952,92
1708,92
13730,92
6365,92
2414,92
1595,92
1866,92
13544,92
13311,92
11415,92
4312,92
10737,92
12966,92
12065,92
5826,92
11953,92
12702,92
12203,92
4235,92
7666,92
7890,92
8639,92
11917,92
9449,92
8948,92
5285,92
3470,92
3929,92
12673,92
9212,92
4521,92
13070,92
13686,92
9648,92
12780,92
13485,92
10986,92
13240,92
915,92
13898,92
10018,92
9776,92
13658,92
14474,92
8744,92
897,92
12991,92
5298,92
4582,92
11002,92
10387,92
9050,92
7466,92
391,92
12000,92
2423,92
8566,92
12703,92
5136,92
7655,92
2308,92
11737,92
6973,92
2716,92
13899,92
9364,92
11142,92
180,92
3836,92
1345,92
4111,92
9674,92
3920,92
12553,92
13153,92
4691,92
12976,92
4096,92
11159,92
13423,92
8367,92
4681,92
5024,92
11365,92
4922,92
4517,92
11066,92
9603,92
12482,92
10976,92
10413,92
1916,92
14318,92
1407,92
12221,92
2616,92
12048,92
10739,92
4313,92
8253,92
6712,92
8662,92
13687,92
10770,92
13158,92
11198,92
1530,92
7605,92
12730,92
10916,92
8609,92
12377,92
12546,92
9492,92
13648,92
13973,92
6113,92
1353,92
11923,92
11201,92
9762,92
11425,92
5156,92
13427,92
13912,92
14507,92
6155,92
12686,92
3670,92
4099,92
8034,92
13779,92
13682,92
3241,92
14031,92
564,92
9801,92
1845,92
10643,92
14858,92
10518,92
516,92
13579,92
6792,92
11468,92
13701,92
1504,92
1907,92
13966,92
2759,92
5535,92
3020,92
5445,92
12929,92
11804,92
9292,92
12324,92
12675,92
13608,92
1325,92
600,92
13494,92
14449,92
2882,92
11989,92
1354,92
11435,92
11297,92
14580,92
11090,92
13759,92
5600,92
12800,92
13253,92
13257,92
4062,92
2761,92
13790,92
10123,92
4087,92
11423,92
914,92
13831,92
5090,92
3474,92
4020,92
7417,92
3813,92
13452,92
13276,92
14308,92
6488,92
6043,92
5467,92
10456,92
3857,92
5602,92
10208,92
11306,92
1372,92
9616,92
13909,92
7113,92
9891,92
9660,92
1954,92
5187,92
4856,92
13697,92
10835,92
7868,92
7067,92
1988,92
14256,92
10615,92
14781,92
14653,92
479,92
3578,92
679,92
12999,92
8885,92
5815,92
3173,92
10346,92
4617,92
7476,92
2777,92
9482,92
14719,92
399,92
13363,92
6331,92
4984,92
12539,92
5153,92
8123,92
5311,92
1641,92
9486,92
1323,92
9435,92
5971,92
14024,92
11195,92
5240,92
11268,92
10045,92
9563,92
10489,92
2995,92
11569,92
9568,92
249,92
1423,92
11416,92
9363,92
10148,92
1543,92
13315,92
13745,92
1763,92
878,92
4762,92
8505,92
7486,92
3311,92
363,92
7325,92
2787,92
13894,92
11625,92
9431,92
724,92
9255,92
13568,92
8350,92
12134,92
11215,92
8649,92
14113,92
9080,92
2314,92
12390,92
9158,92
12072,92
6898,92
5041,92
13425,92
8131,92
973,92
7295,92
14194,92
9230,92
12318,92
7804,92
11457,92
11686,92
2417,92
12627,92
691,92
3387,92
9749,92
12103,92
12930,92
11993,92
13341,92
6743,92
986,92
14394,92
11754,92
9290,92
14658,92
11894,92
12947,92
11466,92
3674,92
7653,92
86,92
5297,92
12829,92
5954,92
3398,92
11004,92
12878,92
5653,92
8482,92
12359,92
4159,92
12429,92
6267,92
2662,92
5720,92
2245,92
12230,92
10488,92
10742,92
9318,92
9390,92
9090,92
3805,92
8426,92
3922,92
380,92
8291,92
5751,92
10143,92
5192,92
681,92
8513,92
647,92
9866,92
5107,92
460,92
2595,92
8613,92
3498,92
4983,92
14724,92
9116,92
879,92
7690,92
14378,92
10406,92
1611,92
9239,92
7319,92
10287,92
4000,92
6494,92
8165,92
1640,92
11620,92
9983,92
2309,92
14700,92
14360,92
8120,92
5143,92
14995,92
11829,92
10873,92
13538,92
7644,92
13980,92
11928,92
14461,92
11130,92
2870,92
9970,92
14171,92
6409,92
13797,92
8509,92
3557,92
3016,92
12688,92
9987,92
12763,92
12224,92
14860,92
6159,92
9958,92
1248,92
13176,92
2034,92
10531,92
13839,92
14526,92
11284,92
12901,92
5801,92
5455,92
12262,92
4642,92
11394,92
7514,92
14254,92
10325,92
12289,92
693,92
7875,92
8297,92
13836,92
3519,92
9789,92
13217,92
6684,92
1852,92
13749,92
675,92
5227,92
9609,92
13543,92
11138,92
11872,92
10214,92
4966,92
13985,92
10831,92
7517,92
1967,92
7181,92
476,92
9875,92
8675,92
13481,92
7700,92
4186,92
1347,92
7606,92
8365,92
11702,92
14590,92
13237,92
13848,92
7251,92
12569,92
14524,92
11403,92
9710,92
5688,92
2736,92
10238,92
3657,92
7658,92
9358,92
14933,92
12689,92
8355,92
12444,92
5400,92
13248,92
13817,92
14059,92
2881,92
10196,92
12002,92
11015,92
4391,92
3488,92
10373,92
11062,92
1608,92
1043,92
2864,92
698,92
8504,92
11580,92
12411,92
12242,92
1687,92
9643,92
3609,92
13387,92
11218,92
11915,92
9938,92
14635,92
3952,92
5503,92
10072,92
9570,92
6087,92
4131,92
12789,92
6369,92
1973,92
9375,92
5270,92
12786,92
14630,92
14705,92
10235,92
7640,92
12926,92
12669,92
3802,92
10533,92
10236,92
13632,92
7855,92
11727,92
11997,92
7989,92
2202,92
1992,92
104,92
14642,92
1667,92
11678,92
3457,92
10112,92
14191,92
10411,92
13211,92
9694,92
3580,92
14477,92
12765,92
2871,92
12851,92
329,92
11390,92
11878,92
10674,92
13260,92
10298,92
6972,92
8464,92
9498,92
12201,92
10693,92
11364,92
13656,92
7683,92
4695,92
8144,92
190,92
14532,92
5719,92
7442,92
3664,92
11665,92
4285,92
14167,92
6478,92
6923,92
13301,92
4122,92
2817,92
10441,92
2965,92
2664,92
14749,92
6532,92
9960,92
2306,92
12478,92
13456,92
9151,92
1104,92
689,92
9432,92
5208,92
14341,92
7436,92
295,92
892,92
5838,92
13689,92
10963,92
13851,92
9464,92
11319,92
972,92
11907,92
6455,92
12272,92
5033,92
92,92
3705,92
10675,92
3511,92
12872,92
8111,92
11643,92
10900,92
11395,92
13845,92
11402,92
14702,92
12255,92
4252,92
9593,92
6074,92
1042,92
10435,92
14831,92
13872,92
10350,92
9303,92
3932,92
8296,92
10277,92
9895,92
3879,92
9786,92
9505,92
3442,92
7955,92
13952,92
13372,92
3188,92
8344,92
9646,92
11677,92
9881,92
200,92
12870,92
5671,92
13858,92
12421,92
686,92
8850,92
2253,92
10343,92
1310,92
12795,92
11644,92
7835,92
11492,92
14060,92
1287,92
1401,92
1827,92
3807,92
12827,92
13705,92
13783,92
10209,92
12516,92
10316,92
9763,92
11697,92
5191,92
9174,92
13733,92
6825,92
11132,92
8968,92
10954,92
11805,92
5523,92
8082,92
4215,92
7239,92
8265,92
12315,92
13529,92
8965,92
11303,92
9846,92
13384,92
2465,92
10796,92
3250,92
7124,92
14312,92
3968,92
9873,92
9478,92
11700,92
14909,92
2762,92
14145,92
13520,92
6803,92
12562,92
12236,92
14809,92
1591,92
13823,92
470,92
3306,92
11292,92
6190,92
368,92
8622,92
11998,92
13814,92
6036,92
8545,92
10906,92
1438,92
10850,92
11241,92
1447,92
4108,92
11080,92
7418,92
7456,92
3822,92
11267,92
11689,92
14708,92
10330,92
4088,92
13931,92
10443,92
7175,92
13781,92
12028,92
5441,92
480,92
11683,92
1064,92
9857,92
3835,92
6293,92
13614,92
14829,92
12460,92
1701,92
11853,92
8356,92
14591,92
6182,92
13613,92
5569,92
10505,92
2649,92
5673,92
10478,92
5909,92
10554,92
4396,92
6277,92
6248,92
9408,92
12109,92
3891,92
14491,92
14437,92
14475,92
5035,92
437,92
8534,92
12476,92
4937,92
4465,92
4745,92
7988,92
344,92
13164,92
2907,92
13652,92
13945,92
5707,92
5454,92
12464,92
611,92
10877,92
12672,92
2607,92
11384,92
8352,92
14415,92
10242,92
14430,92
12488,92
14111,92
8292,92
8072,92
10493,92
13133,92
14865,92
5989,92
1019,92
3417,92
10447,92
4891,92
12837,92
13440,92
6134,92
5942,92
10603,92
14354,92
11024,92
13994,92
14270,92
361,92
10690,92
7009,92
3680,92
14332,92
14728,92
3112,92
11163,92
6562,92
112,92
4727,92
906,92
10715,92
7424,92
10577,92
4180,92
7169,92
14647,92
2835,92
13319,92
2325,92
13555,92
8528,92
13731,92
9625,92
2435,92
10331,92
12660,92
13132,92
3738,92
3221,92
9459,92
12899,92
12323,92
9782,92
760,92
2077,92
12405,92
13474,92
2717,92
11512,92
8132,92
4212,92
15001,92
831,92
14691,92
12434,92
14778,92
4363,92
14603,92
11404,92
10802,92
11950,92
10713,92
2954,92
654,92
10719,92
8192,92
5300,92
7619,92
12794,92
8065,92
8533,92
8930,92
14206,92
14307,92
12334,92
4508,92
9641,92
11657,92
10599,92
13581,92
13479,92
9662,92
13548,92
14770,92
11774,92
1151,92
14203,92
11833,92
1984,92
14035,92
1619,92
10794,92
1718,92
4330,92
11525,92
1675,92
13302,92
11135,92
14462,92
1090,92
2148,92
3260,92
5945,92
4442,92
12674,92
230,92
11014,92
10039,92
10290,92
1491,92
4565,92
7262,92
7557,92
3740,92
501,92
1109,92
8938,92
9561,92
4841,92
8597,92
8562,92
168,92
13491,92
4553,92
3783,92
5680,92
14210,92
6685,92
8525,92
8958,92
7281,92
2406,92
14628,92
13873,92
6169,92
14361,92
9989,92
13734,92
14563,92
11383,92
10520,92
14768,92
14677,92
6500,92
8576,92
2988,92
9055,92
11571,92
1715,92
14168,92
8647,92
5106,92
14180,92
924,92
3895,92
2880,92
10153,92
8347,92
13666,92
9042,92
9699,92
7992,92
3860,92
1274,92
2497,92
12574,92
12907,92
14197,92
8127,92
10313,92
12017,92
2682,92
2795,92
8635,92
13694,92
7064,92
5415,92
5757,92
12454,92
9555,92
12595,92
13305,92
13186,92
6782,92
2839,92
11919,92
13152,92
9031,92
13073,92
7930,92
10366,92
12133,92
5823,92
13188,92
9207,92
8148,92
6089,92
543,92
13034,92
5304,92
14917,92
13288,92
5571,92
11204,92
14040,92
11658,92
5810,92
3424,92
5246,92
8229,92
9838,92
12960,92
7440,92
5352,92
10101,92
10754,92
4828,92
11361,92
7702,92
5908,92
1500,92
10027,92
11247,92
8100,92
9305,92
14414,92
12019,92
1035,92
10305,92
6238,92
10744,92
9335,92
9347,92
8244,92
320,92
12080,92
11064,92
13742,92
2971,92
4578,92
11462,92
14447,92
14069,92
2431,92
9605,92
14345,92
14084,92
6108,92
5310,92
8299,92
2693,92
11772,92
8268,92
8214,92
4237,92
1501,92
14908,92
14502,92
1857,92
8607,92
14596,92
13772,92
1129,92
10257,92
555,92
11578,92
13433,92
13824,92
3294,92
14095,92
4784,92
8651,92
6866,92
1011,92
965,92
865,92
11713,92
5387,92
5564,92
5665,92
4953,92
10455,92
3081,92
9553,92
542,92
10894,92
9317,92
10133,92
237,92
13429,92
2654,92
7671,92
12005,92
12327,92
1744,92
9272,92
10344,92
11899,92
11784,92
7040,92
8385,92
1987,92
13130,92
7861,92
14472,92
1720,92
14199,92
14267,92
14044,92
8249,92
1958,92
3171,92
9748,92
3767,92
13329,92
10389,92
10618,92
14495,92
2883,92
12528,92
13184,92
9150,92
1210,92
14302,92
9541,92
494,92
5430,92
14087,92
14422,92
12792,92
12269,92
11208,92
13458,92
10184,92
12340,92
11112,92
1341,92
13493,92
13970,92
12637,92
11221,92
4498,92
6911,92
8228,92
3454,92
13906,92
11515,92
13074,92
14772,92
10256,92
4102,92
13959,92
6388,92
2862,92
4705,92
7958,92
1030,92
28,92
2434,92
14844,92
2471,92
10895,92
13929,92
1176,92
12961,92
1709,92
13885,92
7894,92
468,92
7595,92
11599,92
10420,92
13278,92
3897,92
12369,92
11194,92
12419,92
6025,92
8715,92
12980,92
74,92
7552,92
3137,92
13006,92
14409,92
12329,92
606,92
5263,92
2545,92
11843,92
5313,92
4980,92
12843,92
7167,92
341,92
12752,92
9611,92
1647,92
165,92
855,92
13547,92
6846,92
14125,92
7286,92
11009,92
13860,92
12265,92
13234,92
7769,92
715,92
348,92
9587,92
13280,92
10009,92
11507,92
5103,92
6881,92
12537,92
5214,92
10400,92
5286,92
12778,92
14789,92
5043,92
11049,92
6555,92
2610,92
11381,92
5036,92
4202,92
5925,92
5320,92
12308,92
1550,92
7047,92
2241,92
1013,92
13068,92
138,92
13092,92
8153,92
10481,92
6990,92
1405,92
13918,92
14163,92
10201,92
8615,92
12146,92
12861,92
3095,92
9125,92
11487,92
15023,92
6683,92
8880,92
10268,92
3678,92
10838,92
9607,92
11036,92
10865,92
947,92
1350,92
2420,92
2377,92
4964,92
10863,92
10484,92
12607,92
10198,92
6473,92
12747,92
6382,92
9297,92
8816,92
9162,92
544,92
10823,92
2067,92
13369,92
12731,92
110,92
12062,92
11479,92
13392,92
11131,92
5146,92
10370,92
6649,92
7799,92
7660,92
9195,92
13480,92
6127,92
14004,92
11933,92
1065,92
13219,92
6513,92
6928,92
7815,92
11955,92
7450,92
30,92
5820,92
7401,92
10062,92
12770,92
5254,92
3161,92
4865,92
271,92
8458,92
11541,92
12698,92
8319,92
12727,92
3439,92
444,92
12708,92
7774,92
205,92
9639,92
2012,92
14198,92
3691,92
12606,92
13298,92
11356,92
7904,92
11968,92
4519,92
9783,92
6603,92
13475,92
6201,92
1848,92
3916,92
12195,92
13794,92
5525,92
1228,92
14178,92
13401,92
11596,92
12552,92
8911,92
11426,92
7076,92
8864,92
6152,92
12385,92
8966,92
9244,92
7558,92
13156,92
9663,92
14979,92
8781,92
14157,92
9515,92
4585,92
9189,92
758,92
12589,92
5276,92
9057,92
9518,92
11673,92
133,92
9404,92
6389,92
917,92
11663,92
14202,92
14730,92
13549,92
13967,92
10781,92
11450,92
9584,92
14151,92
8863,92
13825,92
9338,92
12044,92
11369,92
6381,92
13954,92
1517,92
9510,92
4706,92
4401,92
13606,92
7013,92
9192,92
4802,92
13703,92
13069,92
10171,92
13085,92
9133,92
4682,92
13526,92
549,92
4876,92
2162,92
6465,92
2126,92
13061,92
11975,92
14350,92
11662,92
14172,92
10774,92
3649,92
14958,92
10194,92
10100,92
5633,92
14349,92
11326,92
11520,92
10021,92
14774,92
157,92
10787,92
2948,92
8912,92
9854,92
13639,92
5725,92
2120,92
10925,92
7951,92
14215,92
11575,92
12055,92
12445,92
9761,92
11618,92
11566,92
12799,92
13308,92
8054,92
8048,92
9775,92
1277,92
13500,92
8125,92
11362,92
7301,92
12198,92
4114,92
11252,92
4428,92
14846,92
694,92
9551,92
9023,92
14683,92
10477,92
745,92
14803,92
10685,92
13344,92
5299,92
12663,92
4479,92
14506,92
610,92
5742,92
13617,92
10365,92
8401,92
12955,92
3107,92
1802,92
9000,92
2133,92
12983,92
3858,92
14576,92
10548,92
5647,92
7972,92
13495,92
9567,92
4387,92
2397,92
15029,92
14028,92
7102,92
11992,92
12871,92
5287,92
12407,92
5848,92
1231,92
14017,92
7099,92
1026,92
5431,92
13296,92
60,92
14384,92
12038,92
1302,92
5557,92
13775,92
11386,92
473,92
13045,92
10542,92
12176,92
2273,92
10025,92
1835,92
7229,92
6955,92
6942,92
53,92
7283,92
13567,92
12149,92
10843,92
11056,92
1155,92
7697,92
7007,92
2289,92
10428,92
10648,92
2719,92
14629,92
10057,92
14322,92
12259,92
8114,92
8601,92
2369,92
5294,92
9519,92
12098,92
6704,92
7575,92
3728,92
5019,92
7278,92
11434,92
6227,92
11451,92
250,92
14369,92
14090,92
9601,92
2701,92
14721,92
2775,92
11102,92
6624,92
4072,92
13702,92
1157,92
7186,92
2767,92
14285,92
10826,92
13615,92
7639,92
829,92
1870,92
14816,92
11738,92
14826,92
10801,92
6880,92
7178,92
14742,92
14984,92
13118,92
4683,92
13910,92
259,92
9918,92
14233,92
11970,92
4213,92
4557,92
12131,92
12108,92
7990,92
9289,92
6910,92
2484,92
12049,92
10190,92
7765,92
8160,92
14231,92
9836,92
14379,92
8959,92
1110,92
3706,92
12009,92
10766,92
10216,92
10402,92
13354,92
3986,92
14732,92
5514,92
11967,92
9530,92
4532,92
6899,92
11927,92
12053,92
11148,92
4774,92
11074,92
14022,92
5890,92
12761,92
5504,92
13297,92
14484,92
10717,92
387,92
14699,92
14814,92
3378,92
2826,92
8612,92
13628,92
14014,92
11552,92
4904,92
1257,92
9999,92
1863,92
8874,92
11751,92
12796,92
9156,92
12177,92
12045,92
1790,92
12881,92
12946,92
3744,92
3427,92
5367,92
4522,92
11816,92
6883,92
6952,92
412,92
1955,92
12931,92
2171,92
14915,92
5228,92
9513,92
11532,92
9243,92
14574,92
5687,92
6700,92
14823,92
6334,92
14864,92
4815,92
12157,92
12909,92
506,92
3361,92
11236,92
11472,92
12563,92
13550,92
292,92
881,92
12896,92
3538,92
5073,92
3754,92
1579,92
562,92
7711,92
9362,92
12268,92
5781,92
12916,92
1416,92
9332,92
11282,92
13096,92
10038,92
11146,92
3731,92
2673,92
10306,92
1175,92
10668,92
11722,92
12682,92
13000,92
12247,92
10540,92
12286,92
10109,92
10893,92
10251,92
5061,92
12187,92
1648,92
13911,92
9658,92
12865,92
6431,92
2865,92
3268,92
8696,92
12849,92
9630,92
4978,92
697,92
8717,92
7276,92
10940,92
1234,92
3136,92
3057,92
1069,92
14036,92
7078,92
14306,92
13175,92
2025,92
11615,92
10332,92
14660,92
1049,92
13953,92
13800,92
9250,92
12212,92
8770,92
6112,92
12726,92
9590,92
10748,92
3240,92
6205,92
8530,92
6682,92
3212,92
10930,92
7260,92
3249,92
14950,92
13530,92
11187,92
3945,92
8595,92
7613,92
10566,92
68,92
13049,92
10844,92
4187,92
2583,92
13924,92
8879,92
14316,92
1535,92
2047,92
13343,92
3184,92
10722,92
14567,92
239,92
4205,92
14016,92
4790,92
13729,92
8892,92
5545,92
14374,92
7807,92
11890,92
14344,92
3175,92
10562,92
13661,92
6470,92
3761,92
13299,92
5290,92
13847,92
11582,92
14614,92
8241,92
2111,92
10523,92
14594,92
11070,92
4513,92
10658,92
7995,92
2138,92
12603,92
3186,92
4073,92
13525,92
5193,92
11682,92
4921,92
13657,92
10613,92
3247,92
3265,92
12629,92
13360,92
3375,92
9703,92
8543,92
830,92
2258,92
9713,92
12412,92
1928,92
4277,92
11567,92
9159,92
12897,92
12818,92
9145,92
10953,92
1143,92
3545,92
3438,92
1244,92
12895,92
11749,92
5007,92
7562,92
12337,92
13286,92
9759,92
2792,92
13037,92
10460,92
11576,92
7963,92
4542,92
11217,92
182,92
2769,92
9849,92
2285,92
1834,92
3153,92
9359,92
3324,92
11051,92
13199,92
13799,92
8324,92
11250,92
4610,92
12433,92
1406,92
9323,92
3878,92
13086,92
3675,92
14931,92
1696,92
12788,92
13930,92
10200,92
14992,92
7215,92
13397,92
11768,92
11341,92
12835,92
14805,92
13099,92
11222,92
13193,92
3875,92
7611,92
13370,92
2488,92
14621,92
8890,92
8206,92
6368,92
759,92
5881,92
13040,92
13177,92
14010,92
10168,92
9790,92
10759,92
1680,92
10642,92
3975,92
14219,92
12885,92
3056,92
7372,92
11476,92
4054,92
144,92
11378,92
14109,92
12993,92
3981,92
13019,92
11400,92
3267,92
2996,92
4357,92
12847,92
12822,92
7633,92
7211,92
13569,92
11465,92
4744,92
12152,92
4702,92
14179,92
12687,92
13274,92
14436,92
10503,92
11539,92
11440,92
12500,92
1275,92
7647,92
14188,92
10777,92
4775,92
1165,92
12869,92
13972,92
8053,92
6493,92
6265,92
8758,92
12892,92
14355,92
1171,92
14052,92
9045,92
12199,92
13663,92
14812,92
3791,92
4670,92
3146,92
787,92
10669,92
3901,92
5196,92
12575,92
13795,92
5824,92
4413,92
2394,92
13082,92
9286,92
9617,92
12026,92
12662,92
3918,92
4227,92
13104,92
7355,92
7343,92
3039,92
12615,92
13258,92
13974,92
14544,92
10111,92
5603,92
5898,92
9379,92
12505,92
4035,92
14068,92
2821,92
6140,92
10029,92
553,92
9283,92
6101,92
14552,92
12120,92
3793,92
11097,92
1295,92
4834,92
12169,92
10864,92
11916,92
1431,92
11233,92
11391,92
6771,92
9747,92
14499,92
523,92
3681,92
1217,92
13249,92
9309,92
11043,92
7587,92
2959,92
2723,92
9823,92
9722,92
12480,92
1055,92
9082,92
9225,92
13574,92
14615,92
10342,92
13126,92
12035,92
14987,92
7388,92
2803,92
9633,92
4716,92
11743,92
1288,92
869,92
12617,92
14711,92
8658,92
9469,92
14612,92
2457,92
2014,92
14142,92
12240,92
2702,92
13811,92
14122,92
13976,92
899,92
12234,92
7715,92
1179,92
9308,92
11994,92
111,92
1571,92
11317,92
11786,92
5696,92
14581,92
12373,92
120,92
3217,92
8838,92
11534,92
83,92
6498,92
13793,92
13157,92
9908,92
640,92
14041,92
121,92
14426,92
5158,92
14775,92
11585,92
3354,92
5590,92
11770,92
5554,92
7340,92
11929,92
13277,92
9939,92
1374,92
10224,92
1572,92
12074,92
7684,92
12927,92
12613,92
8831,92
325,92
9705,92
8873,92
10606,92
51,92
9855,92
12226,92
10724,92
9943,92
11787,92
9287,92
6925,92
9163,92
14794,92
1693,92
11736,92
9622,92
5799,92
10582,92
10922,92
10442,92
9580,92
9755,92
11495,92
14643,92
6954,92
1473,92
11791,92
481,92
7474,92
13597,92
1774,92
5735,92
12261,92
11430,92
14249,92
510,92
14440,92
2667,92
6247,92
11855,92
12486,92
11093,92
14085,92
10897,92
8427,92
3162,92
4701,92
12814,92
13991,92
4638,92
10288,92
1522,92
8862,92
2270,92
7074,92
2929,92
1849,92
7984,92
12022,92
1944,92
8083,92
12344,92
7494,92
6796,92
5937,92
3825,92
20,92
13834,92
13802,92
720,92
10169,92
10132,92
33,92
4662,92
12898,92
11957,92
9613,92
13310,92
2476,92
11352,92
5446,92
9898,92
10587,92
12084,92
12506,92
2329,92
3768,92
14726,92
4097,92
10622,92
419,92
7410,92
12205,92
2045,92
13317,92
4637,92
12307,92
4673,92
12174,92
1307,92
14417,92
560,92
2674,92
13673,92
6524,92
5899,92
6896,92
10654,92
8735,92
12762,92
11016,92
781,92
9890,92
6305,92
8441,92
11189,92
6122,92
10164,92
2174,92
475,92
13977,92
9231,92
14807,92
14695,92
10987,92
11179,92
3496,92
4717,92
740,92
7856,92
5611,92
2097,92
7005,92
3948,92
14161,92
13571,92
5326,92
13261,92
13385,92
14679,92
12408,92
12555,92
10868,92
13352,92
10819,92
14356,92
4606,92
8115,92
7915,92
12012,92
13362,92
13634,92
12576,92
4746,92
4718,92
4475,92
3996,92
13693,92
5787,92
14489,92
13018,92
12525,92
12809,92
7017,92
1396,92
14268,92
803,92
12937,92
8474,92
7840,92
5907,92
14080,92
9885,92
13944,92
12303,92
11868,92
7823,92
5051,92
12860,92
6774,92
379,92
1304,92
6386,92
12342,92
14227,92
11484,92
12572,92
12534,92
6491,92
3328,92
3841,92
12126,92
4854,92
9262,92
6686,92
6207,92
2317,92
2176,92
6666,92
2566,92
12483,92
1813,92
11368,92
13677,92
12294,92
3510,92
10247,92
1380,92
13334,92
10252,92
12803,92
5384,92
11985,92
14906,92
11456,92
13200,92
8469,92
11129,92
10956,92
11266,92
14074,92
1194,92
12192,92
2060,92
10955,92
11588,92
11018,92
10751,92
11944,92
14497,92
12455,92
196,92
12380,92
5943,92
10543,92
12341,92
6066,92
6316,92
13022,92
12063,92
1945,92
11477,92
9967,92
2967,92
9405,92
11939,92
9784,92
10705,92
11238,92
14413,92
10064,92
164,92
19,92
435,92
9106,92
14469,92
4539,92
11084,92
11637,92
1376,92
8135,92
808,92
4299,92
453,92
10144,92
7501,92
11742,92
14480,92
11504,92
3365,92
5370,92
8767,92
9962,92
2647,92
14218,92
6768,92
9197,92
8506,92
3483,92
12290,92
11193,92
9463,92
788,92
5662,92
1508,92
7420,92
9194,92
5279,92
9388,92
2815,92
10734,92
11037,92
5350,92
10218,92
793,92
11234,92
7537,92
6927,92
12293,92
6589,92
12069,92
11551,92
14156,92
12757,92
12683,92
482,92
12724,92
4350,92
12193,92
2022,92
3029,92
2336,92
8007,92
14834,92
6932,92
3202,92
13728,92
7347,92
14217,92
12032,92
2796,92
15002,92
9252,92
4962,92
1982,92
4192,92
5995,92
9586,92
3144,92
13849,92
6092,92
11265,92
10584,92
531,92
6006,92
12691,92
7607,92
2577,92
4068,92
2936,92
11157,92
5997,92
7052,92
5076,92
12189,92
4084,92
8012,92
76,92
7945,92
5685,92
8245,92
4820,92
12733,92
9544,92
6137,92
13333,92
13604,92
3017,92
5642,92
10155,92
14150,92
12938,92
12625,92
48,92
12979,92
8255,92
12091,92
11081,92
10775,92
12493,92
8748,92
13358,92
3527,92
13160,92
8415,92
4577,92
10507,92
4757,92
5059,92
1908,92
11269,92
3207,92
4019,92
3720,92
14645,92
1144,92
1612,92
1629,92
2410,92
11698,92
11398,92
1561,92
813,92
9521,92
13259,92
12477,92
2698,92
8499,92
9373,92
12155,92
12813,92
8610,92
4472,92
10293,92
1566,92
10379,92
11125,92
10036,92
12746,92
7860,92
10345,92
14029,92
2897,92
8811,92
11708,92
10317,92
6886,92
825,92
13968,92
10284,92
9316,92
4564,92
12656,92
10248,92
4196,92
12472,92
9062,92
2427,92
11982,92
4214,92
997,92
12374,92
1853,92
10902,92
13294,92
1061,92
14072,92
1002,92
4026,92
9437,92
11716,92
11086,92
980,92
3440,92
634,92
2561,92
10816,92
4829,92
10552,92
2393,92
786,92
11757,92
13923,92
8501,92
12316,92
3804,92
5994,92
84,92
2509,92
9529,92
13454,92
5941,92
7425,92
13431,92
8157,92
11285,92
4463,92
1203,92
11820,92
1191,92
13471,92
8167,92
9883,92
6610,92
6165,92
12532,92
9320,92
13376,92
13576,92
4686,92
11349,92
8778,92
4333,92
576,92
13002,92
8546,92
2136,92
10716,92
9912,92
4906,92
13439,92
11996,92
8923,92
14788,92
12685,92
13498,92
3890,92
5398,92
1970,92
8573,92
9848,92
8105,92
12886,92
3087,92
12132,92
12631,92
251,92
4297,92
3140,92
8685,92
432,92
4310,92
11063,92
4455,92
497,92
10875,92
11290,92
10532,92
11735,92
13496,92
3015,92
816,92
8616,92
4704,92
13905,92
9484,92
11803,92
14079,92
12110,92
11388,92
2180,92
12060,92
1523,92
14894,92
3489,92
13021,92
1979,92
11613,92
12003,92
11741,92
14559,92
13183,92
105,92
4825,92
7882,92
10909,92
1331,92
13419,92
13400,92
6189,92
3985,92
12213,92
1872,92
1639,92
12764,92
4528,92
345,92
12,92
13888,92
4787,92
10407,92
14698,92
11420,92
9196,92
4879,92
3690,92
12139,92
9381,92
4630,92
13356,92
13940,92
3780,92
13622,92
14795,92
1018,92
12351,92
12551,92
14780,92
14697,92
10182,92
2547,92
10440,92
5028,92
9497,92
9946,92
5383,92
12144,92
5661,92
8462,92
3560,92
14305,92
1436,92
14903,92
5435,92
11825,92
8368,92
13789,92
13726,92
8745,92
7092,92
3329,92
3225,92
13846,92
6534,92
5858,92
533,92
10853,92
7793,92
6241,92
10265,92
14648,92
14434,92
2363,92
14263,92
3925,92
9996,92
7846,92
13377,92
9179,92
23,92
10755,92
9634,92
11254,92
13683,92
14527,92
8640,92
6109,92
12118,92
5947,92
5917,92
332,92
6674,92
5716,92
10206,92
13704,92
14861,92
11549,92
1859,92
10968,92
6172,92
2639,92
9187,92
2752,92
6857,92
9490,92
9264,92
1964,92
8193,92
14377,92
9830,92
2375,92
5887,92
11438,92
9542,92
4636,92
12352,92
2845,92
224,92
8232,92
13695,92
13404,92
11800,92
13507,92
4304,92
5711,92
12766,92
12670,92
11745,92
2987,92
7339,92
9595,92
13591,92
7643,93
4521,93
939,93
12932,93
7206,93
13703,93
13069,93
13686,93
14914,93
9648,93
9133,93
950,93
8022,93
13485,93
13526,93
13240,93
915,93
8489,93
13898,93
13106,93
4876,93
9545,93
326,93
13741,93
294,93
10152,93
9453,93
14604,93
11975,93
14350,93
11662,93
8472,93
12233,93
14172,93
10774,93
3649,93
13995,93
14216,93
14958,93
12416,93
10091,93
10194,93
10555,93
13658,93
14474,93
14460,93
13611,93
14349,93
8744,93
311,93
9214,93
11520,93
14225,93
13583,93
897,93
11412,93
10787,93
6454,93
4582,93
11002,93
12000,93
9050,93
391,93
10887,93
8566,93
13639,93
1682,93
14459,93
5725,93
8899,93
2120,93
12703,93
14887,93
10925,93
7951,93
14215,93
7655,93
11575,93
2308,93
12275,93
537,93
11618,93
13899,93
11566,93
10250,93
12158,93
3869,93
14546,93
13308,93
12188,93
9775,93
1277,93
13500,93
11362,93
5904,93
7301,93
12198,93
4114,93
180,93
3836,93
14846,93
5084,93
4111,93
9674,93
14683,93
10477,93
12553,93
12976,93
13344,93
12663,93
8140,93
14589,93
2951,93
14506,93
13423,93
13692,93
8367,93
13025,93
10847,93
5024,93
12301,93
9821,93
5742,93
4009,93
4922,93
10365,93
8401,93
12955,93
14291,93
4446,93
6086,93
2133,93
10976,93
13163,93
13155,93
14318,93
9003,93
2080,93
12983,93
1407,93
14576,93
10548,93
12221,93
2616,93
10739,93
4313,93
6748,93
6591,93
5047,93
13687,93
10770,93
10459,93
13158,93
4387,93
11198,93
14453,93
15029,93
12730,93
11433,93
8609,93
10359,93
11992,93
5207,93
7483,93
12700,93
12435,93
5848,93
1231,93
13648,93
14017,93
7099,93
14986,93
1026,93
4307,93
598,93
5431,93
60,93
11201,93
9762,93
9112,93
5190,93
6740,93
11748,93
4979,93
13427,93
13698,93
5009,93
1302,93
13912,93
5557,93
13775,93
12686,93
12807,93
4970,93
473,93
6551,93
13045,93
10328,93
7826,93
8034,93
13838,93
13779,93
10542,93
12145,93
3241,93
4830,93
5406,93
1050,93
9249,93
14031,93
14714,93
7422,93
4365,93
564,93
1845,93
2570,93
10643,93
14858,93
516,93
10025,93
1835,93
9328,93
11869,93
13701,93
1504,93
94,93
1251,93
12149,93
9526,93
7118,93
1907,93
12527,93
13738,93
11056,93
313,93
13787,93
9395,93
13788,93
2759,93
5535,93
3020,93
5445,93
12929,93
9171,93
11804,93
12324,93
6097,93
2611,93
6981,93
13143,93
13600,93
12675,93
9372,93
13608,93
10627,93
13494,93
6375,93
12504,93
14322,93
2718,93
12259,93
3434,93
14247,93
8601,93
2882,93
12997,93
1354,93
12423,93
13740,93
7575,93
10604,93
3728,93
5019,93
6943,93
11297,93
11434,93
6227,93
3710,93
250,93
12291,93
14090,93
1812,93
1409,93
2701,93
5600,93
7967,93
13303,93
14721,93
4520,93
6259,93
11102,93
7609,93
7332,93
6624,93
4072,93
12800,93
13253,93
7158,93
13257,93
1157,93
13790,93
4652,93
12801,93
2767,93
14285,93
13615,93
3236,93
10970,93
3343,93
10123,93
14969,93
13483,93
13685,93
14853,93
8015,93
14816,93
14250,93
13879,93
9368,93
14826,93
6880,93
9258,93
3813,93
13452,93
14984,93
6299,93
3129,93
13399,93
3052,93
13910,93
259,93
9918,93
11970,93
6488,93
4213,93
6304,93
9745,93
3073,93
4557,93
14073,93
3408,93
14423,93
6910,93
12049,93
10190,93
3857,93
5058,93
11706,93
14625,93
4266,93
10246,93
14231,93
14379,93
11306,93
9827,93
1372,93
11942,93
8425,93
13909,93
8173,93
10425,93
5253,93
9891,93
4798,93
9815,93
10216,93
10798,93
13354,93
1954,93
11839,93
9797,93
14732,93
13108,93
4532,93
7568,93
6899,93
13782,93
5265,93
13739,93
11148,93
8667,93
8062,93
13088,93
4195,93
13697,93
10835,93
12696,93
9692,93
220,93
11074,93
14022,93
5890,93
9709,93
14256,93
4864,93
14304,93
13297,93
10615,93
14653,93
14484,93
14699,93
679,93
14814,93
3378,93
1797,93
3254,93
13102,93
11628,93
1257,93
9999,93
3173,93
11988,93
9210,93
1806,93
1519,93
4617,93
11751,93
12177,93
12409,93
14719,93
4370,93
14204,93
5967,93
12881,93
9725,93
9293,93
13363,93
13312,93
3744,93
3427,93
5739,93
5153,93
8123,93
5311,93
1641,93
14276,93
6952,93
412,93
14063,93
6274,93
10760,93
9435,93
2171,93
5240,93
11195,93
14915,93
11268,93
726,93
11164,93
5228,93
9243,93
14424,93
14574,93
10489,93
10300,93
14864,93
4815,93
1423,93
9557,93
903,93
6320,93
9266,93
1543,93
11472,93
1615,93
13030,93
13745,93
12313,93
2893,93
3359,93
878,93
4762,93
13169,93
4106,93
3311,93
7325,93
3538,93
7287,93
3754,93
1579,93
3787,93
6642,93
4392,93
13894,93
562,93
9431,93
9255,93
12268,93
10452,93
9468,93
13850,93
14113,93
12953,93
11282,93
1420,93
1245,93
10038,93
14633,93
11146,93
12390,93
9158,93
11687,93
12739,93
3731,93
8131,93
3588,93
7295,93
1175,93
9923,93
2670,93
9041,93
14194,93
13756,93
12247,93
9230,93
12318,93
7804,93
11457,93
753,93
12286,93
14118,93
9167,93
12288,93
13220,93
8855,93
13151,93
11686,93
5061,93
12187,93
12627,93
9412,93
381,93
9146,93
13964,93
9489,93
14758,93
6431,93
10014,93
5373,93
12317,93
2865,93
13252,93
4885,93
9796,93
10624,93
12446,93
14394,93
10047,93
9630,93
9290,93
12591,93
14658,93
4978,93
11894,93
1190,93
5319,93
7276,93
12184,93
7653,93
5880,93
13189,93
11316,93
5297,93
10940,93
12829,93
5954,93
3398,93
3136,93
3057,93
11004,93
2437,93
10051,93
8482,93
12359,93
8059,93
466,93
14935,93
11952,93
11812,93
12378,93
14306,93
11902,93
13175,93
13921,93
12491,93
1940,93
11340,93
14660,93
5344,93
8626,93
1981,93
5720,93
14006,93
4369,93
7901,93
7392,93
1049,93
13800,93
11874,93
9318,93
9250,93
9090,93
9123,93
6634,93
8426,93
12212,93
9201,93
3922,93
966,93
8770,93
5751,93
10143,93
9223,93
916,93
12726,93
9866,93
8043,93
14396,93
5607,93
8613,93
14640,93
11892,93
4983,93
12556,93
14724,93
9116,93
6205,93
11913,93
9579,93
14378,93
10406,93
1611,93
10139,93
2295,93
4000,93
8165,93
8361,93
13307,93
3249,93
9410,93
11620,93
14950,93
9983,93
2309,93
14700,93
14855,93
11187,93
12457,93
11387,93
1603,93
2055,93
5309,93
14360,93
10566,93
5030,93
13049,93
10844,93
14995,93
11829,93
10873,93
12241,93
4187,93
10496,93
13924,93
9697,93
14316,93
11526,93
2047,93
9224,93
13980,93
13343,93
3184,93
7668,93
4558,93
10186,93
3280,93
2870,93
9970,93
14567,93
8725,93
5388,93
4205,93
9215,93
3557,93
14748,93
4790,93
13729,93
5545,93
5229,93
14860,93
1470,93
11183,93
11890,93
1248,93
14344,93
13176,93
8313,93
3883,93
12209,93
10114,93
248,93
1761,93
13299,93
10531,93
13847,93
13839,93
4929,93
14526,93
3993,93
7964,93
14614,93
10686,93
2111,93
5756,93
12207,93
14594,93
11070,93
11284,93
12173,93
5455,93
11005,93
12262,93
11394,93
2138,93
12603,93
13635,93
7514,93
14254,93
1789,93
10325,93
3186,93
12289,93
14026,93
4711,93
12386,93
13525,93
8297,93
14320,93
13836,93
5193,93
5421,93
14738,93
14493,93
6684,93
1852,93
10695,93
3051,93
10613,93
3247,93
9609,93
12485,93
14401,93
11138,93
11872,93
13360,93
8543,93
10214,93
13985,93
9713,93
8184,93
9535,93
10831,93
7517,93
1967,93
1928,93
4277,93
10811,93
9159,93
9875,93
5449,93
12431,93
3046,93
5452,93
13481,93
7700,93
7874,93
8365,93
7919,93
14590,93
2259,93
14235,93
3438,93
1244,93
12569,93
11160,93
9980,93
14524,93
6592,93
13778,93
3657,93
73,93
9358,93
5007,93
14933,93
4994,93
12404,93
7562,93
12400,93
12337,93
14773,93
12338,93
13286,93
12444,93
13248,93
13037,93
14534,93
3714,93
1056,93
11576,93
7963,93
10329,93
10788,93
9966,93
11217,93
5256,93
14158,93
182,93
14059,93
13551,93
11168,93
2881,93
9849,93
9058,93
12392,93
8740,93
11015,93
12426,93
9400,93
4391,93
1834,93
2824,93
10373,93
14023,93
9359,93
1088,93
13478,93
3324,93
11051,93
1043,93
12978,93
5914,93
698,93
669,93
12411,93
6615,93
6640,93
3384,93
14193,93
10646,93
2875,93
6351,93
12433,93
9323,93
11218,93
12962,93
13624,93
11454,93
13086,93
6198,93
3843,93
10426,93
8686,93
7194,93
14931,93
5330,93
3788,93
7267,93
14635,93
1696,93
7532,93
805,93
1229,93
13640,93
4231,93
10200,93
9733,93
14992,93
9570,93
6062,93
6087,93
12789,93
9375,93
5270,93
12786,93
6725,93
4347,93
9679,93
14630,93
12835,93
14705,93
10235,93
3030,93
14805,93
1456,93
13099,93
11222,93
12669,93
3802,93
12775,93
13806,93
11631,93
8230,93
2256,93
7611,93
6865,93
8890,93
8636,93
9081,93
6368,93
14027,93
7855,93
759,93
11727,93
11997,93
5881,93
13984,93
13040,93
2202,93
14642,93
11678,93
9790,93
10759,93
12422,93
13990,93
10112,93
10411,93
7695,93
3975,93
2104,93
10092,93
10187,93
223,93
8894,93
12851,93
144,93
13465,93
13664,93
12197,93
10674,93
9887,93
14416,93
13260,93
10298,93
11453,93
3981,93
13019,93
7980,93
6972,93
11400,93
7629,93
8464,93
12847,93
12214,93
12822,93
10657,93
13717,93
7211,93
13569,93
6072,93
11364,93
13656,93
12152,93
190,93
14532,93
5719,93
13274,93
13598,93
9119,93
2033,93
12500,93
14167,93
4484,93
14904,93
12869,93
851,93
1943,93
10441,93
2965,93
2664,93
14749,93
4731,93
9960,93
6265,93
483,93
2306,93
3603,93
9451,93
8758,93
8139,93
5484,93
1171,93
6315,93
9432,93
12699,93
14052,93
12199,93
13663,93
5838,93
3934,93
12438,93
13689,93
10963,93
13851,93
7346,93
13460,93
4670,93
11319,93
787,93
10669,93
13442,93
11711,93
3792,93
12365,93
6455,93
3516,93
13795,93
12272,93
5033,93
11521,93
5585,93
3456,93
3505,93
14877,93
7679,93
14110,93
1795,93
3810,93
9811,93
12872,93
8111,93
9286,93
9617,93
11643,93
10842,93
12026,93
12911,93
12662,93
11395,93
7741,93
11402,93
11889,93
3039,93
9593,93
6074,93
10485,93
12615,93
10008,93
13716,93
1042,93
10691,93
14558,93
13974,93
14544,93
14831,93
10117,93
9303,93
12905,93
8296,93
5080,93
10872,93
9895,93
1196,93
7912,93
1798,93
12505,93
9505,93
3442,93
8099,93
10240,93
9283,93
6101,93
14552,93
12094,93
13732,93
6427,93
13372,93
3188,93
8344,93
13947,93
9646,93
5534,93
3793,93
11677,93
9881,93
6448,93
6547,93
200,93
13647,93
595,93
12870,93
1777,93
5671,93
13858,93
13621,93
686,93
14365,93
10376,93
10864,93
11916,93
6051,93
6526,93
1431,93
791,93
10334,93
12795,93
11233,93
11644,93
7835,93
11391,93
14060,93
6771,93
3108,93
12924,93
303,93
2735,93
14499,93
3807,93
12827,93
14626,93
14078,93
14623,93
13705,93
9309,93
14272,93
7587,93
2723,93
13783,93
10768,93
9385,93
11562,93
9856,93
11196,93
9722,93
1055,93
9082,93
9225,93
14707,93
12943,93
13949,93
12516,93
14321,93
14615,93
13627,93
4969,93
10342,93
10316,93
9763,93
11697,93
13126,93
3455,93
13917,93
14987,93
7388,93
5191,93
2803,93
9174,93
9633,93
13733,93
11132,93
869,93
5752,93
13206,93
4566,93
12617,93
9711,93
5523,93
12760,93
8082,93
14612,93
9667,93
2014,93
12240,93
153,93
6229,93
3297,93
9858,93
8965,93
463,93
13976,93
899,93
11303,93
9846,93
12479,93
7715,93
1179,93
7461,93
13384,93
14048,93
11994,93
10796,93
5082,93
9688,93
8692,93
3250,93
14312,93
3798,93
10871,93
9873,93
5426,93
9478,93
11700,93
2143,93
1571,93
14947,93
7367,93
2762,93
3418,93
14145,93
9149,93
13520,93
12373,93
6803,93
14030,93
8838,93
4616,93
12562,93
13793,93
13157,93
14809,93
14041,93
9419,93
14426,93
11767,93
14775,93
11585,93
4724,93
7001,93
11292,93
6190,93
5590,93
11770,93
13660,93
8622,93
11998,93
11929,93
9906,93
9712,93
14455,93
1374,93
11548,93
10224,93
6262,93
12074,93
11241,93
1447,93
5579,93
11080,93
13482,93
1444,93
14752,93
12753,93
7456,93
2150,93
1280,93
11689,93
9168,93
14708,93
8831,93
7175,93
12028,93
9705,93
8873,93
2924,93
51,93
14600,93
5441,93
10382,93
7565,93
12226,93
10724,93
12458,93
13609,93
4431,93
3119,93
13871,93
1064,93
9287,93
524,93
9857,93
14076,93
12985,93
1693,93
12785,93
14829,93
12460,93
1701,93
14465,93
13936,93
11853,93
6182,93
13304,93
13613,93
6651,93
5264,93
5569,93
5673,93
10554,93
6277,93
10388,93
9408,93
9406,93
1617,93
12109,93
9580,93
9755,93
14437,93
14475,93
14643,93
6954,93
437,93
551,93
8534,93
11791,93
2564,93
2491,93
3577,93
4937,93
4465,93
4745,93
7988,93
11536,93
344,93
11788,93
13164,93
2898,93
3482,93
10320,93
8804,93
12190,93
10275,93
5707,93
9829,93
12261,93
12251,93
5454,93
9175,93
12464,93
11430,93
14008,93
10877,93
2771,93
3326,93
7380,93
10369,93
9566,93
11384,93
2591,93
14056,93
510,93
9813,93
14440,93
10242,93
14054,93
14674,93
14430,93
11855,93
11093,93
14085,93
11072,93
8292,93
8580,93
14372,93
4701,93
12814,93
8969,93
10493,93
13133,93
1993,93
1522,93
6890,93
10046,93
1152,93
9717,93
10026,93
4891,93
12837,93
7933,93
2270,93
7074,93
6134,93
7984,93
12022,93
4024,93
7119,93
14354,93
11835,93
8083,93
5296,93
8549,93
10261,93
11076,93
13994,93
14270,93
11690,93
361,93
12344,93
8942,93
2953,93
12375,93
13127,93
14728,93
3112,93
11163,93
4023,93
5859,93
6869,93
10926,93
9039,93
13916,93
2650,93
11873,93
7012,93
13709,93
14833,93
8373,93
7424,93
10169,93
10778,93
10132,93
4662,93
12898,93
2476,93
4250,93
11775,93
10274,93
13644,93
14607,93
9673,93
14647,93
10253,93
6987,93
10587,93
13319,93
13228,93
13555,93
9011,93
3768,93
14759,93
10281,93
13731,93
14726,93
2435,93
10622,93
10331,93
419,93
12660,93
1688,93
13132,93
5499,93
13721,93
3221,93
12205,93
9459,93
1554,93
12323,93
13317,93
12401,93
9782,93
12307,93
13650,93
4673,93
2077,93
12692,93
1307,93
13474,93
14835,93
2674,93
2717,93
6524,93
11512,93
8132,93
5899,93
15001,93
3914,93
12680,93
8735,93
12762,93
831,93
14432,93
9890,93
3272,93
11189,93
12434,93
12314,93
2174,93
13226,93
12461,93
9288,93
10116,93
13977,93
9231,93
14807,93
11954,93
14695,93
11419,93
2954,93
654,93
13107,93
8388,93
10719,93
740,93
5611,93
2097,93
7005,93
3948,93
9847,93
12794,93
5326,93
12408,93
12555,93
10868,93
10156,93
7342,93
14206,93
10461,93
14307,93
12161,93
14356,93
4606,93
8115,93
9641,93
1520,93
10599,93
13618,93
5155,93
13548,93
5050,93
9399,93
9787,93
14064,93
13634,93
13444,93
12576,93
4746,93
1151,93
324,93
14035,93
14395,93
10794,93
1718,93
1804,93
4185,93
4330,93
11525,93
2964,93
6200,93
12306,93
13693,93
13263,93
1675,93
5787,93
6520,93
14489,93
13018,93
14462,93
6298,93
10431,93
1090,93
12809,93
3260,93
6801,93
12674,93
1896,93
10039,93
7840,93
13833,93
1491,93
14456,93
5844,93
7557,93
12018,93
4422,93
7965,93
3740,93
1109,93
14080,93
8938,93
7950,93
3420,93
12840,93
13755,93
12303,93
13589,93
11868,93
7412,93
8597,93
7823,93
10204,93
5621,93
10809,93
8844,93
8562,93
7334,93
168,93
13491,93
379,93
11758,93
14519,93
4553,93
3783,93
10607,93
9900,93
7859,93
1304,93
6386,93
12331,93
14227,93
9091,93
14273,93
12610,93
2424,93
6383,93
7281,93
2406,93
14444,93
747,93
13210,93
11981,93
14628,93
12572,93
12534,93
12258,93
6169,93
13653,93
10807,93
13734,93
3328,93
14116,93
14563,93
4854,93
696,93
10520,93
14768,93
14677,93
274,93
6500,93
2988,93
9055,93
6207,93
10611,93
11571,93
1162,93
5106,93
10892,93
12483,93
924,93
12706,93
6226,93
11368,93
14490,93
12294,93
12296,93
12643,93
3510,93
8347,93
10247,93
13334,93
945,93
10252,93
12803,93
11985,93
6568,93
12398,93
9314,93
14906,93
1274,93
11972,93
13328,93
413,93
2497,93
7489,93
11545,93
14946,93
13541,93
12574,93
14197,93
852,93
11018,93
5342,93
12017,93
2682,93
14497,93
10881,93
14761,93
196,93
8635,93
5415,93
5757,93
12454,93
655,93
3880,93
2216,93
13305,93
13186,93
9935,93
13154,93
2839,93
5012,93
10543,93
12341,93
10222,93
11919,93
9479,93
13152,93
9031,93
6316,93
100,93
12862,93
2389,93
12063,93
10984,93
10725,93
12133,93
2710,93
13188,93
14340,93
9784,93
8953,93
10705,93
6089,93
2743,93
14413,93
14666,93
12011,93
11814,93
13034,93
5304,93
11191,93
14917,93
10064,93
164,93
5582,93
11204,93
11877,93
11658,93
214,93
12357,93
7710,93
9978,93
435,93
12362,93
9106,93
14469,93
4539,93
6221,93
13922,93
13572,93
5246,93
11530,93
11291,93
9833,93
14123,93
12960,93
7440,93
13364,93
5352,93
1376,93
8060,93
5474,93
808,93
1614,93
4299,93
453,93
7702,93
5908,93
7501,93
14287,93
11742,93
10107,93
2689,93
5842,93
11247,93
9719,93
6761,93
4900,93
5370,93
8100,93
9305,93
11031,93
10632,93
2647,93
6768,93
7204,93
10249,93
12290,93
7065,93
10305,93
5662,93
1508,93
4118,93
125,93
11822,93
14162,93
10744,93
12831,93
12874,93
938,93
191,93
7420,93
320,93
12080,93
6708,93
13742,93
5279,93
14007,93
10734,93
2188,93
14597,93
11037,93
5350,93
5857,93
10218,93
6929,93
14481,93
3592,93
793,93
2944,93
7529,93
14313,93
11234,93
11462,93
13620,93
14447,93
6927,93
12293,93
12069,93
14561,93
11551,93
14156,93
6703,93
10598,93
12600,93
12683,93
482,93
4350,93
14104,93
2002,93
4237,93
13469,93
14834,93
14801,93
13282,93
14908,93
14502,93
1700,93
6932,93
8607,93
12912,93
13875,93
10043,93
10372,93
14596,93
2853,93
13433,93
6909,93
14095,93
7347,93
13897,93
9275,93
8656,93
9140,93
10808,93
6866,93
12032,93
1011,93
10384,93
10575,93
865,93
12030,93
2796,93
15002,93
5387,93
5665,93
4953,93
8538,93
9553,93
9661,93
12140,93
1279,93
5494,93
10894,93
13849,93
12180,93
8964,93
11852,93
3248,93
11265,93
237,93
12820,93
13429,93
10584,93
14283,93
531,93
6006,93
12691,93
12327,93
1744,93
7607,93
9272,93
10344,93
14821,93
11157,93
866,93
5076,93
12189,93
7438,93
4084,93
76,93
12006,93
3637,93
7796,93
14472,93
8245,93
12202,93
1720,93
14199,93
14267,93
12733,93
9544,93
6137,93
10207,93
10941,93
13333,93
13604,93
3017,93
14044,93
14011,93
10155,93
14150,93
12938,93
10860,93
1958,93
3171,93
9748,93
8047,93
12370,93
48,93
7968,93
12979,93
6018,93
10389,93
8255,93
10618,93
12091,93
12004,93
14495,93
13490,93
2692,93
14336,93
10943,93
2883,93
2715,93
6808,93
13184,93
12322,93
1810,93
13326,93
6737,93
9150,93
12493,93
3527,93
13160,93
8415,93
10507,93
13067,93
396,93
5059,93
12531,93
9053,93
494,93
12854,93
1937,93
14530,93
14466,93
12372,93
4019,93
14422,93
3720,93
14645,93
13123,93
12269,93
6795,93
11208,93
3853,93
6856,93
10184,93
12340,93
1612,93
11112,93
7217,93
1629,93
13792,93
13970,93
14299,93
5803,93
11221,93
10297,93
9668,93
4498,93
11633,93
10103,93
3937,93
3454,93
13906,93
13259,93
12477,93
14637,93
8499,93
10185,93
14668,93
13074,93
9373,93
12155,93
6332,93
9589,93
12813,93
13415,93
14772,93
14314,93
12281,93
10256,93
13959,93
4472,93
14015,93
10293,93
5952,93
1566,93
12746,93
7860,93
14029,93
7958,93
14019,93
13986,93
12678,93
6234,93
8947,93
10317,93
3159,93
13968,93
12652,93
14844,93
10410,93
10302,93
10284,93
13633,93
14366,93
9316,93
10895,93
11958,93
13929,93
9232,93
2110,93
10248,93
9062,93
14445,93
11982,93
4214,93
468,93
6874,93
10671,93
10371,93
9975,93
997,93
7595,93
11599,93
12473,93
1969,93
13434,93
12374,93
10902,93
8834,93
4105,93
7391,93
12124,93
4026,93
9437,93
13278,93
3440,93
12838,93
634,93
3618,93
10177,93
2561,93
11558,93
14617,93
12369,93
10816,93
287,93
11194,93
4829,93
12419,93
8424,93
786,93
12597,93
4228,93
13923,93
13750,93
8501,93
12748,93
5232,93
12980,93
4282,93
3804,93
8963,93
9357,93
1311,93
3137,93
14409,93
6566,93
13874,93
9191,93
2509,93
9529,93
13454,93
14139,93
11033,93
14124,93
12914,93
2545,93
14943,93
529,93
13455,93
13290,93
4889,93
14112,93
4980,93
13431,93
9650,93
12684,93
4463,93
13128,93
6906,93
12843,93
1203,93
11820,93
12099,93
12752,93
1191,93
13471,93
4318,93
2993,93
12395,93
1647,93
13542,93
8258,93
165,93
12532,93
13376,93
989,93
14592,93
13576,93
8752,93
4686,93
5728,93
14125,93
9814,93
2720,93
7286,93
576,93
13002,93
6428,93
10279,93
13860,93
12834,93
14057,93
12265,93
13234,93
3085,93
2136,93
4968,93
7361,93
7685,93
9912,93
13439,93
3966,93
14380,93
14788,93
14323,93
715,93
3535,93
14053,93
14512,93
13224,93
10009,93
14751,93
9848,93
14968,93
2445,93
13700,93
4771,93
5103,93
10054,93
7039,93
12537,93
5214,93
10400,93
7435,93
12132,93
13803,93
3145,93
5797,93
12631,93
5548,93
4812,93
12778,93
4297,93
14789,93
2713,93
11049,93
11000,93
2610,93
12403,93
13867,93
14454,93
8025,93
5925,93
14410,93
5,93
5320,93
432,93
12308,93
4747,93
10921,93
2909,93
13828,93
7047,93
11063,93
4455,93
497,93
858,93
1013,93
10451,93
10530,93
11290,93
14451,93
138,93
7952,93
13496,93
10481,93
12263,93
14163,93
11137,93
8616,93
5876,93
14583,93
9484,93
14079,93
12110,93
9569,93
12060,93
3494,93
3095,93
1523,93
14894,93
13021,93
1979,93
4456,93
5969,93
15023,93
11741,93
14880,93
14559,93
9216,93
12833,93
607,93
10243,93
4825,93
3678,93
10838,93
7882,93
3080,93
11036,93
10865,93
1350,93
13400,93
2206,93
1226,93
4964,93
14165,93
10863,93
13886,93
12213,93
3413,93
2084,93
12764,93
13499,93
6473,93
13888,93
11621,93
14874,93
14516,93
14698,93
976,93
9297,93
11420,93
9196,93
13545,93
3690,93
14871,93
3913,93
2194,93
13355,93
2067,93
11431,93
10764,93
5249,93
13369,93
6033,93
12062,93
13356,93
13340,93
8782,93
13392,93
3780,93
11120,93
13622,93
2028,93
11131,93
1018,93
5146,93
7799,93
13463,93
12842,93
7660,93
12571,93
13480,93
14004,93
11933,93
9169,93
1065,93
12351,93
13105,93
6928,93
12551,93
14780,93
11232,93
7450,93
2179,93
343,93
30,93
1626,93
5820,93
7401,93
13675,93
11245,93
5755,93
2051,93
10546,93
10440,93
10071,93
5028,93
9497,93
9946,93
5383,93
12144,93
271,93
1006,93
11792,93
9678,93
8462,93
14641,93
8319,93
4174,93
9022,93
12708,93
1436,93
14903,93
205,93
5435,93
14646,93
10015,93
11279,93
13501,93
9639,93
14500,93
2012,93
13789,93
13110,93
14198,93
3691,93
7092,93
3329,93
14891,93
3225,93
8536,93
13298,93
533,93
14260,93
11965,93
7793,93
6241,93
11356,93
12509,93
12942,93
4955,93
10265,93
14648,93
14434,93
13080,93
11908,93
12632,93
14822,93
10434,93
4351,93
9783,93
5594,93
7846,93
12866,93
13377,93
6201,93
9179,93
12749,93
1848,93
12954,93
12195,93
13794,93
5525,93
3288,93
11931,93
710,93
14457,93
11254,93
13683,93
9144,93
6919,93
14178,93
14527,93
13401,93
11587,93
8640,93
11596,93
9455,93
10829,93
12552,93
12118,93
2279,93
12125,93
7584,93
5947,93
7805,93
9117,93
7076,93
5145,93
10206,93
10375,93
13704,93
13449,93
12385,93
8966,93
14402,93
4952,93
7558,93
13730,93
13646,93
6365,93
14979,93
6172,93
6857,93
4585,93
9189,93
8193,93
12589,93
5276,93
13368,93
133,93
9404,93
14586,93
6389,93
504,93
10737,93
917,93
12966,93
2375,93
11438,93
9542,93
4636,93
14730,93
5650,93
5826,93
13549,93
11953,93
6638,93
13967,93
10781,93
11450,93
12702,93
2845,93
9584,93
1021,93
14151,93
13825,93
9338,93
11800,93
7480,93
3470,93
4304,93
6381,93
5711,93
12766,93
12670,93
8450,93
8720,93
2987,93
9510,93
7339,93
9595,93
13606,93
14556,93
7013,93
6249,93
7643,94
4521,94
939,94
13703,94
13686,94
915,94
8489,94
13106,94
4876,94
294,94
9453,94
11975,94
14172,94
8472,94
12233,94
3649,94
13995,94
12416,94
10194,94
10555,94
13658,94
14460,94
14349,94
8744,94
11520,94
11412,94
6454,94
4582,94
11002,94
12000,94
9050,94
391,94
8566,94
13639,94
1682,94
14215,94
7655,94
537,94
11566,94
12158,94
3869,94
12188,94
9775,94
13500,94
5904,94
7301,94
3836,94
4111,94
14683,94
10477,94
12553,94
12976,94
12663,94
8140,94
2951,94
14506,94
13692,94
8367,94
13025,94
10847,94
5024,94
4009,94
8401,94
12955,94
14291,94
4446,94
10976,94
2080,94
12983,94
1407,94
14576,94
12221,94
2616,94
10739,94
4313,94
5047,94
4387,94
11198,94
11433,94
5848,94
12435,94
12700,94
1231,94
13648,94
14017,94
7099,94
4307,94
598,94
60,94
9762,94
6740,94
11748,94
4979,94
1302,94
13698,94
5009,94
5557,94
13775,94
12686,94
12807,94
4970,94
6551,94
10328,94
13779,94
10542,94
3241,94
1050,94
9249,94
14714,94
7422,94
4365,94
2570,94
516,94
10025,94
1835,94
9328,94
94,94
1251,94
1907,94
11056,94
313,94
13787,94
13788,94
3020,94
9171,94
12324,94
6981,94
13600,94
12675,94
13608,94
10627,94
13494,94
6375,94
12504,94
3434,94
14247,94
8601,94
1354,94
13740,94
6943,94
11297,94
11434,94
6227,94
250,94
5600,94
7967,94
11102,94
6624,94
4072,94
13253,94
7158,94
1157,94
4652,94
2767,94
14285,94
13615,94
3236,94
13483,94
14853,94
8015,94
14816,94
13879,94
9368,94
6880,94
9258,94
3813,94
13452,94
6299,94
3129,94
13399,94
3052,94
9918,94
11970,94
6304,94
9745,94
3073,94
4557,94
14073,94
3408,94
3857,94
5058,94
4266,94
11306,94
9827,94
8425,94
13909,94
10425,94
5253,94
4798,94
10216,94
10798,94
13354,94
9797,94
13108,94
4532,94
13782,94
5265,94
13739,94
11148,94
8667,94
8062,94
4195,94
13697,94
10835,94
12696,94
9692,94
220,94
11074,94
5890,94
9709,94
14256,94
4864,94
13297,94
14699,94
14814,94
3173,94
11988,94
1519,94
4617,94
11751,94
12177,94
4370,94
14204,94
5967,94
12881,94
9725,94
9293,94
3427,94
5153,94
8123,94
5311,94
14276,94
6952,94
14063,94
10760,94
9435,94
2171,94
5240,94
11195,94
11268,94
726,94
11164,94
14424,94
10300,94
14864,94
903,94
9266,94
1543,94
1615,94
12313,94
2893,94
13169,94
7325,94
3538,94
7287,94
3754,94
1579,94
3787,94
13894,94
4392,94
9431,94
9255,94
12268,94
10452,94
9468,94
12953,94
1420,94
1245,94
10038,94
11687,94
12739,94
8131,94
3588,94
7295,94
1175,94
2670,94
9041,94
9230,94
12318,94
7804,94
12286,94
14118,94
12288,94
13220,94
13151,94
11686,94
5061,94
12627,94
9412,94
381,94
9146,94
6431,94
2865,94
13252,94
4885,94
9796,94
9630,94
4978,94
11894,94
5319,94
12184,94
7653,94
5880,94
13189,94
11316,94
5297,94
12829,94
5954,94
3398,94
3057,94
11004,94
10051,94
8482,94
12359,94
8059,94
14935,94
11812,94
13921,94
12491,94
1940,94
11340,94
5344,94
8626,94
1981,94
14006,94
4369,94
7392,94
1049,94
11874,94
9250,94
9090,94
9123,94
9201,94
966,94
8770,94
9223,94
9866,94
8043,94
8613,94
4983,94
11913,94
9579,94
10139,94
2295,94
8165,94
13307,94
9410,94
2309,94
14700,94
11187,94
1603,94
2055,94
5309,94
5030,94
10844,94
14995,94
10873,94
12241,94
4187,94
10496,94
13924,94
9697,94
14316,94
2047,94
13980,94
7668,94
4558,94
10186,94
5388,94
9215,94
3557,94
4790,94
13729,94
5545,94
14860,94
11183,94
11890,94
1248,94
13176,94
8313,94
3883,94
12209,94
10114,94
13847,94
13839,94
4929,94
7964,94
14594,94
11284,94
12173,94
11005,94
12262,94
11394,94
7514,94
14254,94
10325,94
14026,94
4711,94
12386,94
8297,94
5193,94
14493,94
10695,94
10613,94
9609,94
13360,94
11138,94
11872,94
13985,94
9713,94
9535,94
7517,94
4277,94
9159,94
9875,94
5449,94
5452,94
7700,94
7874,94
8365,94
7919,94
14235,94
1244,94
12569,94
11160,94
14524,94
6592,94
13778,94
3657,94
7562,94
12444,94
1056,94
7963,94
10329,94
9966,94
14059,94
11168,94
9849,94
9058,94
11015,94
9400,94
4391,94
1834,94
2824,94
10373,94
9359,94
1088,94
3324,94
1043,94
698,94
669,94
6640,94
10646,94
2875,94
6351,94
12433,94
9323,94
11218,94
12962,94
13624,94
11454,94
6198,94
8686,94
7194,94
5330,94
7267,94
7532,94
805,94
1229,94
4231,94
10200,94
9570,94
6062,94
6087,94
12789,94
5270,94
6725,94
14630,94
10235,94
3030,94
1456,94
13099,94
11222,94
12669,94
13806,94
7611,94
6865,94
8890,94
8636,94
9081,94
11997,94
5881,94
2202,94
11678,94
10759,94
13990,94
10112,94
10411,94
7695,94
3975,94
2104,94
10187,94
12851,94
144,94
10674,94
14416,94
11453,94
3981,94
13019,94
12822,94
10657,94
13717,94
7211,94
6072,94
13274,94
4484,94
14904,94
12869,94
851,94
1943,94
10441,94
2664,94
6265,94
3603,94
9451,94
8758,94
1171,94
12699,94
12199,94
13663,94
5838,94
3934,94
12438,94
13851,94
4670,94
13442,94
11711,94
3792,94
12365,94
5585,94
3456,94
14877,94
1795,94
9811,94
8111,94
9617,94
11643,94
10842,94
12026,94
12911,94
12662,94
11395,94
11402,94
11889,94
3039,94
9593,94
12615,94
10691,94
14544,94
14831,94
10117,94
9303,94
12905,94
8296,94
10872,94
1798,94
12505,94
8099,94
9283,94
14552,94
12094,94
13372,94
3188,94
9646,94
3793,94
6448,94
6547,94
13647,94
595,94
5671,94
13621,94
14365,94
11916,94
6051,94
1431,94
791,94
10334,94
11233,94
11644,94
11391,94
14060,94
6771,94
303,94
14499,94
14626,94
14078,94
14623,94
13705,94
14272,94
7587,94
2723,94
10768,94
11562,94
9856,94
9722,94
11196,94
13949,94
14321,94
13627,94
10316,94
9763,94
13126,94
5191,94
11132,94
869,94
5752,94
13206,94
4566,94
9711,94
12760,94
14612,94
12240,94
153,94
3297,94
9858,94
8965,94
463,94
13976,94
899,94
11303,94
9846,94
7715,94
7461,94
13384,94
14048,94
9688,94
8692,94
3250,94
5426,94
9478,94
2143,94
1571,94
14947,94
9149,94
4616,94
12562,94
13157,94
14809,94
14041,94
11767,94
14775,94
11585,94
4724,94
7001,94
11292,94
5590,94
13660,94
8622,94
11998,94
11929,94
9906,94
9712,94
14455,94
1374,94
11548,94
10224,94
12074,94
11241,94
1447,94
5579,94
11080,94
13482,94
7456,94
2150,94
1280,94
8831,94
7175,94
12028,94
51,94
5441,94
10382,94
12226,94
12458,94
13609,94
3119,94
1064,94
9287,94
524,94
9857,94
14829,94
13936,94
6182,94
13613,94
6651,94
5264,94
10554,94
6277,94
10388,94
9408,94
9406,94
1617,94
12109,94
9580,94
14475,94
14643,94
6954,94
437,94
8534,94
3577,94
4465,94
4745,94
7988,94
11536,94
11788,94
2898,94
3482,94
10320,94
8804,94
10275,94
9829,94
12261,94
12464,94
14008,94
2771,94
7380,94
2591,94
9813,94
14674,94
14085,94
8292,94
14372,94
4701,94
12814,94
1152,94
9717,94
4891,94
12837,94
7933,94
2270,94
6134,94
7984,94
14354,94
8549,94
10261,94
13994,94
11690,94
8942,94
2953,94
3112,94
4023,94
5859,94
13916,94
9039,94
2650,94
7012,94
8373,94
7424,94
10169,94
10778,94
10132,94
12898,94
13644,94
14647,94
10253,94
3768,94
10281,94
2435,94
10622,94
12660,94
13132,94
5499,94
13721,94
1554,94
12401,94
4673,94
2077,94
1307,94
14835,94
2674,94
6524,94
5899,94
11512,94
8735,94
12680,94
12762,94
14432,94
9890,94
3272,94
11189,94
2174,94
12461,94
10116,94
13977,94
14807,94
11954,94
2954,94
8388,94
740,94
2097,94
12794,94
10156,94
10461,94
14307,94
4606,94
9641,94
5155,94
13548,94
9787,94
14064,94
13444,94
1151,94
1804,94
4185,94
4330,94
2964,94
6200,94
12306,94
13693,94
13263,94
6520,94
13018,94
14462,94
1090,94
12809,94
3260,94
1896,94
13833,94
14456,94
7557,94
12018,94
7965,94
1109,94
3420,94
12303,94
13589,94
11868,94
7412,94
7823,94
5621,94
10809,94
8844,94
8562,94
7334,94
168,94
11758,94
4553,94
10607,94
1304,94
7859,94
6386,94
12331,94
14273,94
2424,94
14444,94
747,94
14628,94
6169,94
13653,94
3328,94
4854,94
696,94
10520,94
14768,94
2988,94
9055,94
6207,94
10892,94
12483,94
924,94
12706,94
6226,94
14490,94
13334,94
12803,94
11985,94
6568,94
12398,94
9314,94
1274,94
11972,94
413,94
7489,94
14946,94
12574,94
14197,94
852,94
12017,94
14497,94
10881,94
14761,94
8635,94
5757,94
655,94
3880,94
13305,94
9935,94
13154,94
10543,94
12341,94
10222,94
9479,94
6316,94
100,94
12862,94
12063,94
12133,94
2710,94
14340,94
9784,94
2743,94
14413,94
13034,94
12011,94
11814,94
5304,94
10064,94
164,94
5582,94
11204,94
11877,94
11658,94
214,94
12357,94
7710,94
435,94
4539,94
6221,94
13572,94
11530,94
11291,94
9833,94
14123,94
12960,94
7440,94
13364,94
1376,94
5474,94
4299,94
7702,94
5908,94
7501,94
9719,94
9305,94
11031,94
10632,94
2647,94
6768,94
7204,94
10249,94
12290,94
5662,94
1508,94
125,94
14162,94
12831,94
191,94
7420,94
320,94
6708,94
13742,94
5279,94
10734,94
2188,94
11037,94
10218,94
6929,94
3592,94
2944,94
7529,94
14313,94
11234,94
11462,94
13620,94
14447,94
6927,94
12293,94
14561,94
6703,94
12683,94
482,94
14104,94
2002,94
13469,94
14801,94
6932,94
12912,94
10372,94
14596,94
2853,94
13433,94
6909,94
14095,94
9275,94
9140,94
10808,94
6866,94
10575,94
2796,94
8538,94
9553,94
12140,94
5494,94
10894,94
12180,94
8964,94
3248,94
11265,94
12820,94
10584,94
531,94
6006,94
12691,94
12327,94
1744,94
10344,94
14821,94
5076,94
7438,94
3637,94
7796,94
12202,94
14199,94
10207,94
10941,94
13333,94
14044,94
10860,94
3171,94
9748,94
12370,94
48,94
8255,94
10389,94
10618,94
12004,94
13490,94
2692,94
10943,94
2715,94
6808,94
12322,94
13326,94
3527,94
13160,94
8415,94
10507,94
5059,94
1937,94
4019,94
3720,94
11208,94
6856,94
12340,94
11112,94
7217,94
4498,94
9668,94
11633,94
3937,94
13906,94
12477,94
14637,94
10185,94
14668,94
13074,94
9373,94
6332,94
10256,94
13959,94
4472,94
14015,94
5952,94
13986,94
6234,94
8947,94
10317,94
13968,94
12652,94
10410,94
10302,94
14366,94
9316,94
13929,94
2110,94
14445,94
11982,94
468,94
9975,94
12473,94
1969,94
7391,94
4026,94
9437,94
3440,94
12838,94
3618,94
10177,94
11558,94
10816,94
14617,94
12369,94
287,94
4829,94
12419,94
786,94
12597,94
13923,94
13750,94
4282,94
8963,94
1311,94
9529,94
13454,94
14139,94
12914,94
2545,94
529,94
13455,94
4980,94
13431,94
9650,94
4463,94
13128,94
6906,94
11820,94
12395,94
1647,94
8258,94
165,94
13376,94
989,94
14592,94
8752,94
5728,94
14125,94
576,94
13002,94
13860,94
14057,94
13234,94
2136,94
7685,94
9912,94
3966,94
14788,94
14323,94
3535,94
14053,94
10009,94
9848,94
14968,94
2445,94
4771,94
5103,94
12537,94
12132,94
10400,94
7435,94
13803,94
5797,94
4812,94
12778,94
14789,94
2713,94
2610,94
12403,94
14410,94
5,94
5320,94
432,94
12308,94
4747,94
10921,94
7047,94
11063,94
4455,94
497,94
10530,94
11290,94
13496,94
10481,94
8616,94
5876,94
9484,94
9569,94
12060,94
3494,94
3095,94
1523,94
14894,94
4456,94
15023,94
11741,94
9216,94
12833,94
4825,94
10838,94
3080,94
11036,94
10865,94
1350,94
1226,94
10863,94
13886,94
3413,94
2084,94
13499,94
14874,94
14516,94
976,94
11420,94
9196,94
3690,94
3913,94
2194,94
5249,94
13369,94
6033,94
12062,94
13340,94
8782,94
13392,94
3780,94
2028,94
11131,94
5146,94
13463,94
13105,94
12551,94
7450,94
343,94
5820,94
7401,94
13675,94
2051,94
10440,94
5028,94
9946,94
5383,94
11792,94
9678,94
8462,94
14641,94
8319,94
4174,94
9022,94
12708,94
205,94
11279,94
13501,94
9639,94
13789,94
13110,94
3225,94
8536,94
13298,94
533,94
14260,94
11965,94
6241,94
12509,94
14648,94
10434,94
4351,94
9783,94
5594,94
7846,94
12866,94
9179,94
12749,94
1848,94
12195,94
13794,94
3288,94
11931,94
710,94
14457,94
11254,94
13683,94
9144,94
14178,94
14527,94
13401,94
11596,94
12552,94
2279,94
5947,94
7805,94
9117,94
10206,94
10375,94
13704,94
12385,94
8966,94
14979,94
6172,94
4585,94
5276,94
9404,94
6389,94
2375,94
10737,94
917,94
11438,94
9542,94
14730,94
13549,94
6638,94
11450,94
12702,94
9584,94
1021,94
14151,94
9338,94
11800,94
3470,94
6381,94
5711,94
8720,94
9595,94
13606,94
14556,94
7013,94
9712,95
8538,95
14455,95
9579,95
1374,95
9553,95
12140,95
10139,95
13686,95
2295,95
11241,95
8964,95
5579,95
13482,95
12820,95
7456,95
10584,95
2150,95
1280,95
531,95
2309,95
11187,95
12327,95
8831,95
1603,95
2055,95
294,95
14995,95
10873,95
14172,95
4187,95
12233,95
7438,95
3649,95
3637,95
13609,95
3119,95
13995,95
7796,95
524,95
12416,95
10194,95
12202,95
14199,95
10555,95
13658,95
13980,95
10207,95
10941,95
14349,95
7668,95
11520,95
14829,95
14044,95
11412,95
3171,95
9748,95
12370,95
6454,95
6182,95
4582,95
13613,95
5264,95
5388,95
12004,95
9215,95
3557,95
4790,95
8566,95
13490,95
2692,95
10943,95
14860,95
6808,95
10388,95
9408,95
9406,95
12109,95
9580,95
13326,95
13176,95
8313,95
3883,95
13847,95
8415,95
7964,95
4745,95
5059,95
11536,95
3869,95
11284,95
12188,95
12173,95
12262,95
11788,95
3720,95
2898,95
13500,95
7301,95
3482,95
11208,95
7514,95
10320,95
8804,95
6856,95
14026,95
10275,95
3836,95
4711,95
9829,95
12464,95
5193,95
2771,95
14683,95
7380,95
4498,95
9668,95
12553,95
10695,95
11633,95
3937,95
9813,95
10613,95
12663,95
12477,95
9609,95
14506,95
13074,95
9373,95
6332,95
13360,95
11138,95
11872,95
14674,95
13692,95
8367,95
10256,95
10847,95
13985,95
13959,95
9713,95
4472,95
9535,95
7517,95
14372,95
5952,95
4009,95
12814,95
4277,95
9159,95
8401,95
12955,95
5449,95
5452,95
7700,95
4446,95
10976,95
6234,95
12837,95
1407,95
7874,95
7933,95
12221,95
2270,95
13968,95
10739,95
6134,95
8365,95
14366,95
4387,95
13929,95
11198,95
10261,95
2110,95
12569,95
8942,95
14524,95
6592,95
11433,95
14445,95
4023,95
11982,95
468,95
5848,95
12435,95
12700,95
1231,95
13916,95
9039,95
13648,95
9975,95
2650,95
7562,95
7012,95
12473,95
8373,95
4307,95
10778,95
598,95
12444,95
60,95
13644,95
7963,95
6740,95
9437,95
9966,95
11748,95
4979,95
5557,95
13775,95
12686,95
11168,95
12807,95
12838,95
4970,95
10328,95
10281,95
1834,95
10177,95
10622,95
10816,95
9249,95
10373,95
287,95
12419,95
4365,95
1088,95
13721,95
10025,95
1043,95
1835,95
9328,95
4282,95
1554,95
8963,95
1311,95
12401,95
6640,95
4673,95
2077,95
1307,95
14835,95
9529,95
2674,95
10646,95
13454,95
11512,95
14139,95
12914,95
1907,95
12433,95
2545,95
12962,95
11056,95
13455,95
14432,95
11189,95
4980,95
13788,95
7194,95
9650,95
5330,95
9171,95
7267,95
2174,95
7532,95
12461,95
13128,95
805,95
10116,95
13977,95
6981,95
14807,95
13600,95
12675,95
10200,95
13608,95
10627,95
6062,95
12504,95
12789,95
12395,95
3434,95
1647,95
8601,95
5270,95
8388,95
8258,95
740,95
6725,95
14630,95
3030,95
6943,95
5728,95
12669,95
7611,95
6865,95
8890,95
14057,95
8636,95
9081,95
7967,95
10156,95
14307,95
2136,95
7685,95
11102,95
4606,95
6624,95
14323,95
7158,95
11678,95
10759,95
1157,95
5155,95
13548,95
13990,95
10112,95
4652,95
2767,95
14064,95
3535,95
14053,95
13615,95
3236,95
7695,95
13444,95
10009,95
9848,95
2104,95
14968,95
4771,95
10187,95
12537,95
13483,95
12132,95
10400,95
12851,95
4185,95
5797,95
2964,95
6200,95
14416,95
13263,95
6520,95
11453,95
3981,95
14462,95
1090,95
12809,95
14789,95
12822,95
2713,95
6299,95
3129,95
3052,95
10657,95
13717,95
7211,95
2610,95
11970,95
6304,95
9745,95
14410,95
5320,95
3073,95
14073,95
14456,95
10921,95
13274,95
11063,95
497,95
7557,95
12018,95
11290,95
3857,95
12303,95
13589,95
11868,95
10481,95
7823,95
4266,95
10809,95
8616,95
11306,95
8562,95
9827,95
9484,95
8425,95
1943,95
13909,95
10441,95
11758,95
4553,95
6265,95
5253,95
12060,95
7859,95
3603,95
9451,95
14894,95
14273,95
9797,95
2424,95
15023,95
13782,95
12699,95
14628,95
13739,95
13663,95
8667,95
8062,95
4195,95
13697,95
220,95
11074,95
11036,95
4854,95
696,95
9709,95
14256,95
4864,95
3792,95
12365,95
10892,95
3456,95
13886,95
14490,95
3413,95
2084,95
8111,95
9617,95
11643,95
10842,95
13334,95
12803,95
3173,95
12662,95
12398,95
11751,95
14874,95
11402,95
1274,95
14516,95
7489,95
976,95
4370,95
5967,95
12881,95
14946,95
14197,95
10691,95
3427,95
3690,95
14544,95
3913,95
5153,95
2194,95
6952,95
9303,95
14497,95
8296,95
14063,95
14761,95
10872,95
10760,95
9435,95
2171,95
8635,95
13340,95
1798,95
11268,95
726,95
11164,95
8782,95
5757,95
655,95
11131,95
5146,95
13463,95
13154,95
903,95
12341,95
14552,95
12094,95
3188,95
9266,95
9646,95
6316,95
3793,95
1543,95
13105,95
12551,95
12063,95
13647,95
343,95
12313,95
12133,95
5820,95
7401,95
13675,95
2893,95
13169,95
2710,95
2051,95
14365,95
14340,95
7325,95
10440,95
5028,95
11916,95
6051,95
3754,95
1431,95
13894,95
791,95
2743,95
10334,95
9255,95
11792,95
9678,95
10064,95
5582,95
11204,95
11391,95
10452,95
12708,95
9468,95
6771,95
9022,95
205,95
214,95
12357,95
303,95
435,95
11279,95
14499,95
9639,95
1420,95
6221,95
10038,95
13789,95
13572,95
11530,95
14626,95
14623,95
13705,95
9833,95
11687,95
12739,95
14272,95
8536,95
7587,95
1376,95
14260,95
6241,95
3588,95
12509,95
4299,95
7702,95
5908,95
7295,95
9856,95
2670,95
9041,95
9719,95
10434,95
13949,95
9230,95
14321,95
5594,95
13627,95
12318,95
10316,95
7846,95
12286,95
9179,95
2647,95
13126,95
12288,95
1848,95
5191,95
13794,95
3288,95
7204,95
14457,95
11254,95
13683,95
9146,95
11132,95
10249,95
14178,95
14527,95
13206,95
2279,95
4885,95
12760,95
14612,95
125,95
14162,95
10206,95
191,95
12240,95
4978,95
11894,95
3297,95
9858,95
5319,95
5279,95
8965,95
12184,95
7653,95
5880,95
463,95
10734,95
2188,95
12829,95
9846,95
6929,95
3057,95
10051,95
11234,95
8482,95
12359,95
14447,95
8059,95
13384,95
6927,95
14935,95
12293,95
11812,95
9688,95
8692,95
6703,95
13921,95
12491,95
5276,95
12683,95
2143,95
9404,95
5344,95
1571,95
14947,95
10737,95
14104,95
8626,95
1981,95
9149,95
7392,95
1049,95
14730,95
13469,95
6638,95
14801,95
9250,95
12562,95
9123,95
6932,95
9338,95
12912,95
11800,95
14809,95
14041,95
2853,95
11767,95
13433,95
14095,95
5711,95
9275,95
9866,95
9140,95
11292,95
10808,95
6866,95
5590,95
8613,95
10575,95
2796,95
8622,95
11998,95
13606,95
11929,95
14556,95
7013,95
4983,95
12313,96
5820,96
7401,96
13929,96
13675,96
14416,96
9553,96
9579,96
1374,96
13263,96
12140,96
2893,96
11453,96
3981,96
13169,96
2710,96
12569,96
8942,96
14340,96
7325,96
1090,96
2295,96
5028,96
14524,96
6592,96
11916,96
6051,96
11433,96
5579,96
14789,96
12822,96
13894,96
791,96
2743,96
10334,96
2713,96
6299,96
11792,96
3129,96
3052,96
10657,96
13916,96
7211,96
2610,96
5582,96
11204,96
10584,96
11970,96
11391,96
12708,96
9022,96
1280,96
7562,96
7012,96
531,96
9745,96
5320,96
4307,96
10921,96
8831,96
13274,96
11279,96
11063,96
60,96
1603,96
7557,96
2055,96
294,96
13644,96
7963,96
11530,96
9966,96
11748,96
12303,96
9833,96
14995,96
11868,96
14272,96
12686,96
10481,96
14172,96
7438,96
8536,96
12838,96
7823,96
3637,96
4970,96
14260,96
3119,96
8616,96
6241,96
12509,96
4299,96
10328,96
5908,96
9827,96
1834,96
14199,96
9484,96
8425,96
10177,96
13909,96
10622,96
10441,96
4553,96
287,96
10207,96
9719,96
7668,96
12419,96
13949,96
14044,96
14321,96
5594,96
4365,96
1088,96
13627,96
11412,96
9451,96
10316,96
7846,96
3171,96
9748,96
2647,96
13126,96
12288,96
4282,96
1848,96
4582,96
8963,96
1311,96
5191,96
3288,96
6640,96
4673,96
13739,96
2077,96
9215,96
343,96
11254,96
8667,96
13683,96
11132,96
4790,96
13490,96
2692,96
14835,96
2674,96
10646,96
14139,96
14178,96
13697,96
14860,96
12914,96
6808,96
2545,96
220,96
2279,96
4854,96
9408,96
9406,96
9580,96
13326,96
4885,96
8313,96
14256,96
14432,96
3883,96
4864,96
3792,96
13788,96
9650,96
5330,96
191,96
7964,96
7532,96
3456,96
12461,96
13128,96
3869,96
5319,96
5279,96
6981,96
7653,96
12262,96
3413,96
13600,96
11788,96
12675,96
10734,96
3720,96
2188,96
2084,96
13500,96
8111,96
9846,96
11643,96
3482,96
10627,96
12803,96
12662,96
7514,96
12504,96
6929,96
10320,96
8804,96
6856,96
12789,96
12395,96
11751,96
10275,96
4711,96
8601,96
8059,96
9829,96
14874,96
5270,96
8388,96
12293,96
740,96
5193,96
9688,96
8692,96
4370,96
14946,96
12881,96
13921,96
14683,96
12491,96
5276,96
9668,96
6943,96
12553,96
5728,96
12669,96
11633,96
3690,96
14544,96
1571,96
9813,96
1981,96
9609,96
14506,96
13074,96
9373,96
2194,96
8890,96
6952,96
9303,96
7392,96
14674,96
1049,96
14730,96
13692,96
14307,96
13469,96
10256,96
10872,96
13959,96
8635,96
9535,96
5952,96
4606,96
1798,96
6932,96
4009,96
8782,96
4277,96
12912,96
11131,96
14809,96
5155,96
10112,96
11767,96
13615,96
3236,96
12341,96
6234,96
10009,96
12094,96
9275,96
3188,96
14968,96
9646,96
4771,96
10808,96
1543,96
6866,96
12551,96
5590,96
10739,96
6134,96
8365,96
12537,96
13483,96
12132,96
12063,96
7013,96
13647,96
4983,96
14366,96
7401,97
13675,97
13929,97
14416,97
9553,97
9579,97
1374,97
2893,97
12140,97
3981,97
13169,97
2710,97
12569,97
8942,97
14340,97
7325,97
2295,97
6592,97
11916,97
11433,97
5579,97
14789,97
12822,97
13894,97
791,97
2743,97
10334,97
2713,97
6299,97
11792,97
3129,97
3052,97
10657,97
13916,97
11391,97
10584,97
11970,97
12708,97
1280,97
7562,97
7012,97
531,97
9745,97
5320,97
8831,97
13274,97
11063,97
60,97
1603,97
7557,97
294,97
13644,97
7963,97
11530,97
9966,97
11748,97
12303,97
9833,97
11868,97
14272,97
10481,97
12686,97
7438,97
8536,97
14172,97
7823,97
4970,97
14260,97
6241,97
12509,97
4299,97
10328,97
9827,97
1834,97
9484,97
8425,97
10441,97
13909,97
10622,97
4553,97
10207,97
9719,97
7668,97
12419,97
13949,97
14321,97
4365,97
1088,97
11412,97
9451,97
10316,97
7846,97
3171,97
9748,97
2647,97
13126,97
4282,97
1848,97
8963,97
5191,97
3288,97
6640,97
2077,97
11254,97
8667,97
13683,97
11132,97
4790,97
2692,97
14835,97
14178,97
10646,97
14139,97
13697,97
14860,97
220,97
2279,97
9408,97
9406,97
9580,97
13326,97
4885,97
14256,97
14432,97
3883,97
3792,97
5330,97
191,97
3456,97
13128,97
3869,97
5319,97
5279,97
6981,97
12262,97
3413,97
13600,97
12675,97
2188,97
3720,97
2084,97
13500,97
8111,97
9846,97
6929,97
3482,97
10627,97
12662,97
7514,97
12504,97
8804,97
12789,97
6856,97
12395,97
11751,97
10275,97
4711,97
8601,97
8059,97
13647,97
9829,97
14874,97
5270,97
5193,97
9688,97
8692,97
4370,97
14946,97
12881,97
13921,97
14683,97
12491,97
5276,97
9668,97
6943,97
12553,97
5728,97
12669,97
1571,97
14544,97
1981,97
14506,97
13074,97
8890,97
6952,97
9303,97
7392,97
14674,97
1049,97
14730,97
13692,97
13469,97
10256,97
10872,97
13959,97
8635,97
9535,97
5952,97
4606,97
6932,97
4009,97
8782,97
4277,97
12912,97
11131,97
14809,97
5155,97
10112,97
13615,97
3236,97
12341,97
10009,97
12094,97
9275,97
3188,97
14968,97
9646,97
4771,97
10808,97
6866,97
12551,97
5590,97
10739,97
8365,97
12537,97
12132,97
7013,97
343,97
4983,97
14366,97
9813,98
12313,98
5820,98
3637,98
3119,98
8616,98
4864,98
13263,98
9609,98
5908,98
13788,98
11453,98
9373,98
2194,98
9650,98
14199,98
10177,98
1090,98
7964,98
5028,98
14524,98
287,98
7532,98
6051,98
12461,98
14307,98
14044,98
5594,98
13627,98
7653,98
1798,98
10734,98
11788,98
5582,98
11204,98
7211,98
2610,98
12288,98
4582,98
11643,98
9022,98
1311,98
12803,98
10320,98
4307,98
11767,98
4673,98
13739,98
10921,98
9215,98
11279,98
8388,98
12293,98
3690,98
6234,98
13490,98
740,98
2055,98
2674,98
1543,98
12914,98
6808,98
6134,98
2545,98
13483,98
4854,98
14995,98
12063,98
11633,98
12838,98
8313,98
8538,99
9712,99
14455,99
10139,99
13686,99
11241,99
8964,99
13482,99
12820,99
7456,99
2150,99
2309,99
11187,99
12327,99
10873,99
4187,99
12233,99
3649,99
13609,99
13995,99
7796,99
524,99
12416,99
10194,99
12202,99
10555,99
13658,99
13980,99
10941,99
14349,99
11520,99
14829,99
12370,99
6454,99
6182,99
13613,99
5264,99
5388,99
12004,99
3557,99
8566,99
10943,99
10388,99
12109,99
13176,99
13847,99
8415,99
4745,99
5059,99
11536,99
11284,99
12188,99
12173,99
2898,99
7301,99
11208,99
14026,99
3836,99
12464,99
2771,99
7380,99
4498,99
10695,99
3937,99
10613,99
12663,99
12477,99
6332,99
13360,99
11138,99
11872,99
8367,99
10847,99
13985,99
4472,99
9713,99
7517,99
14372,99
12814,99
9159,99
8401,99
12955,99
5449,99
5452,99
7700,99
4446,99
10976,99
12837,99
1407,99
7874,99
7933,99
12221,99
2270,99
13968,99
4387,99
11198,99
10261,99
2110,99
14445,99
4023,99
11982,99
468,99
5848,99
12435,99
12700,99
1231,99
9039,99
13648,99
9975,99
2650,99
12473,99
8373,99
10778,99
598,99
12444,99
6740,99
9437,99
4979,99
5557,99
13775,99
11168,99
12807,99
10281,99
10816,99
9249,99
10373,99
13721,99
10025,99
1043,99
1835,99
9328,99
1554,99
12401,99
1307,99
9529,99
13454,99
11512,99
1907,99
12433,99
12962,99
11056,99
13455,99
11189,99
4980,99
7194,99
9171,99
7267,99
2174,99
805,99
10116,99
13977,99
14807,99
10200,99
13608,99
6062,99
3434,99
1647,99
8258,99
6725,99
14630,99
3030,99
7611,99
6865,99
14057,99
8636,99
9081,99
7967,99
10156,99
2136,99
7685,99
11102,99
6624,99
14323,99
7158,99
11678,99
10759,99
1157,99
13548,99
13990,99
4652,99
2767,99
14064,99
3535,99
14053,99
7695,99
13444,99
9848,99
2104,99
10187,99
10400,99
12851,99
4185,99
5797,99
2964,99
6200,99
6520,99
14462,99
12809,99
13717,99
6304,99
14410,99
3073,99
14073,99
14456,99
497,99
12018,99
11290,99
3857,99
13589,99
4266,99
10809,99
11306,99
8562,99
1943,99
11758,99
6265,99
5253,99
12060,99
7859,99
3603,99
14894,99
14273,99
9797,99
2424,99
15023,99
13782,99
12699,99
14628,99
13663,99
8062,99
4195,99
11074,99
11036,99
696,99
9709,99
12365,99
10892,99
13886,99
14490,99
9617,99
13334,99
10842,99
3173,99
12398,99
11402,99
1274,99
14516,99
7489,99
976,99
5967,99
14197,99
10691,99
3427,99
3913,99
5153,99
14497,99
8296,99
14063,99
14761,99
10760,99
9435,99
2171,99
13340,99
11268,99
726,99
11164,99
5757,99
655,99
5146,99
13463,99
13154,99
903,99
14552,99
9266,99
6316,99
3793,99
13105,99
12133,99
2051,99
14365,99
10440,99
3754,99
1431,99
9255,99
9678,99
10064,99
10452,99
9468,99
6771,99
205,99
214,99
12357,99
303,99
435,99
14499,99
9639,99
1420,99
6221,99
10038,99
13789,99
13572,99
14626,99
14623,99
13705,99
11687,99
12739,99
7587,99
1376,99
3588,99
7702,99
7295,99
9856,99
2670,99
9041,99
10434,99
9230,99
12318,99
12286,99
9179,99
13794,99
7204,99
14457,99
9146,99
10249,99
14527,99
13206,99
12760,99
14612,99
125,99
14162,99
10206,99
12240,99
4978,99
11894,99
3297,99
9858,99
8965,99
12184,99
463,99
5880,99
12829,99
3057,99
10051,99
11234,99
8482,99
12359,99
14447,99
13384,99
6927,99
14935,99
11812,99
6703,99
12683,99
2143,99
9404,99
5344,99
14947,99
10737,99
14104,99
8626,99
9149,99
6638,99
14801,99
9250,99
12562,99
9123,99
9338,99
11800,99
14041,99
2853,99
13433,99
14095,99
5711,99
9866,99
9140,99
11292,99
8613,99
10575,99
2796,99
8622,99
11998,99
13606,99
11929,99
14556,99
6200,100
8538,100
4387,100
11198,100
10261,100
2051,100
10440,100
10139,100
13686,100
12809,100
11241,100
3754,100
1431,100
14445,100
4023,100
13482,100
9255,100
9678,100
5848,100
12435,100
1231,100
13648,100
9975,100
2650,100
9468,100
2150,100
6304,100
205,100
12473,100
2309,100
8373,100
14410,100
11187,100
12327,100
10778,100
3073,100
14456,100
435,100
14499,100
497,100
12018,100
6740,100
11290,100
14626,100
13705,100
4979,100
12739,100
11168,100
4187,100
12233,100
7587,100
4266,100
10809,100
13995,100
3588,100
11306,100
7796,100
10281,100
10194,100
10555,100
13658,100
9856,100
2670,100
11758,100
10816,100
13980,100
9249,100
10373,100
10941,100
9041,100
12060,100
7859,100
3603,100
10025,100
1043,100
14273,100
1835,100
9797,100
12286,100
12370,100
9328,100
9179,100
6182,100
1554,100
13613,100
15023,100
13782,100
5264,100
13794,100
5388,100
12401,100
12699,100
14628,100
7204,100
14457,100
1307,100
8062,100
9529,100
10943,100
13454,100
4195,100
13206,100
1907,100
12433,100
11074,100
10388,100
11036,100
12109,100
12962,100
9709,100
11056,100
125,100
12365,100
11189,100
7194,100
13847,100
8415,100
9171,100
10206,100
2174,100
12240,100
4745,100
5059,100
11894,100
11536,100
10116,100
13977,100
13886,100
9858,100
12188,100
12173,100
14807,100
8965,100
463,100
5880,100
10200,100
12829,100
9617,100
13334,100
7301,100
3057,100
11208,100
6062,100
3173,100
10051,100
8482,100
12359,100
3836,100
3434,100
1647,100
13384,100
11402,100
1274,100
14516,100
11929,100
7489,100
12464,100
6725,100
11812,100
976,100
14630,100
6703,100
2771,100
3030,100
5967,100
14197,100
12683,100
10695,100
10691,100
9404,100
3427,100
14947,100
3937,100
7611,100
12477,100
8626,100
6865,100
6332,100
13360,100
14057,100
11872,100
8636,100
9081,100
10156,100
14761,100
8367,100
14063,100
7685,100
10760,100
14801,100
4472,100
11102,100
9250,100
7517,100
14372,100
13340,100
6624,100
9123,100
11268,100
726,100
11164,100
5757,100
7158,100
11678,100
10759,100
11800,100
13548,100
12955,100
5449,100
13990,100
5146,100
2853,100
7700,100
4446,100
3535,100
14053,100
13433,100
5711,100
7695,100
10976,100
14552,100
9848,100
2104,100
9866,100
12837,100
1407,100
7874,100
2270,100
12221,100
13968,100
9266,100
6316,100
3793,100
13105,100
9140,100
10187,100
8613,100
10575,100
10400,100
12851,100
4185,100
8622,100
11998,100
13606,100
14556,100
5797,100
2964,100
12133,101
9712,101
14455,101
6520,101
2110,101
14462,101
14365,101
8964,101
11982,101
468,101
10064,101
13717,101
12820,101
12700,101
9039,101
7456,101
10452,101
6771,101
214,101
12357,101
598,101
303,101
12444,101
14073,101
9639,101
1420,101
6221,101
10038,101
13789,101
13572,101
9437,101
14623,101
3857,101
5557,101
11687,101
13775,101
13589,101
10873,101
12807,101
1376,101
3649,101
13609,101
8562,101
7702,101
524,101
7295,101
12416,101
12202,101
1943,101
6265,101
14349,101
5253,101
10434,101
11520,101
14829,101
9230,101
12318,101
14894,101
13721,101
6454,101
2424,101
12004,101
3557,101
13663,101
9146,101
8566,101
10249,101
14527,101
11512,101
696,101
13176,101
12760,101
13455,101
14612,101
14162,101
4980,101
7267,101
10892,101
4978,101
3297,101
805,101
11284,101
14490,101
12184,101
2898,101
13608,101
10842,101
12398,101
11234,101
14026,101
14447,101
6927,101
14935,101
8258,101
7380,101
4498,101
2143,101
5344,101
10737,101
10613,101
12663,101
14104,101
3913,101
5153,101
9149,101
11138,101
7967,101
14497,101
8296,101
2136,101
6638,101
10847,101
13985,101
9435,101
9713,101
2171,101
12562,101
12814,101
14323,101
9338,101
655,101
9159,101
8401,101
1157,101
14041,101
5452,101
4652,101
2767,101
14064,101
13463,101
13154,101
14095,101
903,101
13444,101
7933,101
11292,101
2796,101
7643,102
4521,102
11913,102
939,102
11548,102
10224,102
13703,102
5494,102
10894,102
12074,102
12180,102
1447,102
3248,102
11080,102
915,102
11265,102
8165,102
8489,102
13307,102
9410,102
13106,102
4876,102
6006,102
14700,102
12691,102
1744,102
7175,102
12028,102
10344,102
5309,102
9453,102
51,102
5441,102
14821,102
5030,102
10382,102
10844,102
5076,102
11975,102
12241,102
12226,102
8472,102
12458,102
10496,102
13924,102
1064,102
9697,102
9287,102
14316,102
9857,102
2047,102
14460,102
13333,102
8744,102
4558,102
10186,102
10860,102
13936,102
48,102
11002,102
6651,102
12000,102
9050,102
8255,102
391,102
10389,102
10618,102
13729,102
13639,102
1682,102
5545,102
2715,102
10554,102
6277,102
14215,102
7655,102
11183,102
12322,102
1617,102
11890,102
1248,102
537,102
14475,102
12209,102
14643,102
10114,102
6954,102
437,102
3527,102
8534,102
13160,102
13839,102
3577,102
11566,102
4929,102
4465,102
10507,102
7988,102
14594,102
12158,102
1937,102
11005,102
9775,102
4019,102
11394,102
5904,102
14254,102
10325,102
12340,102
12386,102
11112,102
7217,102
8297,102
12261,102
14008,102
14493,102
4111,102
10477,102
2591,102
12976,102
13906,102
8140,102
14637,102
2951,102
10185,102
14668,102
13025,102
14085,102
8292,102
14015,102
5024,102
4701,102
9875,102
14291,102
1152,102
13986,102
9717,102
4891,102
8947,102
10317,102
2080,102
12983,102
14576,102
12652,102
2616,102
4313,102
7919,102
7984,102
10410,102
10302,102
5047,102
9316,102
14235,102
14354,102
8549,102
13994,102
1244,102
11690,102
11160,102
2953,102
3112,102
13778,102
3657,102
5859,102
14017,102
7099,102
7424,102
1969,102
10169,102
10132,102
7391,102
12898,102
1056,102
4026,102
9762,102
14647,102
10329,102
10253,102
1302,102
13698,102
5009,102
14059,102
3440,102
9849,102
9058,102
6551,102
3768,102
11015,102
9400,102
4391,102
2824,102
13779,102
10542,102
2435,102
3241,102
3618,102
11558,102
14617,102
12369,102
1050,102
14714,102
7422,102
9359,102
12660,102
4829,102
3324,102
2570,102
13132,102
786,102
5499,102
12597,102
516,102
13923,102
13750,102
698,102
669,102
94,102
1251,102
6524,102
5899,102
2875,102
6351,102
8735,102
9323,102
12680,102
12762,102
11218,102
529,102
13624,102
9890,102
313,102
11454,102
13787,102
6198,102
3272,102
8686,102
3020,102
13431,102
12324,102
4463,102
6906,102
1229,102
11820,102
11954,102
4231,102
9570,102
13494,102
6375,102
6087,102
2954,102
14247,102
165,102
13376,102
989,102
14592,102
1354,102
8752,102
13740,102
10235,102
2097,102
1456,102
13099,102
11222,102
12794,102
14125,102
11434,102
11297,102
6227,102
13806,102
250,102
576,102
13002,102
13860,102
5600,102
13234,102
10461,102
9912,102
11997,102
5881,102
3966,102
4072,102
2202,102
9641,102
14788,102
13253,102
9787,102
14285,102
10411,102
3975,102
1151,102
2445,102
5103,102
7435,102
14853,102
8015,102
14816,102
1804,102
13803,102
4330,102
144,102
10674,102
13879,102
12306,102
13693,102
9368,102
13018,102
13019,102
4812,102
12778,102
6880,102
9258,102
3260,102
3813,102
13452,102
13399,102
12403,102
9918,102
6072,102
1896,102
13833,102
5,102
432,102
12308,102
4557,102
4747,102
7047,102
3408,102
4455,102
7965,102
10530,102
1109,102
3420,102
4484,102
13496,102
5058,102
7412,102
5621,102
14904,102
8844,102
12869,102
7334,102
168,102
5876,102
851,102
10425,102
2664,102
9569,102
10607,102
1304,102
4798,102
6386,102
3494,102
3095,102
1523,102
10216,102
12331,102
10798,102
8758,102
13354,102
4456,102
1171,102
13108,102
4532,102
14444,102
747,102
11741,102
5265,102
11148,102
12199,102
6169,102
5838,102
9216,102
12833,102
3934,102
13653,102
4825,102
12438,102
10838,102
10835,102
13851,102
3328,102
12696,102
4670,102
9692,102
3080,102
5890,102
10520,102
14768,102
10865,102
13442,102
2988,102
11711,102
9055,102
6207,102
1350,102
13297,102
1226,102
10863,102
12483,102
14699,102
924,102
12706,102
5585,102
6226,102
14814,102
14877,102
1795,102
9811,102
12026,102
12911,102
11985,102
11988,102
6568,102
9314,102
11395,102
1519,102
13499,102
4617,102
12177,102
11972,102
413,102
11889,102
3039,102
9593,102
14204,102
12574,102
11420,102
12615,102
852,102
9725,102
9196,102
9293,102
14831,102
10117,102
8123,102
5311,102
14276,102
12017,102
12905,102
5249,102
13369,102
10881,102
6033,102
12062,102
5240,102
11195,102
13392,102
3780,102
12505,102
2028,102
14424,102
8099,102
3880,102
13305,102
10300,102
9935,102
14864,102
9283,102
10543,102
10222,102
9479,102
13372,102
100,102
12862,102
1615,102
6448,102
6547,102
7450,102
595,102
5671,102
13621,102
3538,102
9784,102
7287,102
1579,102
9946,102
5383,102
3787,102
4392,102
14413,102
13034,102
11233,102
12011,102
11644,102
11814,102
9431,102
5304,102
8462,102
164,102
14641,102
12268,102
8319,102
4174,102
14060,102
11877,102
11658,102
12953,102
7710,102
4539,102
13501,102
1245,102
13110,102
11291,102
14078,102
14123,102
12960,102
7440,102
3225,102
13364,102
13298,102
533,102
8131,102
5474,102
2723,102
11965,102
10768,102
7501,102
14648,102
1175,102
11562,102
9722,102
11196,102
4351,102
9783,102
9305,102
11031,102
7804,102
10632,102
9763,102
12866,102
14118,102
12749,102
13220,102
13151,102
11686,102
5061,102
6768,102
12195,102
12627,102
11931,102
710,102
9412,102
381,102
9144,102
869,102
5752,102
12290,102
13401,102
4566,102
11596,102
6431,102
12552,102
2865,102
13252,102
5947,102
9711,102
5662,102
1508,102
9796,102
7805,102
9117,102
12831,102
9630,102
10375,102
7420,102
13704,102
320,102
12385,102
153,102
6708,102
8966,102
13742,102
13189,102
11316,102
13976,102
5297,102
899,102
11303,102
5954,102
11037,102
10218,102
3398,102
7715,102
3592,102
11004,102
2944,102
7529,102
14313,102
14979,102
6172,102
11462,102
13620,102
7461,102
14048,102
4585,102
3250,102
14561,102
1940,102
11340,102
5426,102
9478,102
482,102
6389,102
2375,102
917,102
11438,102
14006,102
4369,102
9542,102
2002,102
13549,102
11874,102
11450,102
4616,102
12702,102
9090,102
9584,102
1021,102
14151,102
13157,102
9201,102
10372,102
966,102
8770,102
14596,102
9223,102
3470,102
14775,102
6909,102
6381,102
11585,102
4724,102
8043,102
8720,102
7001,102
9595,102
13660,102
9906,102
4521,103
11913,103
10224,103
13703,103
1447,103
11080,103
915,103
11265,103
8165,103
13106,103
4876,103
14700,103
12691,103
1744,103
7175,103
10344,103
5309,103
14821,103
10382,103
10844,103
10496,103
13924,103
9697,103
14316,103
2047,103
4558,103
10186,103
10860,103
48,103
9050,103
391,103
10618,103
13639,103
10554,103
6277,103
12322,103
7655,103
14643,103
6954,103
437,103
8534,103
3577,103
4929,103
7988,103
14594,103
12158,103
1937,103
9775,103
4019,103
11394,103
5904,103
14254,103
12340,103
12386,103
11112,103
7217,103
14008,103
4111,103
2591,103
8140,103
14637,103
2951,103
10185,103
14668,103
5024,103
4701,103
14291,103
1152,103
8947,103
14576,103
12652,103
7919,103
9316,103
14235,103
8549,103
13994,103
1244,103
11690,103
11160,103
3657,103
14017,103
7099,103
7424,103
1969,103
10169,103
10132,103
7391,103
12898,103
1056,103
4026,103
10329,103
1302,103
13698,103
5009,103
14059,103
3440,103
9849,103
9058,103
6551,103
3768,103
11015,103
9400,103
4391,103
10542,103
3241,103
11558,103
14617,103
12369,103
7422,103
12660,103
13132,103
5499,103
13923,103
13750,103
94,103
1251,103
5899,103
2875,103
9323,103
12680,103
8686,103
3020,103
12324,103
4463,103
1229,103
6087,103
2954,103
14247,103
165,103
13376,103
989,103
14592,103
8752,103
13740,103
13099,103
11222,103
14125,103
13806,103
250,103
576,103
13002,103
13860,103
13234,103
11997,103
4072,103
9641,103
14788,103
13253,103
9787,103
10411,103
3975,103
1151,103
2445,103
7435,103
14816,103
1804,103
13803,103
4330,103
10674,103
9368,103
13018,103
6880,103
13452,103
13399,103
12403,103
6072,103
13833,103
5,103
7047,103
3408,103
10530,103
3420,103
4484,103
13496,103
5621,103
8844,103
12869,103
7334,103
5876,103
851,103
10425,103
10607,103
1304,103
4798,103
6386,103
3494,103
3095,103
12331,103
10798,103
8758,103
13354,103
13108,103
4532,103
747,103
11741,103
11148,103
12199,103
9216,103
3934,103
13653,103
4825,103
13851,103
3328,103
12696,103
3080,103
5890,103
10865,103
13442,103
11711,103
9055,103
1350,103
13297,103
14699,103
924,103
12706,103
5585,103
11985,103
11988,103
6568,103
11395,103
11972,103
3039,103
9593,103
14204,103
12574,103
12615,103
9725,103
10117,103
5311,103
14276,103
10881,103
6033,103
12062,103
5240,103
11195,103
3780,103
12505,103
2028,103
14424,103
8099,103
13305,103
10300,103
14864,103
9283,103
9479,103
13372,103
12862,103
1615,103
6448,103
6547,103
595,103
5671,103
3538,103
9784,103
7287,103
1579,103
9946,103
5383,103
3787,103
12011,103
11814,103
11644,103
9431,103
14641,103
12268,103
7710,103
4539,103
13501,103
13110,103
11291,103
14078,103
3225,103
13364,103
13298,103
10768,103
7501,103
14648,103
4351,103
9783,103
11031,103
10632,103
7804,103
9763,103
12749,103
13220,103
13151,103
11686,103
5061,103
12195,103
710,103
9412,103
869,103
12290,103
13401,103
4566,103
11596,103
6431,103
12552,103
2865,103
7805,103
1508,103
9796,103
9117,103
12831,103
7420,103
320,103
153,103
6708,103
8966,103
13189,103
11316,103
5297,103
11303,103
10218,103
3398,103
7715,103
3592,103
11004,103
7529,103
14313,103
11462,103
14561,103
1940,103
9478,103
482,103
6389,103
2375,103
11438,103
14006,103
4369,103
11874,103
4616,103
14151,103
966,103
14596,103
3470,103
11585,103
8043,103
8720,103
7001,103
13660,103
9906,103
7643,104
13879,104
13621,104
14354,104
12306,104
13693,104
939,104
11548,104
13019,104
5494,104
4812,104
10894,104
12074,104
12180,104
2953,104
12778,104
3112,104
13778,104
9258,104
3260,104
3248,104
3813,104
4392,104
5859,104
14413,104
13034,104
11233,104
5304,104
8489,104
8462,104
13307,104
164,104
8319,104
9410,104
9918,104
4174,104
1896,104
14060,104
6006,104
11877,104
11658,104
432,104
12308,104
12953,104
4557,104
4747,104
4455,104
12028,104
1245,104
7965,104
9762,104
1109,104
14647,104
51,104
9453,104
5441,104
10253,104
5030,104
14123,104
12960,104
5076,104
7440,104
5058,104
11975,104
12226,104
12241,104
8472,104
7412,104
533,104
12458,104
8131,104
5474,104
1064,104
9287,104
14904,104
2723,104
11965,104
9857,104
168,104
1175,104
2824,104
13779,104
3618,104
2435,104
11562,104
9722,104
11196,104
2664,104
14460,104
1050,104
13333,104
14714,104
8744,104
9359,104
4829,104
9569,104
9305,104
1523,104
10216,104
3324,104
2570,104
786,104
12597,104
12866,104
13936,104
516,104
14118,104
4456,104
698,104
1171,104
14444,104
7450,104
11002,104
669,104
6651,104
6768,104
12000,104
8255,104
10389,104
5265,104
12627,104
11931,104
6169,104
381,104
5838,104
9144,104
13729,104
5545,104
1682,104
12833,104
6524,104
5752,104
12438,104
10838,104
10835,104
2715,104
6351,104
4670,104
9692,104
8735,104
14215,104
12762,104
11183,104
13252,104
1617,104
11218,104
11890,104
529,104
1248,104
10520,104
14768,104
5947,104
9711,104
537,104
5662,104
14475,104
13624,104
12209,104
9890,104
313,104
11454,104
10114,104
13787,104
6198,104
3272,104
6207,104
3527,104
13431,104
13160,104
1226,104
9630,104
13839,104
10375,104
11566,104
10507,104
4465,104
10863,104
12483,104
13704,104
12385,104
6226,104
14814,104
14877,104
6906,104
13742,104
11820,104
11005,104
11954,104
1795,104
9811,104
13976,104
4231,104
899,104
5954,104
11037,104
9570,104
12026,104
12911,104
13494,104
6375,104
144,104
10325,104
9314,104
2944,104
1519,104
14979,104
13499,104
6172,104
4617,104
13620,104
7461,104
8297,104
12177,104
14048,104
12261,104
413,104
4585,104
11889,104
1354,104
3250,104
14493,104
10235,104
2097,104
11420,104
1456,104
852,104
10477,104
9196,104
9293,104
11340,104
5426,104
12794,104
11434,104
11297,104
6227,104
13906,104
12976,104
917,104
14831,104
8123,104
12017,104
9542,104
2002,104
5600,104
12905,104
5249,104
13369,104
10461,104
13549,104
13025,104
14085,104
9912,104
11450,104
8292,104
14015,104
2988,104
5881,104
3966,104
12702,104
9090,104
9584,104
1021,104
13157,104
2202,104
13392,104
9201,104
10372,104
3880,104
8770,104
9875,104
9935,104
14285,104
9223,104
14775,104
6909,104
6381,104
13986,104
10543,104
9717,104
10222,104
4891,104
4724,104
10317,104
2080,104
12983,104
5103,104
100,104
2616,104
4313,104
9595,104
7984,104
10410,104
14853,104
8015,104
10302,104
5047,104
13879,105
13621,105
14354,105
13693,105
12306,105
939,105
11548,105
13019,105
10894,105
2953,105
12778,105
3112,105
13778,105
9258,105
3260,105
5304,105
8462,105
164,105
9410,105
11877,105
12308,105
1245,105
7965,105
9453,105
5441,105
5030,105
12960,105
5076,105
11975,105
12226,105
533,105
12458,105
8131,105
5474,105
9287,105
14904,105
11965,105
9857,105
168,105
1175,105
3618,105
11562,105
9722,105
11196,105
2664,105
13333,105
14714,105
8744,105
9359,105
4829,105
9569,105
10216,105
2570,105
12866,105
10302,105
6768,105
12000,105
11931,105
381,105
5838,105
9144,105
12833,105
1682,105
5752,105
6524,105
10835,105
2715,105
9692,105
14215,105
11183,105
529,105
5662,105
1248,105
2988,105
9890,105
11454,105
1226,105
9630,105
10375,105
11566,105
10863,105
13704,105
6226,105
14814,105
6906,105
13742,105
11820,105
11005,105
11954,105
1795,105
13976,105
899,105
9570,105
12911,105
13494,105
6375,105
2944,105
10325,105
14979,105
13499,105
7461,105
12177,105
14048,105
10235,105
2097,105
11420,105
1456,105
852,105
10477,105
9196,105
11340,105
5426,105
11297,105
13906,105
12976,105
917,105
14831,105
12905,105
13369,105
13549,105
14085,105
9912,105
11450,105
8292,105
9090,105
3966,105
9584,105
13157,105
2202,105
9201,105
10372,105
14285,105
9223,105
13986,105
10543,105
10222,105
4891,105
4724,105
2080,105
5103,105
100,105
2616,105
7984,105
7450,105
144,105
5047,105
7643,106
5494,106
4812,106
12074,106
12180,106
4392,106
3248,106
3813,106
14413,106
5859,106
13034,106
11233,106
8489,106
13307,106
8319,106
9918,106
4174,106
1896,106
14060,106
6006,106
11658,106
432,106
12953,106
4557,106
4747,106
4455,106
12028,106
9762,106
1109,106
14647,106
51,106
10253,106
14123,106
7440,106
5058,106
12241,106
8472,106
7412,106
1064,106
2723,106
2824,106
13779,106
2435,106
14460,106
1050,106
9305,106
1523,106
3324,106
786,106
12597,106
13936,106
516,106
14118,106
4456,106
698,106
1171,106
14444,106
11002,106
669,106
6651,106
8255,106
10389,106
12627,106
5265,106
6169,106
13729,106
5545,106
12438,106
10838,106
6351,106
4670,106
8735,106
12762,106
13252,106
1617,106
11218,106
11890,106
5947,106
9711,106
10520,106
14768,106
537,106
14475,106
13624,106
12209,106
313,106
6207,106
10114,106
13787,106
6198,106
3272,106
3527,106
13431,106
13160,106
13839,106
10507,106
4465,106
12483,106
12385,106
14877,106
9811,106
4231,106
5954,106
11037,106
12026,106
9314,106
1519,106
6172,106
4617,106
13620,106
8297,106
12261,106
413,106
4585,106
11889,106
1354,106
3250,106
14493,106
9293,106
12794,106
11434,106
6227,106
8123,106
12017,106
9542,106
2002,106
5600,106
5249,106
10461,106
13025,106
14015,106
12702,106
5881,106
1021,106
13392,106
3880,106
8770,106
9875,106
9935,106
14775,106
6909,106
6381,106
9717,106
10317,106
12983,106
4313,106
9595,106
14853,106
10410,106
8015,106
9116,107
6205,107
9661,107
1279,107
14378,107
12932,107
7206,107
13069,107
10406,107
1611,107
6262,107
14914,107
13849,107
9648,107
9133,107
950,107
8022,107
11852,107
13485,107
13526,107
4000,107
13240,107
8361,107
3249,107
237,107
1444,107
13429,107
13898,107
14752,107
12753,107
11620,107
14950,107
11689,107
14283,107
9168,107
14708,107
9983,107
9545,107
14855,107
326,107
12457,107
7607,107
9272,107
11387,107
13741,107
9705,107
8873,107
10152,107
2924,107
14360,107
10566,107
14600,107
11157,107
14604,107
866,107
13049,107
11829,107
12189,107
10774,107
14350,107
11662,107
7565,107
10724,107
4084,107
76,107
12006,107
4431,107
14958,107
14216,107
13871,107
14472,107
11526,107
8245,107
10091,107
14076,107
12985,107
1720,107
14267,107
9224,107
1693,107
14474,107
12733,107
13343,107
3184,107
13611,107
9544,107
6137,107
13604,107
311,107
3017,107
9214,107
12785,107
12460,107
14225,107
13583,107
897,107
1701,107
14011,107
3280,107
10787,107
10155,107
2870,107
9970,107
14567,107
14465,107
12938,107
1958,107
11853,107
8047,107
13304,107
7968,107
8725,107
12979,107
6018,107
4205,107
12091,107
5569,107
14495,107
10887,107
14748,107
5673,107
5725,107
14459,107
2120,107
8899,107
5229,107
14336,107
12703,107
2883,107
14887,107
8193,107
10925,107
7951,107
13184,107
1470,107
11575,107
1810,107
2308,107
9755,107
6737,107
9150,107
14344,107
12493,107
12275,107
14437,107
248,107
1761,107
551,107
11618,107
13299,107
10531,107
13899,107
14112,107
11791,107
2564,107
2491,107
4937,107
14614,107
14526,107
3993,107
13067,107
396,107
10686,107
2111,107
10250,107
5756,107
12207,107
11070,107
12531,107
9053,107
494,107
12854,107
14546,107
13308,107
12556,107
344,107
5455,107
14530,107
1277,107
14466,107
13164,107
12372,107
14422,107
14645,107
11362,107
2138,107
13123,107
12603,107
13635,107
12269,107
6795,107
1789,107
12198,107
4114,107
3186,107
12289,107
12190,107
3853,107
5707,107
10184,107
180,107
13525,107
1612,107
1629,107
14320,107
14846,107
13836,107
12251,107
5454,107
9175,107
11430,107
13792,107
5421,107
13970,107
14299,107
14738,107
10877,107
5803,107
5084,107
11221,107
3326,107
9674,107
6684,107
1852,107
10297,107
10369,107
9566,107
11384,107
10103,107
14056,107
3051,107
510,107
3454,107
13344,107
14440,107
13259,107
14589,107
3247,107
8499,107
12485,107
10242,107
12155,107
12813,107
14401,107
14054,107
9589,107
13415,107
13423,107
8543,107
14430,107
11855,107
14772,107
10214,107
14314,107
12281,107
11093,107
8184,107
11072,107
10293,107
10831,107
8580,107
12301,107
9821,107
1967,107
5742,107
1566,107
4922,107
1928,107
12746,107
8969,107
10811,107
10365,107
10493,107
13133,107
12431,107
3046,107
1993,107
7860,107
1522,107
13481,107
6890,107
14029,107
7958,107
6086,107
2133,107
14019,107
10046,107
12678,107
13163,107
13155,107
10026,107
14318,107
9003,107
3159,107
10548,107
7074,107
6748,107
14844,107
14590,107
6591,107
10284,107
12022,107
4024,107
13633,107
13687,107
2259,107
10895,107
10770,107
10459,107
13158,107
7119,107
11835,107
8083,107
11958,107
9232,107
5296,107
14453,107
15029,107
3438,107
11076,107
14270,107
12344,107
361,107
10248,107
12730,107
9980,107
12375,107
13127,107
14728,107
9062,107
11163,107
8609,107
10359,107
73,107
9358,107
11992,107
4214,107
6874,107
5007,107
10671,107
6869,107
5207,107
7483,107
14933,107
10926,107
10371,107
4994,107
12404,107
11873,107
997,107
13709,107
12400,107
14986,107
1026,107
12337,107
14773,107
14833,107
7595,107
12338,107
13286,107
5431,107
13434,107
10902,107
8834,107
4105,107
4662,107
13248,107
13037,107
14534,107
12124,107
2476,107
11201,107
3714,107
11576,107
4250,107
11775,107
9112,107
5190,107
10274,107
10788,107
14607,107
9673,107
6987,107
10587,107
11217,107
13427,107
5256,107
14158,107
13319,107
182,107
13912,107
13278,107
13551,107
2881,107
13228,107
13555,107
12392,107
473,107
9011,107
8740,107
13045,107
634,107
12426,107
7826,107
14759,107
13731,107
14726,107
8034,107
13838,107
12145,107
2561,107
4830,107
5406,107
10331,107
14023,107
14031,107
419,107
11194,107
8424,107
564,107
13478,107
1688,107
1845,107
10643,107
14858,107
11051,107
4228,107
12978,107
5914,107
3221,107
12205,107
8501,107
9459,107
12748,107
5232,107
12980,107
3804,107
9357,107
12323,107
3137,107
13317,107
11869,107
13701,107
12411,107
6615,107
9782,107
12307,107
1504,107
13650,107
14409,107
6566,107
13874,107
9191,107
3384,107
12692,107
2509,107
13474,107
12149,107
14193,107
9526,107
2717,107
8132,107
11033,107
14124,107
15001,107
7118,107
3914,107
12527,107
14943,107
13738,107
831,107
13290,107
13086,107
3843,107
10426,107
4889,107
9395,107
2759,107
5535,107
5445,107
14931,107
12929,107
12434,107
14150,107
3788,107
12314,107
11804,107
14635,107
1696,107
12684,107
6097,107
13226,107
9288,107
13640,107
2611,107
12843,107
9231,107
1203,107
13143,107
14695,107
12099,107
9372,107
9733,107
14992,107
12752,107
1191,107
13471,107
14322,107
2718,107
12259,107
11419,107
4318,107
2993,107
654,107
13542,107
13107,107
9375,107
2882,107
10719,107
12786,107
12532,107
4347,107
9679,107
12997,107
13576,107
5611,107
12835,107
12423,107
14705,107
4686,107
14805,107
7005,107
7575,107
10604,107
3728,107
5019,107
3948,107
9847,107
3802,107
5326,107
3710,107
12775,107
11631,107
9814,107
2720,107
12291,107
7286,107
8230,107
14090,107
2256,107
12408,107
12555,107
6428,107
10279,107
1812,107
12834,107
1409,107
10868,107
2701,107
12265,107
7342,107
13303,107
14206,107
14721,107
4520,107
3085,107
6368,107
4968,107
14027,107
7855,107
759,107
12161,107
6259,107
11727,107
14356,107
7361,107
13439,107
7609,107
7332,107
13984,107
13040,107
14380,107
8115,107
12800,107
1520,107
14642,107
9790,107
13257,107
10599,107
12422,107
13618,107
5050,107
715,107
13790,107
12801,107
9399,107
13634,107
14512,107
12576,107
13224,107
4746,107
14751,107
10970,107
10092,107
324,107
3343,107
10123,107
14969,107
13700,107
14035,107
14395,107
10054,107
7039,107
5214,107
13685,107
223,107
8894,107
10794,107
1718,107
3145,107
13465,107
11525,107
13664,107
14250,107
12197,107
9887,107
1675,107
13260,107
14826,107
10298,107
5787,107
14489,107
12631,107
7980,107
6972,107
6298,107
10431,107
11400,107
5548,107
7629,107
8464,107
12847,107
4297,107
12214,107
14984,107
6801,107
12674,107
11049,107
11000,107
13910,107
259,107
13569,107
6488,107
4213,107
11364,107
13656,107
12152,107
10039,107
7840,107
13867,107
14454,107
8025,107
190,107
14532,107
5925,107
5719,107
1491,107
13828,107
2909,107
14423,107
13598,107
5844,107
9119,107
858,107
4422,107
3740,107
14080,107
6910,107
1013,107
8938,107
12049,107
2033,107
12500,107
7950,107
10190,107
10451,107
12840,107
14451,107
138,107
13755,107
7952,107
14167,107
11706,107
12263,107
14625,107
8597,107
10246,107
14231,107
14163,107
10204,107
11137,107
14379,107
1372,107
13491,107
14583,107
11942,107
379,107
8173,107
2965,107
14749,107
4731,107
9960,107
14519,107
483,107
3783,107
2306,107
14079,107
9891,107
9900,107
12110,107
9815,107
14227,107
13021,107
1979,107
8139,107
9091,107
1954,107
11839,107
5484,107
14732,107
12610,107
5969,107
7281,107
6383,107
2406,107
6315,107
7568,107
13210,107
6899,107
9432,107
11981,107
14880,107
14052,107
12572,107
12534,107
12258,107
14559,107
13088,107
607,107
10243,107
13689,107
10807,107
3678,107
10963,107
13734,107
7882,107
14116,107
7346,107
13460,107
14563,107
14022,107
11319,107
787,107
10669,107
14677,107
274,107
6500,107
10611,107
13400,107
11571,107
2206,107
14304,107
10615,107
6455,107
3516,107
13795,107
12272,107
5033,107
1162,107
5106,107
11521,107
4964,107
14653,107
14484,107
14165,107
679,107
3505,107
11368,107
3378,107
1797,107
3254,107
7679,107
14110,107
12213,107
13102,107
3810,107
12294,107
12872,107
12296,107
12643,107
3510,107
11628,107
9286,107
8347,107
10247,107
1257,107
945,107
9999,107
10252,107
9210,107
14906,107
1806,107
12764,107
7741,107
6473,107
13888,107
11621,107
12409,107
13328,107
2497,107
14698,107
11545,107
14719,107
6074,107
13541,107
10485,107
9297,107
10008,107
13545,107
13716,107
1042,107
13363,107
13312,107
14558,107
3744,107
13974,107
5739,107
14871,107
11018,107
5342,107
1641,107
13355,107
2067,107
11431,107
2682,107
412,107
10764,107
5080,107
6274,107
9895,107
196,107
13356,107
1196,107
7912,107
14915,107
5228,107
5415,107
11120,107
9243,107
9505,107
3442,107
12454,107
14574,107
13622,107
10489,107
2216,107
1018,107
13186,107
7799,107
4815,107
7660,107
12842,107
1423,107
12571,107
13480,107
9557,107
10240,107
2839,107
5012,107
14004,107
6101,107
11933,107
9169,107
6320,107
13732,107
6427,107
11919,107
8344,107
1065,107
13947,107
13152,107
9031,107
5534,107
12351,107
11677,107
6928,107
2389,107
14780,107
11472,107
9881,107
11232,107
14822,107
2179,107
200,107
12870,107
10984,107
13030,107
10725,107
30,107
13745,107
1777,107
1626,107
13858,107
878,107
3359,107
4762,107
686,107
11245,107
4106,107
3311,107
13188,107
5755,107
10546,107
10071,107
10376,107
10864,107
8953,107
10705,107
6089,107
9497,107
6526,107
6642,107
12144,107
562,107
12795,107
14666,107
271,107
1006,107
11191,107
14917,107
7835,107
11599,107
1436,107
13850,107
14113,107
14903,107
5435,107
3108,107
12924,107
14646,107
9978,107
10015,107
12362,107
2735,107
9106,107
14469,107
3807,107
11282,107
14500,107
12827,107
2012,107
13922,107
5246,107
14633,107
11146,107
12390,107
14198,107
3691,107
9158,107
7092,107
3329,107
9309,107
14891,107
5352,107
3731,107
8060,107
7793,107
808,107
11356,107
13783,107
1614,107
12942,107
453,107
4955,107
10265,107
14287,107
11742,107
9923,107
10107,107
9385,107
2689,107
14434,107
13080,107
11908,107
1055,107
5842,107
9082,107
9225,107
11247,107
12632,107
14707,107
6761,107
14194,107
13756,107
12247,107
12943,107
12516,107
4900,107
14615,107
5370,107
8100,107
4969,107
10342,107
11457,107
753,107
11697,107
13377,107
6201,107
9167,107
3455,107
8855,107
13917,107
14987,107
7388,107
12954,107
2803,107
9174,107
12187,107
5525,107
9633,107
13733,107
13964,107
6919,107
11587,107
8640,107
9489,107
14758,107
9455,107
12617,107
10014,107
7065,107
10829,107
5373,107
12317,107
12118,107
12125,107
7584,107
5523,107
10305,107
7076,107
8082,107
10624,107
9667,107
4118,107
11822,107
12446,107
10744,107
14394,107
2014,107
12874,107
5145,107
10047,107
938,107
9290,107
12591,107
14658,107
13449,107
12080,107
6229,107
1190,107
7276,107
14402,107
14007,107
4952,107
10940,107
14597,107
7558,107
5350,107
5857,107
13730,107
12479,107
3136,107
14481,107
13646,107
793,107
12374,107
2437,107
6365,107
1179,107
11994,107
466,107
11952,107
10796,107
6857,107
12378,107
14306,107
5082,107
12069,107
11902,107
13175,107
11551,107
14156,107
14312,107
10598,107
12600,107
12589,107
3798,107
10871,107
9873,107
13368,107
11700,107
14660,107
133,107
14586,107
7367,107
504,107
4350,107
12966,107
5720,107
2762,107
3418,107
14145,107
7901,107
4636,107
4237,107
13520,107
5650,107
12373,107
6803,107
5826,107
11953,107
13967,107
14030,107
14834,107
10781,107
13800,107
8838,107
13282,107
14908,107
9318,107
2845,107
14502,107
1700,107
13793,107
6634,107
8426,107
8607,107
12212,107
13825,107
3922,107
13875,107
10043,107
9419,107
5751,107
14426,107
10143,107
916,107
7480,107
4304,107
7347,107
12766,107
12726,107
12670,107
13897,107
8450,107
14396,107
9189,107
8656,107
12032,107
5607,107
6190,107
1011,107
2987,107
11770,107
10384,107
865,107
9510,107
12030,107
7339,107
15002,107
5387,107
14640,107
11892,107
5665,107
4953,107
14724,107
6249,107
9116,108
1279,108
14378,108
12932,108
7206,108
1611,108
6262,108
14914,108
13849,108
9648,108
950,108
8022,108
13485,108
4000,108
13240,108
8361,108
3249,108
237,108
13429,108
12753,108
11620,108
14950,108
14283,108
9168,108
14708,108
9545,108
14855,108
13741,108
9705,108
2924,108
14360,108
10566,108
11157,108
11829,108
14350,108
11662,108
10724,108
76,108
12006,108
4431,108
8245,108
10091,108
12985,108
9224,108
13343,108
3184,108
6137,108
13604,108
311,108
12460,108
13583,108
897,108
14011,108
1701,108
14150,108
3280,108
10787,108
14567,108
11853,108
13304,108
8725,108
5569,108
10887,108
5229,108
12703,108
2883,108
14887,108
1470,108
2308,108
9755,108
6737,108
9150,108
12493,108
248,108
551,108
2564,108
14614,108
396,108
2111,108
12207,108
11070,108
12531,108
9053,108
494,108
12854,108
344,108
12372,108
1277,108
14645,108
2138,108
13123,108
13635,108
1789,108
10184,108
5707,108
1612,108
180,108
1629,108
14320,108
13836,108
13792,108
9175,108
11430,108
13970,108
14738,108
5803,108
5084,108
3326,108
1852,108
10369,108
9566,108
11384,108
14056,108
3051,108
510,108
3454,108
14440,108
14589,108
3247,108
8499,108
12155,108
12813,108
13415,108
14772,108
8543,108
11855,108
12281,108
11093,108
8184,108
10293,108
10831,108
8580,108
9821,108
5742,108
4922,108
12746,108
10493,108
13133,108
12431,108
3046,108
7860,108
1522,108
13481,108
6086,108
2133,108
12678,108
13163,108
10026,108
14318,108
14590,108
6591,108
12022,108
4024,108
10895,108
10459,108
13158,108
7119,108
11835,108
8083,108
11958,108
9232,108
12344,108
11076,108
10248,108
361,108
9980,108
12375,108
14728,108
9062,108
8609,108
10359,108
11992,108
4214,108
5007,108
10671,108
6869,108
7483,108
10926,108
10371,108
4994,108
12404,108
11873,108
12374,108
12337,108
14773,108
13434,108
10902,108
8834,108
13286,108
5431,108
4662,108
13248,108
3714,108
11775,108
9673,108
10788,108
10587,108
11217,108
13427,108
13319,108
182,108
13278,108
13555,108
12426,108
7826,108
13731,108
14726,108
8034,108
13838,108
12145,108
11194,108
14023,108
14031,108
419,108
564,108
1688,108
11051,108
4228,108
12978,108
5914,108
3221,108
12205,108
12748,108
9459,108
9357,108
12323,108
3137,108
11869,108
13701,108
12411,108
9782,108
13650,108
12692,108
13474,108
12149,108
2717,108
9526,108
11033,108
12527,108
13738,108
831,108
3843,108
10426,108
4889,108
9395,108
2759,108
12434,108
3788,108
11804,108
13226,108
13640,108
2611,108
12099,108
9372,108
14992,108
12752,108
13471,108
12259,108
11419,108
4318,108
2993,108
654,108
13542,108
9375,108
12786,108
4347,108
9679,108
13576,108
5611,108
12423,108
14705,108
14805,108
7005,108
10604,108
3728,108
9847,108
3710,108
12775,108
11631,108
9814,108
2720,108
12291,108
12408,108
12555,108
6428,108
1812,108
12834,108
1409,108
2701,108
12265,108
7342,108
13303,108
14206,108
3085,108
7361,108
14027,108
759,108
12161,108
13439,108
14356,108
13984,108
8115,108
1520,108
9790,108
5050,108
715,108
13790,108
12801,108
13224,108
14751,108
10970,108
10092,108
324,108
14969,108
5214,108
1718,108
13465,108
11525,108
13664,108
14250,108
12197,108
9887,108
1675,108
13260,108
10298,108
5787,108
12631,108
7980,108
6972,108
6298,108
5548,108
8464,108
12847,108
4297,108
12214,108
6801,108
11049,108
4213,108
11364,108
13656,108
12152,108
7840,108
14454,108
8025,108
14532,108
5719,108
13828,108
14423,108
858,108
10451,108
6910,108
8938,108
13755,108
14167,108
8597,108
10246,108
13491,108
11942,108
2965,108
14749,108
4731,108
9960,108
3783,108
483,108
12110,108
2306,108
9891,108
9900,108
14227,108
1979,108
1954,108
5484,108
7281,108
2406,108
7568,108
6899,108
9432,108
11981,108
14880,108
14052,108
14559,108
13088,108
607,108
3678,108
10963,108
13734,108
7882,108
7346,108
787,108
10669,108
14677,108
274,108
14304,108
3516,108
13795,108
5033,108
1162,108
5106,108
14653,108
14165,108
1797,108
3254,108
7679,108
12213,108
3810,108
12296,108
12643,108
3510,108
8347,108
1257,108
945,108
9999,108
10252,108
9210,108
14906,108
7741,108
13888,108
12409,108
13328,108
2497,108
11545,108
9297,108
10008,108
13545,108
1042,108
13363,108
13312,108
13974,108
3744,108
5739,108
1641,108
13355,108
11431,108
2682,108
412,108
5080,108
9895,108
196,108
7912,108
14915,108
5228,108
5415,108
13622,108
9243,108
9505,108
12454,108
10489,108
1018,108
13186,108
7799,108
4815,108
1423,108
12571,108
13480,108
9557,108
10240,108
14004,108
11919,108
8344,108
13152,108
12351,108
5534,108
6928,108
2389,108
200,108
12870,108
10725,108
30,108
1777,108
1626,108
13858,108
878,108
4762,108
686,108
3311,108
13188,108
5755,108
10546,108
10071,108
8953,108
9497,108
6526,108
6642,108
562,108
271,108
14666,108
1006,108
11191,108
7835,108
13850,108
12924,108
9978,108
10015,108
12362,108
2735,108
14469,108
12827,108
5246,108
14198,108
11146,108
7092,108
9309,108
7793,108
808,108
11356,108
13783,108
12942,108
4955,108
14287,108
11742,108
10107,108
2689,108
1055,108
5842,108
9225,108
4900,108
12247,108
12943,108
5370,108
14615,108
10342,108
753,108
11697,108
12954,108
9174,108
12187,108
13964,108
6919,108
11587,108
14758,108
9455,108
12617,108
7065,108
5373,108
12317,108
12125,108
7584,108
10305,108
8082,108
10624,108
4118,108
12446,108
2014,108
10047,108
938,108
12591,108
13449,108
7276,108
14402,108
13730,108
5857,108
3136,108
13646,108
793,108
6365,108
2437,108
466,108
11952,108
10796,108
6857,108
5082,108
9189,108
13175,108
3798,108
10871,108
9873,108
11700,108
14660,108
4350,108
12966,108
2762,108
7901,108
4636,108
13520,108
6803,108
13967,108
14834,108
8838,108
9318,108
2845,108
6634,108
8426,108
8607,108
12212,108
13825,108
13875,108
10043,108
9419,108
14426,108
10143,108
4304,108
7347,108
12766,108
8656,108
5607,108
2987,108
1011,108
9510,108
865,108
7339,108
12030,108
15002,108
11892,108
5665,108
4953,108
12556,108
12932,109
1611,109
6262,109
14914,109
9648,109
950,109
13485,109
13240,109
8361,109
11620,109
14283,109
9168,109
14708,109
13741,109
9705,109
14360,109
10566,109
11157,109
11662,109
76,109
4431,109
8245,109
10091,109
12985,109
9224,109
13343,109
3184,109
6137,109
13583,109
14011,109
14150,109
1701,109
3280,109
14567,109
13304,109
8725,109
5569,109
10887,109
5229,109
2883,109
14887,109
1470,109
9755,109
9150,109
12493,109
248,109
2564,109
2111,109
12207,109
11070,109
9053,109
494,109
12854,109
12372,109
1277,109
14645,109
2138,109
1789,109
5707,109
180,109
14320,109
13792,109
9175,109
11430,109
13970,109
14738,109
5084,109
3326,109
1852,109
10369,109
9566,109
11384,109
3051,109
510,109
3454,109
14589,109
12155,109
12813,109
13415,109
11855,109
8184,109
10293,109
10831,109
9821,109
5742,109
4922,109
10493,109
13133,109
12431,109
7860,109
13481,109
6086,109
12678,109
10026,109
14318,109
6591,109
4024,109
13158,109
8083,109
9232,109
11076,109
10248,109
12375,109
14728,109
10359,109
5007,109
6869,109
4994,109
12404,109
13434,109
10902,109
8834,109
13286,109
4662,109
9673,109
10788,109
11217,109
182,109
13555,109
12426,109
13731,109
8034,109
13838,109
1688,109
5914,109
12205,109
9357,109
9782,109
13650,109
12692,109
13474,109
12149,109
2717,109
9526,109
12527,109
13738,109
831,109
3843,109
10426,109
4889,109
2759,109
13640,109
12099,109
9372,109
14992,109
13471,109
11419,109
13542,109
9375,109
9679,109
13576,109
14705,109
14805,109
7005,109
10604,109
3728,109
9847,109
11631,109
9814,109
2720,109
12408,109
12555,109
6428,109
1812,109
2701,109
12265,109
14206,109
7361,109
13439,109
14356,109
13984,109
8115,109
1520,109
5050,109
715,109
12801,109
14751,109
10092,109
11525,109
14250,109
12197,109
9887,109
13260,109
10298,109
5787,109
12631,109
7980,109
6972,109
6298,109
12847,109
4297,109
12214,109
4213,109
11364,109
13656,109
7840,109
14454,109
5719,109
14423,109
858,109
10451,109
6910,109
14167,109
10246,109
11942,109
14749,109
2306,109
9891,109
9900,109
1954,109
5484,109
2406,109
7568,109
6899,109
11981,109
14880,109
14052,109
14559,109
13088,109
10963,109
7882,109
7346,109
787,109
10669,109
14677,109
274,109
14304,109
3516,109
5033,109
1162,109
14653,109
14165,109
1797,109
3254,109
7679,109
12213,109
12296,109
10252,109
9999,109
9210,109
14906,109
7741,109
13888,109
12409,109
13328,109
2497,109
13545,109
13363,109
13312,109
13974,109
3744,109
5739,109
1641,109
13355,109
2682,109
412,109
5080,109
9895,109
196,109
7912,109
14915,109
5415,109
9505,109
1018,109
13186,109
7799,109
12571,109
9557,109
10240,109
8344,109
13152,109
12351,109
5534,109
6928,109
2389,109
12870,109
10725,109
200,109
30,109
1626,109
1777,109
13858,109
4762,109
686,109
3311,109
13188,109
10071,109
8953,109
9497,109
6642,109
1006,109
7835,109
13850,109
12924,109
9978,109
10015,109
12362,109
2735,109
12827,109
5246,109
14198,109
11146,109
7092,109
9309,109
808,109
11356,109
12942,109
11742,109
1055,109
9225,109
4900,109
12247,109
5370,109
10342,109
753,109
11697,109
12954,109
9174,109
13964,109
6919,109
14758,109
12617,109
12317,109
12125,109
8082,109
10624,109
4118,109
12446,109
2014,109
13730,109
13646,109
6365,109
2437,109
466,109
11952,109
10796,109
9189,109
13175,109
10871,109
11700,109
14660,109
4350,109
2762,109
7901,109
4636,109
13967,109
14834,109
9318,109
2845,109
8426,109
8607,109
12212,109
13825,109
10043,109
9419,109
14426,109
7347,109
8656,109
1011,109
865,109
7339,109
15002,109
11892,109
4953,109
12556,109
14250,110
9887,110
13158,110
9232,110
12631,110
10298,110
5787,110
686,110
10248,110
7980,110
12932,110
6972,110
3311,110
13188,110
10071,110
14914,110
12375,110
9648,110
8953,110
12847,110
4297,110
950,110
12214,110
10359,110
6642,110
13240,110
1006,110
8361,110
7835,110
11620,110
13850,110
4994,110
13656,110
14283,110
7840,110
9168,110
14708,110
14454,110
13434,110
13286,110
9978,110
10015,110
2735,110
13741,110
9705,110
12827,110
10451,110
6910,110
14198,110
10788,110
10566,110
11146,110
11157,110
11217,110
182,110
9309,110
11662,110
13555,110
76,110
10246,110
808,110
11356,110
12942,110
12426,110
13731,110
11742,110
10091,110
8034,110
13838,110
11942,110
14749,110
13343,110
3184,110
6137,110
9225,110
2306,110
4900,110
9891,110
12247,110
5370,110
13583,110
14011,110
14150,110
1701,110
1688,110
3280,110
1954,110
5484,110
5914,110
13304,110
2406,110
7568,110
8725,110
11981,110
12954,110
14880,110
13650,110
10887,110
13474,110
12149,110
2717,110
9526,110
14758,110
10963,110
14887,110
7882,110
7346,110
9150,110
12527,110
12493,110
787,110
831,110
14677,110
8082,110
10624,110
4118,110
12446,110
3843,110
14304,110
3516,110
5033,110
1162,110
2564,110
14653,110
14165,110
12207,110
9053,110
494,110
3254,110
12854,110
12556,110
12372,110
9372,110
12296,110
13730,110
14992,110
10252,110
1789,110
6365,110
2437,110
11419,110
5707,110
13542,110
13888,110
12409,110
466,110
13328,110
14320,110
11952,110
13792,110
9175,110
11430,110
13970,110
13576,110
13175,110
5084,110
14805,110
1777,110
10604,110
1852,110
13545,110
10369,110
9566,110
11384,110
9847,110
13363,110
13312,110
3744,110
11700,110
3051,110
9814,110
3454,110
5739,110
14660,110
4350,110
12408,110
6428,110
13355,110
1812,110
12155,110
2682,110
13415,110
2701,110
4636,110
13967,110
5080,110
9895,110
196,110
9318,110
10293,110
2845,110
10831,110
13984,110
9821,110
7912,110
5742,110
8115,110
14915,110
4922,110
1520,110
8426,110
5415,110
8607,110
12212,110
10043,110
10493,110
13133,110
5050,110
12431,110
7860,110
1018,110
715,110
13186,110
13481,110
9419,110
12571,110
7347,110
9557,110
10240,110
12678,110
10026,110
14751,110
14318,110
10092,110
12351,110
5534,110
6928,110
2389,110
865,110
7339,110
11892,110
200,110
4024,110
11525,110
1626,110
12197,111
13858,111
8083,111
13260,111
4762,111
11076,111
6298,111
1611,111
6262,111
9497,111
14728,111
13485,111
5007,111
6869,111
4213,111
11364,111
12404,111
12924,111
10902,111
8834,111
5719,111
12362,111
4662,111
14423,111
858,111
5246,111
9673,111
14360,111
7092,111
14167,111
4431,111
8245,111
12985,111
9224,111
1055,111
9900,111
10342,111
14567,111
753,111
11697,111
12205,111
9357,111
6899,111
9174,111
9782,111
14052,111
5569,111
14559,111
12692,111
13964,111
6919,111
13088,111
5229,111
2883,111
12617,111
12317,111
1470,111
12125,111
9755,111
13738,111
10669,111
274,111
248,111
2014,111
10426,111
4889,111
2759,111
2111,111
11070,111
1797,111
13640,111
7679,111
12213,111
1277,111
12099,111
14645,111
2138,111
13471,111
9999,111
13646,111
9210,111
14906,111
7741,111
180,111
9375,111
10796,111
2497,111
9679,111
9189,111
14738,111
14705,111
3326,111
7005,111
3728,111
10871,111
13974,111
2720,111
11631,111
510,111
2762,111
14589,111
12555,111
1641,111
10725,111
7901,111
12813,111
412,111
12265,111
11855,111
14206,111
7361,111
14834,111
13439,111
8184,111
14356,111
13825,111
9505,111
12801,111
7799,111
14426,111
6086,111
8344,111
13152,111
8656,111
1011,111
15002,111
6591,111
12870,111
4953,111
30,111
10895,112
9116,112
10459,112
7119,112
11958,112
11835,112
1675,112
878,112
12344,112
1279,112
361,112
14378,112
5755,112
7206,112
10546,112
5548,112
13849,112
9980,112
8464,112
9062,112
6526,112
8022,112
8609,112
4000,112
562,112
271,112
14666,112
11992,112
4214,112
6801,112
11191,112
10671,112
11049,112
3249,112
237,112
7483,112
13429,112
10926,112
10371,112
12753,112
14950,112
11873,112
12152,112
8025,112
12374,112
12337,112
14773,112
9545,112
14855,112
14532,112
5431,112
13828,112
14469,112
13248,112
3714,112
11775,112
2924,112
8938,112
10587,112
13427,112
13755,112
13319,112
11829,112
13278,112
14350,112
10724,112
8597,112
12006,112
7793,112
13783,112
4955,112
14726,112
7826,112
14287,112
13491,112
10107,112
2689,112
12145,112
2965,112
5842,112
4731,112
11194,112
14023,112
13604,112
14031,112
419,112
311,112
9960,112
3783,112
483,112
12460,112
12943,112
897,112
14615,112
564,112
10787,112
14227,112
1979,112
11051,112
4228,112
11853,112
12978,112
3221,112
12748,112
9459,112
7281,112
12323,112
3137,112
9432,112
11869,112
12187,112
13701,112
12411,112
607,112
11587,112
3678,112
12703,112
11033,112
13734,112
9455,112
7065,112
5373,112
12110,112
7584,112
2308,112
6737,112
10305,112
551,112
9395,112
12434,112
13795,112
10047,112
5106,112
3788,112
938,112
11804,112
14614,112
12591,112
396,112
13449,112
13226,112
12531,112
2611,112
344,112
7276,112
14402,112
3810,112
12643,112
3510,112
8347,112
5857,112
12752,112
1257,112
945,112
3136,112
13123,112
13635,112
793,112
12259,112
4318,112
2993,112
10184,112
1612,112
654,112
1629,112
6857,112
13836,112
12786,112
4347,112
11545,112
5082,112
5611,112
5803,112
12423,112
9297,112
3798,112
10008,112
9873,112
1042,112
14056,112
3710,112
12775,112
14440,112
12291,112
12966,112
3247,112
8499,112
11431,112
12834,112
1409,112
14772,112
7342,112
8543,112
13303,112
13520,112
6803,112
3085,112
12281,112
14027,112
11093,112
759,112
12161,112
8838,112
8580,112
5228,112
6634,112
12746,112
13622,112
9243,112
9790,112
12454,112
13875,112
10489,112
3046,112
1522,112
13790,112
4815,112
10143,112
2133,112
1423,112
13480,112
4304,112
12766,112
14004,112
13224,112
13163,112
11919,112
10970,112
324,112
14969,112
5607,112
2987,112
9510,112
12030,112
5214,112
14590,112
1718,112
5665,112
12022,112
13465,112
13664,112
6205,113
9661,113
10406,113
13069,113
9133,113
11852,113
13526,113
1444,113
13898,113
14752,113
11689,113
9983,113
326,113
12457,113
7607,113
9272,113
11387,113
8873,113
10152,113
14600,113
14604,113
866,113
13049,113
12189,113
7565,113
10774,113
4084,113
14958,113
14216,113
13871,113
14472,113
11526,113
14076,113
1720,113
14267,113
1693,113
14474,113
12733,113
9544,113
13611,113
3017,113
9214,113
12785,113
14225,113
10155,113
12938,113
1958,113
2870,113
9970,113
14465,113
8047,113
7968,113
12979,113
6018,113
4205,113
12091,113
14495,113
14748,113
5673,113
5725,113
14459,113
2120,113
8899,113
14336,113
10925,113
7951,113
13184,113
11575,113
1810,113
14344,113
12275,113
14437,113
1761,113
11618,113
13299,113
10531,113
13899,113
11791,113
2491,113
4937,113
13067,113
14526,113
3993,113
10686,113
10250,113
5756,113
14546,113
13308,113
14466,113
14530,113
5455,113
13164,113
14422,113
11362,113
12603,113
12269,113
6795,113
3186,113
12198,113
4114,113
12289,113
12190,113
3853,113
13525,113
14846,113
12251,113
5454,113
5421,113
14299,113
10877,113
11221,113
9674,113
6684,113
10297,113
10103,113
13344,113
13259,113
12485,113
10242,113
14401,113
14054,113
9589,113
13423,113
14430,113
14314,113
10214,113
11072,113
12301,113
1967,113
1566,113
1928,113
8969,113
10811,113
10365,113
1993,113
6890,113
14029,113
7958,113
14019,113
10046,113
13155,113
9003,113
3159,113
10548,113
7074,113
6748,113
14844,113
10284,113
13633,113
13687,113
2259,113
10770,113
5296,113
14453,113
15029,113
3438,113
14270,113
12730,113
13127,113
11163,113
73,113
9358,113
6874,113
5207,113
14933,113
997,113
7595,113
13709,113
12400,113
14986,113
1026,113
14833,113
11599,113
12338,113
4105,113
13037,113
14534,113
12124,113
2476,113
11201,113
4250,113
11576,113
10274,113
14607,113
9112,113
5190,113
6987,113
5256,113
14158,113
13912,113
13551,113
2881,113
13228,113
12392,113
473,113
9011,113
8740,113
13045,113
634,113
14759,113
2561,113
4830,113
5406,113
10331,113
8424,113
13478,113
1845,113
10643,113
14858,113
8501,113
5232,113
12980,113
3804,113
13317,113
6615,113
12307,113
14409,113
1504,113
6566,113
13874,113
9191,113
3384,113
2509,113
14193,113
8132,113
14124,113
15001,113
7118,113
3914,113
14943,113
13290,113
13086,113
14112,113
5535,113
14931,113
5445,113
12929,113
12314,113
14635,113
1696,113
12684,113
6097,113
9288,113
12843,113
9231,113
1203,113
13143,113
14695,113
9733,113
1191,113
14322,113
2718,113
13107,113
2882,113
10719,113
12532,113
12997,113
12835,113
4686,113
7575,113
5019,113
3948,113
3802,113
5326,113
7286,113
8230,113
14090,113
2256,113
10279,113
10868,113
14721,113
4520,113
6368,113
4968,113
7855,113
6259,113
11727,113
7609,113
7332,113
13040,113
14380,113
12800,113
14642,113
10599,113
13257,113
12422,113
13618,113
9399,113
13634,113
14512,113
12576,113
4746,113
3343,113
10123,113
13700,113
14035,113
14395,113
10054,113
7039,113
13685,113
223,113
8894,113
10794,113
3145,113
14826,113
14489,113
10431,113
11400,113
7629,113
14984,113
12674,113
11000,113
13910,113
259,113
13569,113
6488,113
10039,113
13867,113
5925,113
190,113
1491,113
2909,113
13598,113
5844,113
9119,113
1013,113
4422,113
3740,113
14080,113
12049,113
2033,113
12500,113
7950,113
10190,113
14451,113
12840,113
138,113
7952,113
11706,113
12263,113
14625,113
14231,113
14163,113
10204,113
11137,113
14379,113
1372,113
14583,113
379,113
8173,113
14519,113
14079,113
9815,113
13021,113
8139,113
9091,113
11839,113
14732,113
12610,113
5969,113
6383,113
6315,113
13210,113
12572,113
12534,113
12258,113
10243,113
13689,113
10807,113
14116,113
13460,113
14563,113
14022,113
11319,113
6500,113
10611,113
13400,113
11571,113
2206,113
10615,113
6455,113
12272,113
4964,113
11521,113
14484,113
679,113
3505,113
11368,113
3378,113
14110,113
13102,113
12294,113
12872,113
10247,113
11628,113
9286,113
1806,113
12764,113
6473,113
11621,113
14698,113
14719,113
6074,113
13541,113
10485,113
13716,113
14558,113
14871,113
11018,113
5342,113
2067,113
10764,113
6274,113
13356,113
1196,113
11120,113
3442,113
14574,113
2216,113
7660,113
12842,113
2839,113
5012,113
11933,113
6101,113
9169,113
6320,113
13732,113
6427,113
1065,113
13947,113
9031,113
11677,113
14780,113
11472,113
9881,113
11232,113
2179,113
10984,113
13030,113
13745,113
3359,113
11245,113
4106,113
10376,113
10864,113
10705,113
6089,113
12144,113
12795,113
14917,113
1436,113
14113,113
14903,113
5435,113
3108,113
14646,113
9106,113
3807,113
11282,113
14500,113
2012,113
13922,113
14633,113
12390,113
3691,113
9158,113
3329,113
14891,113
5352,113
3731,113
8060,113
1614,113
453,113
10265,113
14434,113
9923,113
9385,113
13080,113
11908,113
12632,113
14822,113
9082,113
11247,113
14707,113
6761,113
14194,113
13756,113
12516,113
8100,113
4969,113
11457,113
13377,113
6201,113
9167,113
3455,113
8855,113
13917,113
14987,113
7388,113
2803,113
5525,113
9633,113
13733,113
8640,113
9489,113
10829,113
10014,113
12118,113
5523,113
7076,113
9667,113
11822,113
10744,113
14394,113
12874,113
5145,113
9290,113
14658,113
12080,113
6229,113
1190,113
14007,113
4952,113
10940,113
14597,113
7558,113
5350,113
12479,113
14481,113
1179,113
11994,113
12378,113
8193,113
14306,113
12069,113
11902,113
11551,113
14156,113
12589,113
14312,113
10598,113
12600,113
13368,113
133,113
14586,113
7367,113
504,113
5720,113
3418,113
14145,113
4237,113
5650,113
5826,113
12373,113
11953,113
14030,113
10781,113
13800,113
13282,113
14908,113
14502,113
1700,113
13793,113
3922,113
5751,113
7480,113
916,113
12726,113
12670,113
13897,113
8450,113
14396,113
12032,113
6190,113
11770,113
10384,113
5387,113
14640,113
14724,113
6249,113
6205,114
9661,114
10406,114
11852,114
326,114
12457,114
7607,114
9272,114
11387,114
8873,114
14600,114
866,114
13049,114
10774,114
4084,114
14958,114
14472,114
1720,114
14267,114
14474,114
12733,114
9544,114
3017,114
9214,114
12785,114
14225,114
1958,114
2870,114
9970,114
14465,114
8047,114
7968,114
12979,114
4205,114
12091,114
14495,114
14748,114
5673,114
2120,114
10925,114
13184,114
11575,114
1810,114
14344,114
12275,114
14437,114
10531,114
13899,114
11791,114
2491,114
4937,114
13067,114
14526,114
10686,114
10250,114
13308,114
14466,114
5455,114
14422,114
11362,114
12269,114
12198,114
4114,114
12289,114
13525,114
12251,114
14299,114
11221,114
10297,114
10103,114
13344,114
12485,114
10242,114
14054,114
14314,114
11072,114
12301,114
1967,114
1566,114
8969,114
10811,114
10365,114
14029,114
14019,114
10046,114
3159,114
7074,114
6748,114
14844,114
13687,114
2259,114
10770,114
15029,114
3438,114
14270,114
11163,114
9358,114
5207,114
14933,114
7595,114
13709,114
12400,114
14986,114
14833,114
11599,114
12338,114
14534,114
2476,114
11201,114
11576,114
14607,114
9112,114
5190,114
6987,114
5256,114
13551,114
13228,114
12392,114
9011,114
13045,114
4830,114
10331,114
8424,114
13478,114
1845,114
8501,114
3804,114
13317,114
6615,114
12307,114
14409,114
6566,114
13874,114
3384,114
14193,114
8132,114
14124,114
7118,114
14943,114
14112,114
5445,114
12929,114
12314,114
14635,114
1696,114
6097,114
9288,114
12843,114
1203,114
14695,114
9733,114
14322,114
13107,114
2882,114
10719,114
12997,114
12835,114
3948,114
5326,114
8230,114
2256,114
10279,114
4520,114
6368,114
4968,114
7609,114
7332,114
13040,114
12800,114
14642,114
10599,114
13257,114
12422,114
13618,114
13634,114
14512,114
12576,114
4746,114
3343,114
10123,114
13700,114
14035,114
14395,114
7039,114
223,114
10794,114
3145,114
14826,114
14489,114
7629,114
14984,114
11000,114
13910,114
13569,114
6488,114
10039,114
13867,114
2909,114
13598,114
5844,114
9119,114
4422,114
3740,114
2033,114
12500,114
14451,114
10190,114
12840,114
11706,114
12263,114
14625,114
14231,114
14163,114
10204,114
1372,114
8173,114
14519,114
14079,114
9815,114
13021,114
11839,114
5969,114
6383,114
6315,114
13210,114
12572,114
12534,114
13689,114
10807,114
13460,114
11319,114
6500,114
10611,114
13400,114
2206,114
10615,114
12272,114
4964,114
14484,114
679,114
3505,114
11368,114
3378,114
14110,114
13102,114
12294,114
12872,114
10247,114
11628,114
1806,114
6473,114
14698,114
14719,114
6074,114
13541,114
13716,114
14558,114
14871,114
11018,114
10764,114
13356,114
1196,114
11120,114
3442,114
14574,114
2216,114
7660,114
12842,114
2839,114
9169,114
6320,114
13732,114
6427,114
1065,114
13947,114
9031,114
14780,114
11472,114
9881,114
2179,114
13030,114
13745,114
3359,114
10705,114
6089,114
12144,114
12795,114
14113,114
14903,114
3108,114
14646,114
9106,114
11282,114
14500,114
2012,114
13922,114
14633,114
3691,114
14891,114
3731,114
453,114
10265,114
14434,114
11908,114
14822,114
11247,114
14707,114
14194,114
13756,114
12516,114
8100,114
4969,114
11457,114
13377,114
6201,114
9167,114
13917,114
14987,114
7388,114
5525,114
13733,114
9489,114
10829,114
10014,114
12118,114
10744,114
14394,114
12874,114
5145,114
9290,114
14658,114
12080,114
6229,114
14007,114
4952,114
10940,114
14597,114
5350,114
12479,114
14481,114
11994,114
12378,114
14306,114
14156,114
11902,114
10598,114
12600,114
13368,114
7367,114
504,114
5720,114
3418,114
14145,114
4237,114
12373,114
14030,114
10781,114
13800,114
13282,114
14908,114
14502,114
1700,114
13793,114
3922,114
7480,114
916,114
12726,114
12670,114
13897,114
14396,114
6190,114
14640,114
14724,114
6249,114
14489,115
15029,115
3438,115
7629,115
10705,115
13745,115
9358,115
14984,115
5207,115
6488,115
14113,115
13709,115
12400,115
14833,115
7607,115
9272,115
11282,115
5844,115
2476,115
9119,115
2012,115
4422,115
14607,115
9112,115
5190,115
10190,115
13551,115
3731,115
13228,115
13045,115
14472,115
14822,115
4830,115
14474,115
14079,115
14194,115
1958,115
13021,115
11839,115
5969,115
6383,115
14987,115
6315,115
7388,115
12307,115
14409,115
14495,115
12534,115
13874,115
2120,115
14193,115
12118,115
1810,115
14943,115
12275,115
14437,115
6500,115
2206,115
14112,115
12272,115
12929,115
4964,115
4937,115
9290,115
14484,115
14526,115
6097,115
3378,115
13308,115
1203,115
5455,115
12872,115
14597,115
9733,115
11362,115
12479,115
14481,115
12269,115
1806,115
12198,115
13525,115
14698,115
12378,115
12835,115
14719,115
13541,115
13368,115
3948,115
5326,115
5720,115
3418,115
10764,115
12373,115
4520,115
14030,115
13282,115
14502,115
1196,115
12301,115
1967,115
7332,115
1700,115
11120,115
10599,115
8969,115
13257,115
3442,115
12422,115
2216,115
14029,115
12842,115
14019,115
2839,115
12576,115
4746,115
6427,115
1065,115
3159,115
9031,115
14035,115
11472,115
6748,115
14640,115
3145,115
14724,115
6249,115
13687,115
2259,115
10770,116
6205,116
9661,116
14826,116
3359,116
14270,116
10406,116
6089,116
11163,116
11852,116
12144,116
12795,116
14933,116
11000,116
13910,116
13569,116
10039,116
13867,116
7595,116
14903,116
11599,116
14986,116
3108,116
14646,116
326,116
12338,116
12457,116
9106,116
2909,116
11387,116
13598,116
14534,116
14500,116
11201,116
8873,116
11576,116
3740,116
13922,116
14633,116
2033,116
14600,116
12500,116
14451,116
6987,116
3691,116
866,116
12840,116
5256,116
13049,116
14891,116
10774,116
11706,116
12263,116
4084,116
14625,116
12392,116
14231,116
14163,116
10204,116
9011,116
14958,116
453,116
10265,116
1372,116
14434,116
1720,116
14267,116
11908,116
8173,116
14519,116
12733,116
9544,116
10331,116
11247,116
3017,116
14707,116
13756,116
12516,116
9214,116
12785,116
8100,116
14225,116
8424,116
13478,116
9815,116
4969,116
1845,116
2870,116
9970,116
14465,116
11457,116
13377,116
6201,116
8047,116
9167,116
8501,116
3804,116
13917,116
13317,116
7968,116
12979,116
13210,116
5525,116
4205,116
12091,116
6615,116
6566,116
12572,116
13733,116
14748,116
3384,116
5673,116
13689,116
8132,116
10807,116
14124,116
9489,116
10925,116
7118,116
10829,116
13460,116
10014,116
13184,116
11575,116
11319,116
14344,116
10744,116
10611,116
13400,116
14394,116
10615,116
12874,116
10531,116
13899,116
5445,116
11791,116
5145,116
2491,116
12314,116
14635,116
13067,116
1696,116
14658,116
10686,116
12080,116
10250,116
679,116
3505,116
9288,116
11368,116
6229,116
12843,116
14110,116
14466,116
14007,116
13102,116
12294,116
14422,116
14695,116
4952,116
10940,116
10247,116
11628,116
5350,116
14322,116
4114,116
12289,116
6473,116
13107,116
11994,116
2882,116
12251,116
10719,116
14299,116
12997,116
14306,116
14156,116
11902,116
11221,116
6074,116
10598,116
12600,116
10297,116
13716,116
14558,116
10103,116
7367,116
14871,116
13344,116
504,116
8230,116
2256,116
11018,116
14145,116
12485,116
10279,116
10242,116
14054,116
14314,116
4237,116
6368,116
4968,116
10781,116
13800,116
14908,116
11072,116
13356,116
7609,116
13040,116
1566,116
13793,116
12800,116
3922,116
14642,116
10811,116
14574,116
10365,116
13618,116
7480,116
7660,116
916,116
10046,116
13634,116
14512,116
9169,116
12726,116
12670,116
6320,116
13732,116
13897,116
14396,116
3343,116
10123,116
13700,116
13947,116
7074,116
6190,116
14395,116
7039,116
14780,116
9881,116
223,116
14844,116
10794,116
2179,116
13030,116
10770,117
14826,117
3359,117
14270,117
6089,117
11852,117
12144,117
12795,117
14933,117
11000,117
13910,117
13569,117
10039,117
7595,117
3108,117
14646,117
12338,117
12457,117
14534,117
11201,117
8873,117
14633,117
2033,117
14451,117
12840,117
13049,117
14891,117
10774,117
11706,117
12392,117
14163,117
10204,117
9011,117
14434,117
14519,117
12733,117
9544,117
10331,117
14707,117
8100,117
12785,117
8424,117
9815,117
4969,117
11457,117
13377,117
6201,117
8501,117
3804,117
13210,117
7968,117
4205,117
13733,117
14748,117
13689,117
13184,117
10611,117
12874,117
10531,117
13899,117
12314,117
10686,117
10250,117
9288,117
14466,117
14007,117
13102,117
12294,117
14422,117
14695,117
10940,117
11628,117
14322,117
4114,117
10719,117
12997,117
14306,117
14156,117
11902,117
10598,117
12600,117
14558,117
14871,117
11018,117
14145,117
10242,117
14054,117
10781,117
11072,117
7609,117
13040,117
1566,117
13793,117
12800,117
14642,117
10365,117
7480,117
7660,117
916,117
10046,117
12726,117
13732,117
13897,117
13700,117
9881,117
14844,117
10794,117
6205,118
9661,118
10406,118
11163,118
14903,118
13867,118
11599,118
14986,118
326,118
9106,118
2909,118
11387,118
13598,118
14500,118
13922,118
3740,118
11576,118
14600,118
12500,118
3691,118
6987,118
866,118
5256,118
12263,118
4084,118
14625,118
14231,118
14958,118
453,118
10265,118
1372,118
1720,118
14267,118
11908,118
8173,118
11247,118
3017,118
13756,118
12516,118
9214,118
14225,118
13478,118
1845,118
2870,118
9970,118
14465,118
8047,118
9167,118
13917,118
13317,118
12979,118
5525,118
12091,118
6615,118
6566,118
12572,118
3384,118
5673,118
10807,118
8132,118
9489,118
14124,118
10925,118
7118,118
10829,118
13460,118
10014,118
11575,118
11319,118
14344,118
10744,118
13400,118
14394,118
10615,118
5445,118
5145,118
11791,118
2491,118
14635,118
13067,118
1696,118
14658,118
12080,118
679,118
3505,118
6229,118
11368,118
12843,118
14110,118
4952,118
10247,118
5350,118
12289,118
6473,118
13107,118
11994,118
2882,118
12251,118
14299,118
11221,118
6074,118
10297,118
13716,118
10103,118
7367,118
504,118
13344,118
8230,118
2256,118
12485,118
10279,118
14314,118
4237,118
6368,118
4968,118
13800,118
14908,118
13356,118
3922,118
10811,118
14574,118
13618,118
13634,118
14512,118
9169,118
12670,118
6320,118
14396,118
3343,118
10123,118
13947,118
7074,118
6190,118
14395,118
7039,118
14780,118
223,118
2179,118
13030,118
11245,119
5296,119
14453,119
4106,119
13069,119
10431,119
12730,119
11400,119
10376,119
10864,119
13127,119
9133,119
73,119
13526,119
6874,119
14917,119
12674,119
1444,119
259,119
13898,119
14752,119
1436,119
997,119
11689,119
5435,119
9983,119
1026,119
5925,119
190,119
4105,119
1491,119
13037,119
3807,119
12124,119
4250,119
1013,119
10274,119
14080,119
10152,119
12049,119
7950,119
138,119
12390,119
7952,119
14604,119
9158,119
14158,119
3329,119
13912,119
12189,119
7565,119
5352,119
2881,119
8060,119
473,119
11137,119
13871,119
14216,119
8740,119
14379,119
1614,119
634,119
11526,119
14759,119
14076,119
14583,119
9923,119
9385,119
379,119
1693,119
2561,119
5406,119
13080,119
12632,119
9082,119
13611,119
6761,119
10155,119
12938,119
10643,119
14858,119
8139,119
9091,119
14732,119
5232,119
12610,119
12980,119
3455,119
8855,119
2803,119
6018,119
1504,119
9633,119
12258,119
9191,119
2509,119
5725,119
14459,119
14336,119
8899,119
10243,119
8640,119
15001,119
14116,119
14563,119
7951,119
3914,119
14022,119
5523,119
7076,119
13290,119
9667,119
11822,119
13086,119
11571,119
1761,119
11618,119
13299,119
5535,119
14931,119
6455,119
11521,119
3993,119
12684,119
5756,119
1190,119
14546,119
9231,119
14530,119
13143,119
13164,119
7558,119
9286,119
1191,119
12603,119
6795,119
3186,119
3853,119
2718,119
12190,119
12764,119
1179,119
11621,119
14846,119
5454,119
12532,119
5421,119
12069,119
8193,119
11551,119
10877,119
4686,119
12589,119
14312,119
7575,119
10485,119
9674,119
6684,119
5019,119
133,119
3802,119
14586,119
7286,119
13259,119
14090,119
5342,119
2067,119
14401,119
9589,119
10868,119
13423,119
14430,119
5650,119
5826,119
14721,119
10214,119
11953,119
6274,119
7855,119
6259,119
11727,119
14380,119
1928,119
1993,119
9399,119
5751,119
6890,119
7958,119
5012,119
11933,119
6101,119
13155,119
8450,119
9003,119
10548,119
12032,119
11677,119
10054,119
11770,119
10384,119
11232,119
13685,119
8894,119
5387,119
10984,119
10284,119
13633,119
8408,120
4083,120
11216,120
1644,120
13070,120
3125,120
4802,120
7770,120
8282,120
11948,120
10171,120
12780,120
13085,120
4682,120
1046,120
10986,120
5027,120
9173,120
6242,120
549,120
2162,120
3513,120
4863,120
8289,120
6225,120
10608,120
6465,120
596,120
13815,120
2126,120
5891,120
935,120
1334,120
13061,120
10018,120
11986,120
10761,120
12723,120
6422,120
3824,120
613,120
9220,120
9776,120
10100,120
599,120
3347,120
11447,120
5633,120
11326,120
8869,120
10021,120
14774,120
157,120
12991,120
7184,120
2948,120
1855,120
6480,120
8912,120
9854,120
8274,120
5298,120
4042,120
10387,120
7466,120
10436,120
2423,120
14412,120
11240,120
9963,120
5136,120
5424,120
13209,120
12389,120
11737,120
12055,120
6973,120
12894,120
12445,120
8883,120
11583,120
12906,120
2716,120
9761,120
11813,120
5529,120
2223,120
12092,120
12799,120
11478,120
8054,120
8048,120
6789,120
8125,120
9364,120
3819,120
3842,120
11252,120
776,120
11142,120
4428,120
5691,120
13552,120
12096,120
3465,120
10227,120
13588,120
1345,120
694,120
7525,120
13432,120
9551,120
9023,120
3920,120
745,120
12287,120
14803,120
12424,120
2823,120
13153,120
4691,120
7411,120
10685,120
5299,120
4096,120
4479,120
11159,120
10154,120
5391,120
4681,120
5005,120
9637,120
1315,120
610,120
11974,120
11365,120
13617,120
4517,120
2599,120
11066,120
12068,120
3107,120
1802,120
9603,120
3238,120
12482,120
8825,120
8302,120
10601,120
9000,120
10413,120
1916,120
9793,120
3987,120
3858,120
12695,120
13223,120
5647,120
4732,120
12048,120
9696,120
9397,120
14009,120
7972,120
8253,120
6712,120
8662,120
13495,120
1745,120
2903,120
9567,120
2397,120
14662,120
13048,120
9623,120
9882,120
1530,120
7605,120
12714,120
10,120
9740,120
4141,120
10916,120
14028,120
7102,120
6926,120
140,120
3736,120
13238,120
12377,120
11281,120
4149,120
12546,120
12871,120
9492,120
5287,120
12407,120
495,120
5077,120
12443,120
8751,120
13476,120
13973,120
10557,120
11399,120
6113,120
1353,120
13296,120
11923,120
11425,120
14384,120
5156,120
10672,120
4651,120
12038,120
14507,120
10449,120
6155,120
5636,120
11386,120
13601,120
3670,120
5814,120
4238,120
10692,120
4099,120
4845,120
7245,120
871,120
10377,120
2458,120
13682,120
12176,120
2273,120
6138,120
9040,120
11827,120
4533,120
4927,120
9801,120
10518,120
13579,120
7229,120
12107,120
1577,120
13246,120
4647,120
12105,120
13907,120
6955,120
6942,120
6792,120
12974,120
53,120
11468,120
2470,120
3436,120
12959,120
7283,120
13602,120
13567,120
7075,120
1001,120
12650,120
10843,120
6879,120
13408,120
13409,120
10806,120
12951,120
9371,120
10752,120
11379,120
1155,120
7697,120
7427,120
13966,120
7007,120
2289,120
6572,120
9292,120
3515,120
10428,120
10648,120
8865,120
2719,120
13375,120
9576,120
14629,120
1325,120
10057,120
600,120
8801,120
14449,120
9608,120
8114,120
3389,120
2369,120
14974,120
6581,120
11989,120
5294,120
11212,120
9519,120
12098,120
7818,120
6704,120
11529,120
10244,120
7278,120
11435,120
14580,120
11451,120
12066,120
14369,120
14242,120
9601,120
7696,120
11090,120
1997,120
708,120
13759,120
2775,120
6970,120
11079,120
5515,120
13702,120
4062,120
2761,120
7186,120
4482,120
5209,120
13988,120
10561,120
10826,120
2975,120
322,120
4314,120
2200,120
2856,120
7974,120
8765,120
4087,120
13887,120
1262,120
889,120
6306,120
11423,120
7639,120
13093,120
4036,120
829,120
914,120
1870,120
6619,120
11738,120
12793,120
1850,120
13831,120
13281,120
10234,120
5090,120
10801,120
1078,120
3474,120
5176,120
4020,120
7417,120
7178,120
14742,120
13276,120
13118,120
6747,120
10616,120
4683,120
8188,120
6868,120
12470,120
14308,120
14233,120
3118,120
8799,120
6043,120
11047,120
5467,120
6131,120
10456,120
12131,120
12108,120
7990,120
13198,120
2652,120
13229,120
9289,120
1003,120
2484,120
11903,120
9511,120
242,120
7765,120
2182,120
8160,120
706,120
9836,120
5602,120
10208,120
8959,120
2042,120
1905,120
1110,120
3706,120
9616,120
12009,120
13374,120
7462,120
7113,120
6426,120
14656,120
10766,120
9660,120
13178,120
10402,120
3884,120
236,120
3986,120
5514,120
9909,120
1408,120
5187,120
11967,120
9530,120
8995,120
11927,120
14452,120
12053,120
14399,120
4856,120
10059,120
5767,120
13829,120
9536,120
6850,120
1427,120
10386,120
13798,120
7868,120
4774,120
7067,120
1370,120
1681,120
3131,120
10427,120
1988,120
12761,120
5504,120
5791,120
14781,120
11704,120
5629,120
479,120
10717,120
14081,120
3578,120
387,120
14246,120
11978,120
12999,120
8885,120
2826,120
5815,120
8612,120
7279,120
13628,120
14014,120
6490,120
11552,120
3303,120
2205,120
4904,120
1863,120
8874,120
10634,120
10346,120
9664,120
7476,120
2777,120
12796,120
6938,120
728,120
9156,120
12045,120
9482,120
6291,120
12130,120
1790,120
12972,120
399,120
8983,120
8587,120
12946,120
2943,120
5965,120
5922,120
6331,120
10971,120
4984,120
5367,120
4522,120
12539,120
11816,120
9486,120
252,120
6883,120
3382,120
1323,120
9765,120
1955,120
3666,120
12931,120
5172,120
5971,120
14024,120
9513,120
11532,120
10045,120
6554,120
1117,120
5687,120
2535,120
13208,120
9563,120
2995,120
6700,120
620,120
10286,120
11569,120
14823,120
6334,120
9568,120
249,120
12157,120
4477,120
11416,120
12909,120
506,120
3285,120
12474,120
3361,120
9363,120
11236,120
10148,120
12563,120
13315,120
13550,120
10525,120
836,120
6628,120
8208,120
12810,120
1763,120
8505,120
7486,120
292,120
881,120
11408,120
12896,120
5362,120
363,120
2787,120
6135,120
12299,120
1098,120
5073,120
12990,120
11625,120
14061,120
2098,120
724,120
7711,120
9362,120
13568,120
8350,120
12134,120
5211,120
4349,120
11215,120
8649,120
5781,120
6324,120
11671,120
9080,120
2942,120
11227,120
12876,120
4224,120
12916,120
1416,120
4573,120
9332,120
13096,120
14147,120
1136,120
2314,120
8560,120
11220,120
2004,120
12072,120
10130,120
3003,120
6898,120
4098,120
5041,120
13425,120
12910,120
973,120
2673,120
10306,120
10668,120
11722,120
7324,120
12821,120
12682,120
13000,120
11050,120
9254,120
10540,120
10828,120
3729,120
14339,120
13486,120
10109,120
10893,120
10251,120
8104,120
10142,120
2417,120
12077,120
1648,120
691,120
13911,120
862,120
9723,120
14187,120
9565,120
8624,120
3387,120
9658,120
9749,120
12865,120
12103,120
12930,120
11993,120
418,120
1081,120
13341,120
6743,120
3268,120
2102,120
8696,120
298,120
986,120
13515,120
4546,120
12849,120
11754,120
13066,120
12947,120
697,120
10022,120
8717,120
5199,120
11466,120
3674,120
891,120
10314,120
86,120
1234,120
9260,120
12878,120
5653,120
1069,120
14036,120
7078,120
13396,120
1539,120
4159,120
13670,120
2025,120
12429,120
11615,120
13776,120
14398,120
6267,120
10332,120
7030,120
2662,120
11546,120
6714,120
9059,120
7085,120
13953,120
12984,120
2245,120
12230,120
10488,120
10742,120
9390,120
3805,120
9768,120
9981,120
380,120
2828,120
5020,120
6112,120
8291,120
5192,120
13071,120
124,120
681,120
8513,120
647,120
13591,120
1799,120
5107,120
3760,120
460,120
2595,120
9590,120
3498,120
10748,120
3240,120
13426,120
13957,120
879,120
1792,120
13342,120
7690,120
8530,120
1740,120
9239,120
7171,120
7319,120
10287,120
13767,120
6682,120
812,120
11932,120
3746,120
14362,120
13510,120
2588,120
5731,120
6494,120
3212,120
13696,120
4575,120
1640,120
10930,120
7260,120
10351,120
7241,120
13530,120
3945,120
6741,120
8595,120
7613,120
10741,120
12206,120
68,120
3317,120
8120,120
5143,120
2583,120
13538,120
2446,120
8879,120
7644,120
1535,120
7234,120
5198,120
12418,120
10722,120
14503,120
11928,120
14461,120
11130,120
8882,120
14171,120
12210,120
239,120
10272,120
6409,120
13797,120
72,120
8509,120
6958,120
3016,120
14016,120
12688,120
8892,120
9987,120
12763,120
12224,120
14374,120
6159,120
1189,120
9958,120
8422,120
2757,120
7807,120
12816,120
3175,120
7545,120
2034,120
10562,120
13661,120
6470,120
3761,120
5290,120
11582,120
8241,120
12425,120
9485,120
10523,120
4014,120
4513,120
10658,120
5001,120
12901,120
5801,120
6016,120
7986,120
4642,120
7995,120
11849,120
10028,120
9342,120
9817,120
11235,120
4073,120
693,120
7875,120
13438,120
6936,120
5769,120
3519,120
10470,120
9789,120
11682,120
9509,120
5770,120
2007,120
6612,120
13217,120
11782,120
3318,120
4921,120
13657,120
2984,120
3432,120
10939,120
5174,120
13749,120
675,120
9237,120
5227,120
1243,120
3265,120
12559,120
10878,120
13543,120
12629,120
4887,120
9606,120
3375,120
9703,120
9654,120
1996,120
7579,120
830,120
2258,120
2072,120
4966,120
10784,120
8154,120
12412,120
7181,120
11567,120
476,120
12897,120
6268,120
12818,120
10105,120
10336,120
8675,120
3633,120
9145,120
4186,120
10953,120
8849,120
9746,120
12973,120
1347,120
7606,120
1143,120
1607,120
11702,120
3545,120
14352,120
12867,120
13237,120
5807,120
6176,120
13848,120
900,120
9803,120
32,120
7251,120
5099,120
12895,120
14671,120
13832,120
13816,120
7506,120
13769,120
11403,120
9710,120
10349,120
5312,120
5688,120
2736,120
9499,120
10238,120
7658,120
11749,120
10202,120
12689,120
10205,120
6021,120
8355,120
1878,120
999,120
9759,120
2792,120
13232,120
11471,120
5400,120
10460,120
2543,120
13204,120
11439,120
13817,120
4542,120
10547,120
6677,120
2769,120
7473,120
6815,120
7136,120
10196,120
2285,120
2041,120
12002,120
5154,120
2089,120
5315,120
3488,120
5378,120
12518,120
3153,120
11062,120
11717,120
1608,120
459,120
593,120
402,120
10367,120
13199,120
13137,120
2864,120
8504,120
11580,120
13799,120
8324,120
13727,120
2310,120
12242,120
11058,120
801,120
1687,120
6745,120
12798,120
9643,120
11250,120
4610,120
1406,120
10568,120
3609,120
13387,120
3878,120
5802,120
8488,120
11915,120
3176,120
3675,120
10937,120
5374,120
9938,120
828,120
3952,120
2594,120
10445,120
4740,120
8851,120
5503,120
77,120
13736,120
12788,120
5257,120
10072,120
13930,120
7215,120
4131,120
13397,120
6369,120
6407,120
1973,120
5170,120
8277,120
6433,120
11768,120
11341,120
13190,120
1296,120
13041,120
13410,120
9229,120
3711,120
7640,120
12926,120
13193,120
2622,120
3875,120
13747,120
13370,120
2488,120
14621,120
10533,120
14525,120
10236,120
8206,120
8592,120
1161,120
13632,120
9501,120
4572,120
3,120
5095,120
13450,120
7499,120
13177,120
7989,120
14010,120
1992,120
104,120
4436,120
1667,120
10168,120
14212,120
1680,120
3457,120
10642,120
14191,120
10758,120
13211,120
1986,120
14219,120
9694,120
2979,120
7632,120
3580,120
5804,120
12885,120
2422,120
14477,120
3056,120
7372,120
11476,120
13411,120
4054,120
12765,120
2871,120
329,120
11390,120
11878,120
11378,120
7303,120
14109,120
4877,120
12993,120
5635,120
9326,120
767,120
12594,120
3267,120
2996,120
4357,120
9498,120
9476,120
1707,120
186,120
12201,120
10693,120
11085,120
7633,120
11389,120
10707,120
11465,120
4744,120
7683,120
5860,120
8247,120
11823,120
13098,120
4769,120
10836,120
4695,120
8144,120
4702,120
7442,120
14179,120
12687,120
14436,120
9726,120
3664,120
10503,120
11665,120
4285,120
11539,120
11440,120
12417,120
1365,120
8544,120
1275,120
6478,120
6923,120
13301,120
7647,120
14188,120
10777,120
2058,120
3881,120
4775,120
1165,120
9351,120
7585,120
13972,120
4122,120
2817,120
13577,120
8053,120
6493,120
6532,120
1107,120
4755,120
9502,120
12478,120
13456,120
9151,120
12892,120
14355,120
1104,120
689,120
9651,120
5208,120
14341,120
7436,120
295,120
9045,120
8443,120
892,120
7156,120
1039,120
14812,120
8342,120
12823,120
10097,120
4870,120
2906,120
3791,120
12302,120
14537,120
13913,120
13322,120
12452,120
9464,120
3146,120
1786,120
6392,120
3901,120
10417,120
5196,120
3834,120
972,120
11907,120
12575,120
6328,120
5824,120
4413,120
92,120
2394,120
3705,120
12542,120
2782,120
10675,120
3511,120
13082,120
11078,120
11376,120
10900,120
3918,120
13284,120
9111,120
7873,120
9147,120
4227,120
12921,120
13845,120
13104,120
14702,120
7355,120
7343,120
12255,120
4252,120
8013,120
4509,120
13318,120
10230,120
8064,120
10494,120
13946,120
13258,120
10435,120
6082,120
13872,120
14786,120
10111,120
8591,120
5603,120
2398,120
5451,120
10350,120
10501,120
8724,120
4082,120
9428,120
3932,120
5570,120
6956,120
10277,120
5898,120
14736,120
3879,120
13565,120
9379,120
9786,120
4035,120
4022,120
10041,120
13244,120
7955,120
14068,120
10714,120
2821,120
6140,120
10029,120
553,120
13952,120
1224,120
8976,120
13820,120
2281,120
12120,120
11060,120
6041,120
11097,120
629,120
14238,120
6678,120
4999,120
1295,120
12421,120
10581,120
4834,120
8850,120
14173,120
2253,120
12169,120
11101,120
10343,120
7327,120
1310,120
8766,120
3742,120
5428,120
7560,120
9113,120
9539,120
13350,120
10053,120
1975,120
7735,120
11492,120
4674,120
2666,120
1287,120
1401,120
9747,120
1827,120
14174,120
3367,120
523,120
3681,120
4985,120
5827,120
1217,120
13249,120
11043,120
10911,120
12160,120
2959,120
9333,120
9823,120
704,120
10209,120
1366,120
13813,120
4380,120
12480,120
13574,120
2116,120
2593,120
14143,120
12035,120
9181,120
2404,120
4716,120
6825,120
11743,120
1288,120
8968,120
10954,120
11805,120
14711,120
6356,120
8658,120
9469,120
3908,120
3905,120
7597,120
1957,120
2457,120
14142,120
6199,120
4215,120
6528,120
7239,120
11947,120
6193,120
8265,120
2702,120
14756,120
14531,120
12315,120
13529,120
13811,120
4813,120
13771,120
14122,120
8290,120
10001,120
12234,120
2430,120
3520,120
11263,120
9308,120
6150,120
2465,120
9525,120
378,120
9991,120
12711,120
4506,120
11443,120
7124,120
8797,120
3968,120
13031,120
12175,120
111,120
14639,120
11317,120
14909,120
13382,120
6593,120
5805,120
11786,120
5696,120
885,120
7373,120
6037,120
1082,120
14581,120
2183,120
120,120
3217,120
11534,120
83,120
2932,120
10947,120
6498,120
12236,120
9806,120
9908,120
640,120
10079,120
12887,120
4361,120
7572,120
121,120
1591,120
9209,120
13823,120
5158,120
470,120
3354,120
240,120
6752,120
12577,120
3306,120
5262,120
8098,120
10845,120
5554,120
368,120
3715,120
7340,120
13277,120
9939,120
13814,120
6362,120
285,120
6036,120
8545,120
10535,120
10906,120
1438,120
314,120
1572,120
11295,120
9964,120
10850,120
4366,120
7684,120
10492,120
1589,120
4108,120
12927,120
10508,120
7418,120
1448,120
4591,120
5124,120
13804,120
11267,120
14121,120
3822,120
13064,120
12613,120
10330,120
4088,120
2799,120
13931,120
8215,120
6149,120
10119,120
10443,120
4004,120
13962,120
9701,120
9642,120
11851,120
13781,120
325,120
10606,120
14294,120
13786,120
480,120
13503,120
3696,120
9855,120
9418,120
7997,120
8843,120
9943,120
11683,120
11787,120
10078,120
6925,120
9163,120
3835,120
14794,120
6293,120
12828,120
13614,120
9277,120
6081,120
9927,120
8356,120
14591,120
11736,120
9622,120
3859,120
13295,120
6399,120
5799,120
9185,120
9276,120
10002,120
10505,120
7543,120
12021,120
2649,120
10582,120
10888,120
5429,120
10922,120
10478,120
5909,120
4396,120
2549,120
13412,120
9596,120
6248,120
10442,120
6363,120
11495,120
5869,120
3891,120
14491,120
10294,120
5035,120
8780,120
1473,120
12336,120
4614,120
11325,120
2015,120
3150,120
4628,120
11719,120
12476,120
2341,120
9514,120
481,120
6450,120
7474,120
1316,120
14077,120
4383,120
13140,120
13597,120
2907,120
13652,120
13945,120
12893,120
7429,120
1774,120
5735,120
13035,120
611,120
14249,120
13744,120
12672,120
8814,120
2607,120
3290,120
3668,120
8352,120
9800,120
4754,120
2667,120
5004,120
14415,120
7059,120
6540,120
6247,120
10919,120
7531,120
9005,120
6605,120
6758,120
12486,120
12113,120
12488,120
10897,120
14111,120
10594,120
8427,120
4720,120
8072,120
3162,120
10837,120
13991,120
4638,120
6358,120
2203,120
14865,120
10288,120
5989,120
2122,120
1019,120
3417,120
10447,120
8862,120
10849,120
13440,120
13010,120
2313,120
12148,120
7559,120
2929,120
5942,120
1192,120
8919,120
3707,120
1849,120
1441,120
12459,120
6698,120
2527,120
1944,120
353,120
10603,120
3839,120
13053,120
11024,120
6412,120
7494,120
8143,120
10690,120
6796,120
2694,120
389,120
7009,120
3680,120
14332,120
5937,120
7759,120
11516,120
3825,120
12758,120
10585,120
6562,120
10310,120
112,120
20,120
4727,120
2331,120
13834,120
906,120
13802,120
10715,120
3445,120
7201,120
720,120
33,120
10577,120
10381,120
4180,120
1008,120
11957,120
7169,120
9613,120
13310,120
11352,120
11363,120
11912,120
14229,120
10089,120
2835,120
5446,120
9898,120
234,120
13265,120
2695,120
4234,120
2325,120
95,120
12084,120
12506,120
2329,120
13556,120
8528,120
2578,120
5699,120
10728,120
9625,120
4097,120
8889,120
1965,120
7410,120
8332,120
7337,120
3242,120
3738,120
12899,120
2045,120
3034,120
9205,120
2691,120
1174,120
5874,120
2300,120
4637,120
10949,120
760,120
13017,120
13869,120
9164,120
12405,120
12174,120
14417,120
560,120
13673,120
5846,120
4212,120
6896,120
3651,120
10654,120
1576,120
5465,120
6484,120
6285,120
12085,120
11016,120
781,120
14691,120
6434,120
6305,120
8441,120
692,120
6122,120
10164,120
14301,120
14778,120
475,120
6167,120
4363,120
6753,120
4632,120
14603,120
13430,120
11404,120
10987,120
10802,120
3309,120
11950,120
7785,120
14083,120
7300,120
10713,120
11179,120
3496,120
4717,120
11755,120
11893,120
3218,120
12664,120
8192,120
7856,120
4818,120
13881,120
5300,120
1223,120
7619,120
6539,120
14161,120
8787,120
13571,120
14679,120
13261,120
13385,120
11674,120
8065,120
9574,120
3749,120
8533,120
9235,120
8930,120
9071,120
13352,120
3313,120
12334,120
10819,120
4508,120
11723,120
11657,120
3862,120
2168,120
7915,120
13581,120
13479,120
12012,120
9662,120
3338,120
14770,120
1102,120
13362,120
11774,120
6826,120
4563,120
10635,120
4718,120
13987,120
155,120
14046,120
14203,120
14392,120
10981,120
11833,120
1984,120
1619,120
4475,120
13149,120
12165,120
10656,120
8738,120
3996,120
2565,120
13302,120
11135,120
13391,120
5678,120
12525,120
12585,120
2148,120
7017,120
1396,120
4838,120
5945,120
4442,120
14268,120
3339,120
803,120
230,120
4866,120
11014,120
12937,120
8474,120
10290,120
11184,120
10515,120
4565,120
4107,120
5907,120
3450,120
4768,120
7262,120
8600,120
8557,120
501,120
9885,120
13944,120
9644,120
9561,120
3959,120
4841,120
5051,120
2492,120
10989,120
6394,120
12382,120
12860,120
13221,120
8812,120
6774,120
13373,120
621,120
5180,120
5680,120
13562,120
14210,120
9506,120
12342,120
12449,120
10800,120
1590,120
6685,120
2858,120
4523,120
8525,120
8958,120
11484,120
10666,120
2487,120
8026,120
13873,120
2319,120
6491,120
14361,120
9989,120
5078,120
2061,120
3602,120
4748,120
3841,120
12126,120
11383,120
9262,120
13662,120
5818,120
4448,120
6686,120
8576,120
1715,120
14168,120
8647,120
5032,120
8186,120
2317,120
13119,120
2176,120
11703,120
12599,120
14180,120
3528,120
11256,120
6666,120
12196,120
3895,120
2566,120
1813,120
733,120
2486,120
2880,120
13677,120
10153,120
1380,120
13666,120
5384,120
12345,120
9042,120
9699,120
11456,120
13200,120
8469,120
9549,120
2780,120
11129,120
7992,120
6379,120
10956,120
7257,120
3860,120
13100,120
703,120
11266,120
7934,120
12846,120
10662,120
6813,120
14074,120
1194,120
12907,120
11779,120
12192,120
9259,120
6120,120
2060,120
8127,120
10955,120
10313,120
11588,120
12325,120
10751,120
11944,120
705,120
11506,120
2795,120
12455,120
811,120
11145,120
13694,120
9199,120
12380,120
5943,120
1172,120
7134,120
7064,120
12704,120
9061,120
9555,120
12595,120
12956,120
9298,120
6782,120
6066,120
1095,120
9804,120
9095,120
4734,120
13022,120
13073,120
6350,120
5365,120
14419,120
6408,120
1945,120
11477,120
13395,120
7930,120
10366,120
9967,120
2219,120
5363,120
8187,120
9791,120
9734,120
14387,120
5823,120
2967,120
9405,120
4034,120
11939,120
9207,120
8148,120
9337,120
11238,120
4516,120
543,120
11691,120
5571,120
13288,120
12437,120
2541,120
9548,120
11011,120
14040,120
19,120
5810,120
3424,120
1261,120
13195,120
11109,120
7404,120
1842,120
11809,120
4319,120
11696,120
8229,120
9838,120
10471,120
5159,120
11084,120
10101,120
10462,120
2873,120
10754,120
4669,120
11637,120
8135,120
4828,120
11361,120
10144,120
1500,120
6602,120
8967,120
10027,120
14480,120
11504,120
3365,120
13856,120
3404,120
6966,120
6355,120
8767,120
14414,120
9962,120
6295,120
8957,120
14218,120
14818,120
6670,120
12019,120
9197,120
8506,120
3031,120
4461,120
4857,120
3483,120
14185,120
9192,120
14385,120
3840,120
10258,120
11193,120
9463,120
1035,120
13540,120
788,120
6924,120
4568,120
10303,120
7865,120
6238,120
9335,120
923,120
9347,120
8244,120
2760,120
1836,120
9194,120
13773,120
1631,120
11042,120
5957,120
11064,120
14397,120
12779,120
9388,120
2815,120
9672,120
5901,120
2971,120
1990,120
4578,120
1860,120
7537,120
11594,120
7208,120
14069,120
2431,120
12651,120
3196,120
2026,120
9605,120
6589,120
14234,120
11838,120
14345,120
12757,120
765,120
8940,120
14084,120
12081,120
3725,120
12957,120
6108,120
860,120
12587,120
5982,120
5310,120
13418,120
12724,120
12193,120
8299,120
2693,120
11772,120
13927,120
8268,120
2022,120
8817,120
3029,120
8214,120
11795,120
2336,120
12832,120
2536,120
1501,120
8007,120
4749,120
10472,120
6606,120
1857,120
5959,120
3202,120
14120,120
13728,120
13772,120
1129,120
10257,120
555,120
11578,120
13824,120
3294,120
4784,120
14217,120
8651,120
10736,120
4986,120
965,120
9252,120
11713,120
5564,120
4962,120
10455,120
6844,120
1982,120
3593,120
13051,120
8800,120
3081,120
4192,120
5995,120
10633,120
9586,120
542,120
3144,120
1344,120
12489,120
6092,120
5048,120
9317,120
6542,120
10133,120
6859,120
2654,120
5137,120
1115,120
7671,120
9098,120
12005,120
14393,120
11653,120
4742,120
14616,120
1871,120
14141,120
14975,120
2577,120
9512,120
11899,120
4068,120
2936,120
3549,120
11784,120
5997,120
6296,120
7052,120
7040,120
8385,120
1987,120
3253,120
13844,120
8012,120
7945,120
13130,120
5685,120
7493,120
7861,120
2482,120
2685,120
4820,120
1563,120
5642,120
8249,120
12625,120
2986,120
9129,120
11568,120
7199,120
3767,120
13329,120
8512,120
11081,120
9356,120
9018,120
11123,120
3166,120
11664,120
14476,120
12528,120
11053,120
7742,120
12928,120
9312,120
10775,120
2385,120
2841,120
1210,120
8748,120
10628,120
13358,120
13142,120
13,120
10354,120
12560,120
4577,120
4757,120
6495,120
14302,120
13446,120
9541,120
3366,120
5430,120
14087,120
1908,120
11269,120
3207,120
6824,120
2676,120
13819,120
12792,120
14572,120
13458,120
1144,120
1341,120
7086,120
13493,120
2410,120
12637,120
4729,120
11720,120
11698,120
6911,120
11398,120
1561,120
8228,120
1388,120
813,120
12283,120
9521,120
3019,120
13436,120
5432,120
11515,120
2698,120
14066,120
8610,120
8666,120
8714,120
13723,120
7185,120
6451,120
9682,120
4102,120
11257,120
10379,120
11125,120
8004,120
10036,120
6905,120
6388,120
2862,120
12305,120
4705,120
10345,120
2897,120
1030,120
4936,120
28,120
8811,120
14678,120
11708,120
14289,120
7941,120
6886,120
825,120
2358,120
2679,120
5412,120
2434,120
2471,120
1176,120
4564,120
12656,120
12961,120
1709,120
9500,120
14741,120
14012,120
9507,120
13885,120
4196,120
12472,120
2427,120
7894,120
10084,120
1592,120
7353,120
9487,120
4017,120
7408,120
5202,120
8437,120
13381,120
1853,120
12462,120
10420,120
13294,120
1061,120
13145,120
14072,120
1002,120
11716,120
2879,120
150,120
11086,120
980,120
13690,120
12790,120
2801,120
3897,120
13631,120
14058,120
7589,120
14261,120
10552,120
2393,120
5724,120
6025,120
11757,120
9219,120
8715,120
12540,120
7552,120
7081,120
74,120
12316,120
5994,120
13006,120
84,120
12329,120
1618,120
10558,120
606,120
5941,120
5263,120
8023,120
11843,120
8760,120
5322,120
5318,120
5313,120
7425,120
8157,120
4656,120
9818,120
11285,120
8035,120
7167,120
12058,120
12609,120
7822,120
341,120
3953,120
13518,120
3590,120
3215,120
8167,120
9611,120
4939,120
373,120
9883,120
6610,120
11231,120
6212,120
9190,120
12550,120
14108,120
6165,120
9320,120
10165,120
855,120
11349,120
13547,120
4499,120
6846,120
6918,120
8778,120
2960,120
4333,120
12295,120
12208,120
11009,120
2784,120
8546,120
10716,120
10037,120
10990,120
4906,120
7360,120
11996,120
9575,120
8923,120
12685,120
12279,120
7769,120
13498,120
4782,120
3890,120
5398,120
8494,120
5173,120
1970,120
7978,120
348,120
9587,120
13280,120
8573,120
8093,120
8105,120
11507,120
6056,120
11984,120
11581,120
5528,120
6881,120
11603,120
1875,120
12886,120
3087,120
5286,120
6060,120
2938,120
1652,120
5988,120
251,120
12839,120
11155,120
10498,120
9594,120
5043,120
3140,120
9778,120
2244,120
10415,120
4823,120
11178,120
8685,120
6555,120
5486,120
5944,120
11381,120
5036,120
4202,120
13165,120
4310,120
1550,120
3608,120
10439,120
2241,120
12624,120
11608,120
7966,120
13068,120
11206,120
12677,120
10875,120
4352,120
814,120
10532,120
11735,120
13092,120
8153,120
11045,120
6990,120
8021,120
3015,120
1405,120
14190,120
13918,120
816,120
10201,120
7705,120
4959,120
8615,120
4704,120
12578,120
3480,120
5619,120
13905,120
7216,120
11803,120
12146,120
5463,120
7810,120
12861,120
7131,120
12967,120
11388,120
3082,120
2180,120
12248,120
9893,120
3489,120
13138,120
9125,120
11613,120
3542,120
12003,120
8583,120
11487,120
7255,120
13218,120
5975,120
13585,120
6683,120
8880,120
3888,120
7664,120
11347,120
11214,120
10268,120
13183,120
105,120
12634,120
9607,120
12526,120
10942,120
3652,120
10909,120
2490,120
7675,120
13150,120
4262,120
12339,120
7395,120
1331,120
947,120
13419,120
9038,120
6189,120
10468,120
2420,120
6166,120
2377,120
4321,120
3985,120
11393,120
10484,120
12607,120
8853,120
38,120
10818,120
10198,120
12567,120
5151,120
3611,120
1872,120
1639,120
4340,120
12958,120
4528,120
345,120
9494,120
247,120
12,120
4787,120
10407,120
11428,120
6132,120
9984,120
2262,120
12747,120
6382,120
1186,120
4879,120
14381,120
10661,120
8816,120
5067,120
8585,120
9162,120
12387,120
12139,120
544,120
11327,120
10823,120
1183,120
9381,120
4630,120
11458,120
12731,120
110,120
11479,120
13940,120
14815,120
3815,120
14795,120
2288,120
10370,120
6649,120
9195,120
6127,120
13306,120
13219,120
876,120
6513,120
11760,120
7815,120
10405,120
8998,120
685,120
586,120
11955,120
14697,120
10182,120
8949,120
644,120
10062,120
2547,120
14082,120
8152,120
11091,120
12770,120
5254,120
3161,120
4865,120
1685,120
12181,120
5661,120
5573,120
8458,120
11541,120
12698,120
9571,120
3560,120
12727,120
3439,120
444,120
14305,120
7774,120
3099,120
11825,120
12987,120
8368,120
8275,120
11519,120
13726,120
12718,120
12606,120
8745,120
7775,120
1633,120
11149,120
9208,120
8835,120
13846,120
1292,120
6534,120
5858,120
12963,120
13348,120
12715,120
10458,120
13289,120
9689,120
10853,120
12697,120
14545,120
6142,120
7904,120
11968,120
11977,120
1435,120
2363,120
4519,120
14263,120
3925,120
6162,120
9996,120
12052,120
12565,120
2728,120
6603,120
13475,120
5147,120
23,120
6798,120
10755,120
3916,120
1578,120
680,120
6170,120
13185,120
9634,120
9780,120
1228,120
1575,120
13028,120
13746,120
1784,120
1188,120
13854,120
7335,120
12432,120
5489,120
13534,120
6109,120
12179,120
13777,120
8911,120
11574,120
5917,120
332,120
11426,120
7168,120
14765,120
10882,120
6674,120
5716,120
40,120
10226,120
5419,120
8864,120
8660,120
12592,120
6152,120
8485,120
11832,120
14861,120
9244,120
11549,120
4421,120
10793,120
1708,120
4172,120
1859,120
13156,120
9663,120
8781,120
10968,120
2414,120
14157,120
9515,120
1595,120
2639,120
9187,120
2752,120
11111,120
9490,120
9264,120
1866,120
1964,120
758,120
13544,120
13311,120
14377,120
11415,120
9057,120
9518,120
9830,120
11673,120
12298,120
4312,120
9708,120
4730,120
11663,120
5887,120
12065,120
14202,120
13222,120
12352,120
1586,120
12203,120
13314,120
4235,120
224,120
8863,120
8232,120
13695,120
7666,120
13404,120
7890,120
8639,120
11917,120
12044,120
2790,120
13507,120
9449,120
8948,120
5285,120
11369,120
13954,120
11745,120
10301,120
3929,120
1517,120
7016,120
12673,120
4706,120
5410,120
4401,120
7654,120
1424,120
9212,120
11216,121
1644,121
3125,121
11948,121
13085,121
10986,121
8289,121
10608,121
596,121
935,121
10018,121
10761,121
12723,121
613,121
9776,121
599,121
5633,121
3347,121
8869,121
10021,121
157,121
7184,121
2948,121
6480,121
8912,121
8274,121
4042,121
10387,121
2423,121
11240,121
13209,121
12894,121
2716,121
12906,121
11813,121
5529,121
2223,121
12092,121
8125,121
9364,121
3819,121
3842,121
776,121
13552,121
1345,121
13432,121
745,121
12287,121
13153,121
7411,121
4096,121
10154,121
5391,121
4681,121
5005,121
9637,121
11974,121
11365,121
13617,121
4517,121
11066,121
9603,121
12482,121
10601,121
10413,121
9793,121
12695,121
13223,121
5647,121
4732,121
9397,121
8253,121
9567,121
14662,121
9623,121
1530,121
12714,121
4141,121
9740,121
6926,121
11281,121
4149,121
12871,121
9492,121
5287,121
5077,121
8751,121
13476,121
10557,121
11399,121
11923,121
11425,121
14507,121
6155,121
5814,121
10692,121
4099,121
4845,121
7245,121
13682,121
12176,121
2273,121
11827,121
9801,121
10518,121
12105,121
13907,121
6942,121
53,121
11468,121
13567,121
12650,121
6879,121
13408,121
10806,121
12951,121
9371,121
10752,121
11379,121
1155,121
7427,121
13966,121
7007,121
2289,121
6572,121
10648,121
8865,121
2719,121
14629,121
1325,121
10057,121
9608,121
2369,121
14974,121
11989,121
10244,121
14580,121
708,121
13759,121
6970,121
5515,121
13702,121
2761,121
4482,121
5209,121
322,121
2856,121
7974,121
8765,121
4087,121
13887,121
7639,121
889,121
829,121
4036,121
914,121
6619,121
13831,121
13281,121
10801,121
1078,121
4020,121
7417,121
7178,121
13118,121
6747,121
10616,121
4683,121
8188,121
6043,121
10456,121
12108,121
7990,121
13198,121
2652,121
13229,121
1003,121
11903,121
242,121
2182,121
9836,121
10208,121
2042,121
3706,121
9616,121
14656,121
13178,121
10402,121
236,121
5514,121
9909,121
9530,121
8995,121
14399,121
4856,121
13829,121
7067,121
3131,121
1988,121
14781,121
5629,121
479,121
10717,121
14081,121
387,121
14246,121
2826,121
8885,121
13628,121
14014,121
3303,121
2205,121
1863,121
10346,121
9664,121
728,121
12972,121
399,121
8983,121
8587,121
12946,121
10971,121
12539,121
11816,121
252,121
1323,121
1955,121
12931,121
5971,121
9513,121
10045,121
1117,121
2535,121
620,121
14823,121
6334,121
9568,121
12157,121
506,121
3285,121
836,121
6628,121
8208,121
8505,121
292,121
12896,121
6135,121
11625,121
2098,121
7711,121
9362,121
13568,121
4349,121
5781,121
6324,121
2942,121
1416,121
9332,121
13096,121
14147,121
1136,121
10130,121
5041,121
13425,121
973,121
2673,121
10306,121
7324,121
12821,121
10540,121
13486,121
10109,121
8104,121
1648,121
691,121
13911,121
862,121
9565,121
9749,121
12865,121
13341,121
3268,121
298,121
13515,121
11754,121
10022,121
3674,121
10314,121
1234,121
12878,121
5653,121
7078,121
13396,121
4159,121
2025,121
13776,121
14398,121
12230,121
10742,121
9981,121
2828,121
6112,121
13591,121
1799,121
5107,121
460,121
2595,121
13426,121
879,121
1792,121
7690,121
8530,121
1740,121
7171,121
10287,121
13510,121
13696,121
4575,121
1640,121
10930,121
7260,121
13530,121
6741,121
7613,121
10741,121
68,121
8120,121
5143,121
2583,121
13538,121
5198,121
14461,121
12210,121
13797,121
8509,121
14016,121
12688,121
12763,121
1189,121
9958,121
8422,121
2757,121
7545,121
10562,121
13661,121
6470,121
3761,121
9485,121
4014,121
10658,121
4642,121
10028,121
9342,121
9817,121
11235,121
693,121
3519,121
9509,121
6612,121
13217,121
4921,121
13657,121
2984,121
9237,121
3265,121
13543,121
9606,121
9703,121
1996,121
7579,121
2258,121
2072,121
4966,121
10784,121
12412,121
476,121
12897,121
8675,121
9145,121
4186,121
8849,121
12973,121
14352,121
12867,121
5807,121
900,121
9803,121
32,121
14671,121
13832,121
13816,121
9710,121
5312,121
2736,121
9499,121
11749,121
10202,121
10205,121
10460,121
2543,121
13204,121
11439,121
7473,121
2285,121
12002,121
5154,121
2089,121
3153,121
11062,121
11717,121
459,121
402,121
10367,121
13199,121
13799,121
13727,121
6745,121
1406,121
10568,121
3609,121
13387,121
3878,121
8488,121
4740,121
13736,121
12788,121
10072,121
7215,121
6369,121
1973,121
1296,121
13410,121
12926,121
2622,121
13747,121
14621,121
10236,121
14525,121
8206,121
1161,121
9501,121
4572,121
5095,121
13450,121
7499,121
13177,121
1992,121
104,121
4436,121
10168,121
14212,121
1680,121
3457,121
10642,121
14191,121
10758,121
1986,121
14219,121
9694,121
2979,121
3580,121
5804,121
12885,121
2422,121
14477,121
4054,121
7303,121
14109,121
4877,121
12993,121
5635,121
9326,121
3267,121
9498,121
9476,121
10693,121
7633,121
11389,121
10707,121
11465,121
4744,121
7683,121
5860,121
8247,121
4702,121
10503,121
11665,121
12417,121
8544,121
1275,121
6478,121
6923,121
14188,121
3881,121
13972,121
2817,121
13577,121
8053,121
6532,121
1107,121
4755,121
9502,121
13456,121
9151,121
5208,121
295,121
9045,121
8443,121
1039,121
3791,121
12302,121
14537,121
13913,121
12452,121
972,121
11907,121
12575,121
6328,121
4413,121
92,121
2394,121
12542,121
2782,121
10675,121
3511,121
11376,121
9111,121
7873,121
9147,121
13845,121
13104,121
14702,121
7355,121
7343,121
8013,121
4509,121
10230,121
10494,121
13258,121
6082,121
14786,121
5603,121
5451,121
3932,121
6956,121
14736,121
3879,121
9786,121
4035,121
10041,121
7955,121
10714,121
6140,121
553,121
2281,121
6041,121
14238,121
4999,121
1295,121
10581,121
8850,121
2253,121
12169,121
3742,121
9539,121
13350,121
7735,121
11492,121
4674,121
1287,121
1827,121
14174,121
3367,121
523,121
3681,121
11043,121
2959,121
9333,121
10209,121
1366,121
13813,121
2116,121
14143,121
9181,121
4716,121
11743,121
1288,121
8968,121
10954,121
11805,121
14711,121
8658,121
9469,121
3905,121
7597,121
1957,121
6528,121
6193,121
14756,121
14531,121
13811,121
13771,121
14122,121
8290,121
12234,121
2430,121
3520,121
11263,121
9308,121
2465,121
9991,121
3968,121
12175,121
6593,121
11786,121
5696,121
7373,121
6037,121
2183,121
11534,121
10947,121
9806,121
10079,121
12887,121
1591,121
9209,121
13823,121
6752,121
12577,121
5262,121
368,121
9939,121
13814,121
6036,121
8545,121
1572,121
314,121
10850,121
7684,121
4108,121
10508,121
7418,121
1448,121
4591,121
11267,121
13064,121
12613,121
10330,121
2799,121
8215,121
10443,121
9701,121
9642,121
11851,121
325,121
14294,121
480,121
13503,121
3696,121
9418,121
14794,121
6293,121
12828,121
13614,121
9927,121
14591,121
11736,121
9622,121
5799,121
9185,121
9276,121
10002,121
7543,121
2649,121
5429,121
10922,121
10478,121
9596,121
6248,121
14491,121
10294,121
12336,121
4614,121
11325,121
3150,121
12476,121
9514,121
12672,121
8814,121
2607,121
8352,121
4754,121
2667,121
10919,121
9005,121
6605,121
6758,121
12486,121
12488,121
10594,121
8427,121
4720,121
13991,121
2203,121
2122,121
10447,121
10849,121
13440,121
2929,121
5942,121
1192,121
12459,121
10603,121
13053,121
11024,121
6412,121
2694,121
389,121
3680,121
7759,121
10585,121
20,121
13834,121
7201,121
10577,121
11957,121
7169,121
11352,121
11363,121
11912,121
14229,121
10089,121
2835,121
234,121
13265,121
4234,121
2325,121
12084,121
95,121
2329,121
2578,121
5699,121
9625,121
4097,121
8889,121
9205,121
2691,121
5874,121
10949,121
760,121
12405,121
12174,121
14417,121
10654,121
1576,121
12085,121
11016,121
781,121
14691,121
8441,121
14301,121
14778,121
475,121
4632,121
14603,121
10802,121
11179,121
4717,121
11755,121
11893,121
12664,121
7856,121
4818,121
13881,121
7619,121
6539,121
8787,121
14679,121
13261,121
13385,121
8065,121
9574,121
8533,121
9071,121
13352,121
3313,121
12334,121
11657,121
2168,121
7915,121
13581,121
13479,121
9662,121
3338,121
14770,121
6826,121
10635,121
13987,121
155,121
11833,121
13149,121
8738,121
3996,121
2565,121
13302,121
12585,121
2148,121
1396,121
4838,121
14268,121
230,121
11014,121
12937,121
5907,121
4107,121
3450,121
501,121
9885,121
3959,121
5051,121
10989,121
12860,121
13373,121
5680,121
13562,121
9506,121
12342,121
12449,121
10800,121
6685,121
2858,121
8525,121
8958,121
11484,121
10666,121
2487,121
8026,121
13873,121
14361,121
9989,121
1424,121
3602,121
3841,121
12126,121
11383,121
9262,121
5818,121
6686,121
8576,121
8647,121
5032,121
13119,121
11703,121
11256,121
2566,121
12196,121
1813,121
733,121
13677,121
10153,121
13666,121
5384,121
12345,121
11456,121
9549,121
13100,121
703,121
11266,121
7934,121
12846,121
14074,121
1194,121
12907,121
9259,121
6120,121
8127,121
10955,121
10313,121
11588,121
2795,121
811,121
13694,121
9199,121
12380,121
5943,121
1172,121
7064,121
12595,121
12956,121
6066,121
9804,121
9095,121
4734,121
13022,121
13073,121
5365,121
14419,121
1945,121
13395,121
10366,121
9967,121
5363,121
14387,121
9207,121
11238,121
4516,121
543,121
11691,121
5571,121
13288,121
9548,121
1261,121
11109,121
11809,121
4319,121
11696,121
8229,121
9838,121
5159,121
11637,121
10754,121
4669,121
8135,121
11361,121
1500,121
10027,121
3365,121
6966,121
14414,121
9962,121
14218,121
3483,121
14185,121
10258,121
11193,121
9463,121
4568,121
10303,121
9347,121
8244,121
5957,121
14397,121
12779,121
2815,121
1990,121
4578,121
7537,121
7208,121
2026,121
3196,121
11838,121
14345,121
8940,121
14084,121
12724,121
8299,121
2693,121
13927,121
11795,121
1501,121
8007,121
4749,121
10472,121
6606,121
5959,121
13728,121
1129,121
10257,121
555,121
4784,121
14217,121
10736,121
965,121
6844,121
13051,121
8800,121
3081,121
4192,121
10633,121
542,121
5048,121
9317,121
5137,121
12005,121
14975,121
11899,121
2936,121
7052,121
6296,121
8385,121
3253,121
13130,121
7861,121
2482,121
1563,121
9129,121
7199,121
13329,121
11081,121
3166,121
12928,121
13142,121
13,121
10354,121
12560,121
4577,121
4757,121
13446,121
9541,121
3366,121
11269,121
6824,121
13819,121
12792,121
14572,121
13458,121
2410,121
4729,121
11398,121
12283,121
9521,121
3019,121
13723,121
7185,121
10379,121
11125,121
2862,121
2897,121
14289,121
7941,121
6886,121
825,121
2358,121
2679,121
5412,121
1176,121
4564,121
12961,121
14741,121
2427,121
10084,121
1592,121
7353,121
7408,121
5202,121
8437,121
12462,121
10420,121
13145,121
14072,121
12790,121
2801,121
3897,121
7589,121
14261,121
5724,121
6025,121
12540,121
84,121
12329,121
1618,121
10558,121
11843,121
5322,121
7425,121
8157,121
9818,121
7822,121
3953,121
13518,121
3215,121
8167,121
9611,121
9883,121
373,121
11231,121
6165,121
14108,121
9320,121
855,121
13547,121
6846,121
8778,121
4333,121
8546,121
10716,121
7360,121
8923,121
12685,121
348,121
8573,121
8093,121
11984,121
12886,121
5528,121
6881,121
1875,121
6060,121
1652,121
251,121
12839,121
11155,121
9594,121
5043,121
3140,121
2244,121
4823,121
8685,121
11381,121
5486,121
4202,121
3608,121
7966,121
11608,121
13068,121
11206,121
10875,121
814,121
13092,121
8153,121
8021,121
3015,121
1405,121
14190,121
13918,121
816,121
10201,121
4704,121
12578,121
5619,121
13905,121
12861,121
12967,121
11388,121
2180,121
12248,121
13138,121
9125,121
11613,121
13218,121
5975,121
13585,121
6683,121
8880,121
3888,121
7664,121
11347,121
11214,121
13183,121
105,121
9607,121
12526,121
4262,121
12339,121
7395,121
1331,121
13419,121
9038,121
10468,121
2420,121
3985,121
10484,121
12607,121
8853,121
12567,121
3611,121
4340,121
12958,121
9494,121
12,121
4787,121
2262,121
8816,121
12387,121
12139,121
11458,121
12731,121
2288,121
9195,121
13219,121
876,121
11760,121
8998,121
586,121
14697,121
10182,121
8949,121
10062,121
2547,121
14082,121
8152,121
12770,121
3161,121
1685,121
12181,121
8458,121
12698,121
3560,121
14305,121
8368,121
13726,121
12718,121
12606,121
8745,121
8835,121
1292,121
6534,121
12697,121
6142,121
11977,121
1435,121
2363,121
4519,121
3925,121
6162,121
9996,121
12052,121
12565,121
2728,121
6603,121
6798,121
10755,121
3916,121
680,121
6170,121
9634,121
9780,121
1228,121
13028,121
7335,121
12432,121
5489,121
13534,121
6109,121
13777,121
5917,121
14765,121
40,121
10226,121
8660,121
8485,121
11832,121
14861,121
9244,121
4172,121
1859,121
2639,121
9187,121
11111,121
9264,121
13311,121
9057,121
9518,121
4312,121
11663,121
13222,121
13314,121
8232,121
13695,121
7890,121
8639,121
2790,121
13507,121
5285,121
13954,121
11745,121
10301,121
4706,121
5410,121
4401,121
7654,121
9192,121
13051,122
8800,122
1792,122
7690,122
1644,122
6036,122
1572,122
8530,122
314,122
1740,122
7171,122
7684,122
13510,122
5048,122
13696,122
4591,122
9317,122
10930,122
7260,122
8289,122
10608,122
10330,122
12005,122
2799,122
8215,122
9701,122
7613,122
14975,122
2936,122
13503,122
6296,122
5143,122
10018,122
2583,122
13538,122
10761,122
7861,122
9776,122
599,122
5633,122
5198,122
12828,122
13614,122
1563,122
157,122
12210,122
2948,122
8912,122
6480,122
11736,122
8274,122
9622,122
7199,122
5799,122
9185,122
4042,122
10387,122
9276,122
13329,122
7543,122
12688,122
5429,122
10922,122
6248,122
8422,122
12894,122
14491,122
10294,122
2716,122
3761,122
12336,122
13,122
10354,122
3150,122
4577,122
9514,122
9485,122
12092,122
13446,122
9541,122
4014,122
3366,122
10658,122
11269,122
4642,122
13819,122
9817,122
3819,122
12792,122
3842,122
11235,122
14572,122
776,122
13552,122
1345,122
2410,122
3519,122
13432,122
13217,122
2607,122
12287,122
13657,122
12283,122
13153,122
9521,122
4754,122
4096,122
2667,122
9237,122
3265,122
10919,122
9005,122
9606,122
10154,122
9703,122
6758,122
7579,122
2258,122
13723,122
12488,122
7185,122
10594,122
12412,122
11365,122
4720,122
10379,122
476,122
4517,122
12897,122
2862,122
2122,122
4186,122
12973,122
10447,122
10413,122
12695,122
2358,122
13223,122
5647,122
4732,122
5412,122
5942,122
8253,122
12459,122
5807,122
10603,122
14662,122
1176,122
11024,122
900,122
9803,122
12961,122
14671,122
2694,122
9740,122
389,122
3680,122
7759,122
9710,122
5312,122
11281,122
4149,122
10585,122
12871,122
9492,122
20,122
5077,122
7408,122
13834,122
5202,122
8751,122
13476,122
8437,122
11399,122
12462,122
10420,122
10577,122
13145,122
11957,122
11363,122
13204,122
11425,122
11439,122
14229,122
10089,122
2325,122
2285,122
10692,122
4099,122
12002,122
4845,122
7245,122
5154,122
12790,122
2801,122
5699,122
12176,122
2273,122
11717,122
459,122
5724,122
6025,122
10367,122
13199,122
12540,122
12105,122
13799,122
53,122
12174,122
14417,122
1618,122
6879,122
11843,122
1406,122
10568,122
10806,122
3609,122
13387,122
12085,122
12951,122
5322,122
11016,122
9371,122
8488,122
10752,122
14691,122
7425,122
13966,122
7007,122
8441,122
2289,122
8157,122
14301,122
14778,122
475,122
10648,122
8865,122
13736,122
12788,122
4632,122
10072,122
14629,122
3215,122
10057,122
9611,122
7215,122
9883,122
4717,122
2369,122
11231,122
6165,122
12664,122
9320,122
11989,122
13881,122
1296,122
13410,122
855,122
7619,122
6539,122
13547,122
8787,122
4333,122
14679,122
13261,122
2622,122
8533,122
9071,122
10236,122
14525,122
8546,122
8206,122
13352,122
1161,122
9501,122
5095,122
7360,122
13450,122
7499,122
8923,122
13177,122
12685,122
7915,122
4436,122
13581,122
13702,122
14212,122
9662,122
1680,122
3457,122
1986,122
14219,122
8093,122
9694,122
2856,122
10635,122
3580,122
13987,122
5804,122
12885,122
11833,122
13887,122
7639,122
2422,122
829,122
14477,122
12886,122
5528,122
4036,122
6881,122
1875,122
914,122
6060,122
8738,122
1652,122
14109,122
13302,122
13281,122
5635,122
9326,122
251,122
12839,122
12585,122
11155,122
9594,122
4020,122
7417,122
1396,122
4838,122
2244,122
4823,122
6747,122
4683,122
8685,122
8188,122
11381,122
10707,122
230,122
5486,122
11014,122
12937,122
4202,122
7683,122
5860,122
8247,122
3608,122
10456,122
5907,122
10503,122
13198,122
2652,122
11665,122
11206,122
1003,122
501,122
10875,122
12417,122
8544,122
814,122
1275,122
6478,122
2182,122
1405,122
5051,122
3881,122
14190,122
13918,122
816,122
3706,122
4704,122
9616,122
12861,122
14656,122
13562,122
2180,122
12342,122
9502,122
12449,122
10402,122
9125,122
11613,122
9151,122
5514,122
9530,122
8958,122
13218,122
8995,122
6683,122
5208,122
8880,122
9045,122
3888,122
8026,122
11347,122
8443,122
14399,122
4856,122
13183,122
13829,122
3602,122
12526,122
3841,122
12452,122
12126,122
3131,122
11383,122
9262,122
4262,122
7395,122
1331,122
6686,122
11907,122
12575,122
9038,122
92,122
3985,122
2566,122
387,122
12196,122
1813,122
2782,122
733,122
12607,122
8853,122
8885,122
10675,122
13628,122
12567,122
3611,122
2205,122
5384,122
12345,122
11456,122
9549,122
9494,122
9664,122
7873,122
12,122
728,122
13845,122
4787,122
13104,122
14702,122
7355,122
13100,122
7343,122
12846,122
2262,122
8013,122
12972,122
4509,122
399,122
8983,122
8587,122
12907,122
10230,122
6120,122
10971,122
8816,122
8127,122
6082,122
12387,122
14786,122
12539,122
12139,122
5603,122
5451,122
1323,122
1955,122
12731,122
6956,122
14736,122
3879,122
13694,122
5971,122
9199,122
5943,122
9513,122
1172,122
9786,122
4035,122
10045,122
1117,122
620,122
12956,122
2288,122
6140,122
553,122
6066,122
13219,122
876,122
9804,122
9095,122
4734,122
13022,122
6041,122
14238,122
14419,122
8998,122
14697,122
1295,122
13395,122
10366,122
10182,122
8208,122
9967,122
8505,122
8850,122
12169,122
14387,122
10062,122
6135,122
8152,122
12770,122
9207,122
3161,122
4516,122
12181,122
8458,122
13288,122
12698,122
9548,122
7735,122
14305,122
5781,122
4674,122
1261,122
11109,122
523,122
13096,122
14147,122
3681,122
13726,122
12718,122
8745,122
11696,122
10130,122
11043,122
6534,122
11637,122
8135,122
2959,122
11361,122
10306,122
13813,122
11977,122
1435,122
7324,122
2363,122
6162,122
6966,122
12565,122
10540,122
2728,122
6798,122
14218,122
10755,122
10109,122
3916,122
680,122
6170,122
9634,122
13911,122
862,122
3483,122
9565,122
1288,122
8968,122
10954,122
12432,122
10258,122
11193,122
6109,122
13777,122
7597,122
1957,122
3268,122
4568,122
10303,122
14765,122
298,122
8244,122
6528,122
8660,122
14756,122
14531,122
12779,122
2815,122
9244,122
3674,122
13771,122
1234,122
4172,122
12234,122
2430,122
4578,122
12878,122
5653,122
11263,122
2639,122
11111,122
11838,122
2025,122
3968,122
8940,122
14084,122
13776,122
12175,122
9518,122
4312,122
12724,122
8299,122
2693,122
11663,122
11786,122
13927,122
5696,122
6037,122
12230,122
2183,122
4749,122
10472,122
11534,122
6606,122
13314,122
5959,122
9806,122
8639,122
2790,122
13507,122
1591,122
9209,122
1129,122
13823,122
10257,122
13954,122
11745,122
6752,122
5262,122
965,122
460,122
2595,122
4706,122
5410,122
9939,122
1424,122
6844,122
13051,123
8800,123
1792,123
7690,123
1644,123
8530,123
314,123
1740,123
7684,123
13510,123
5048,123
4591,123
9317,123
7260,123
8289,123
10608,123
10330,123
12005,123
2799,123
8215,123
9701,123
7613,123
14975,123
2936,123
13503,123
6296,123
5143,123
10018,123
2583,123
13538,123
7861,123
9776,123
599,123
5633,123
5198,123
12828,123
13614,123
1563,123
12210,123
8912,123
6480,123
11736,123
8274,123
7199,123
5799,123
9185,123
4042,123
13329,123
7543,123
5429,123
6248,123
8422,123
14491,123
10294,123
3761,123
12336,123
13,123
10354,123
3150,123
4577,123
9514,123
9485,123
12092,123
9541,123
4014,123
3366,123
11269,123
4642,123
13819,123
9817,123
3842,123
11235,123
14572,123
13552,123
1345,123
2410,123
3519,123
13432,123
2607,123
12287,123
13657,123
12283,123
13153,123
4754,123
2667,123
9237,123
3265,123
9005,123
9606,123
10154,123
9703,123
6758,123
7579,123
2258,123
13723,123
7185,123
10594,123
12412,123
11365,123
4720,123
12897,123
2862,123
2122,123
4186,123
13223,123
5647,123
4732,123
5412,123
5942,123
8253,123
12459,123
5807,123
10603,123
14662,123
11024,123
900,123
12961,123
14671,123
2694,123
9740,123
389,123
3680,123
7759,123
9710,123
5312,123
4149,123
12871,123
20,123
5077,123
7408,123
5202,123
13476,123
8437,123
11399,123
10420,123
10577,123
11957,123
11363,123
13204,123
11425,123
14229,123
2325,123
2285,123
10692,123
12002,123
5154,123
7245,123
2801,123
5699,123
12176,123
2273,123
11717,123
459,123
5724,123
6025,123
10367,123
13199,123
12540,123
13799,123
53,123
12174,123
1618,123
6879,123
11843,123
1406,123
10568,123
10806,123
13387,123
12085,123
12951,123
5322,123
9371,123
8488,123
10752,123
7425,123
7007,123
8441,123
2289,123
8157,123
475,123
10648,123
8865,123
12788,123
10072,123
14629,123
3215,123
9611,123
7215,123
9883,123
2369,123
11231,123
6165,123
11989,123
13410,123
855,123
6539,123
13547,123
8787,123
13261,123
2622,123
8533,123
9071,123
10236,123
8546,123
8206,123
13352,123
1161,123
5095,123
7360,123
13450,123
7499,123
13177,123
12685,123
7915,123
4436,123
13702,123
14212,123
9662,123
1680,123
3457,123
1986,123
8093,123
5804,123
12885,123
11833,123
7639,123
6881,123
12886,123
1875,123
4036,123
8738,123
1652,123
14109,123
13302,123
13281,123
5635,123
9326,123
251,123
12585,123
11155,123
4020,123
7417,123
1396,123
4838,123
2244,123
4823,123
6747,123
8188,123
11381,123
10707,123
5486,123
11014,123
12937,123
4202,123
5860,123
3608,123
5907,123
10503,123
11665,123
11206,123
1003,123
12417,123
8544,123
1275,123
6478,123
2182,123
1405,123
3881,123
3706,123
4704,123
12861,123
14656,123
12342,123
9502,123
12449,123
10402,123
11613,123
9151,123
5514,123
13218,123
8995,123
6683,123
5208,123
8880,123
9045,123
3888,123
8026,123
8443,123
14399,123
13183,123
3602,123
12526,123
3841,123
12452,123
3131,123
11383,123
9262,123
4262,123
7395,123
1331,123
6686,123
11907,123
12575,123
9038,123
92,123
3985,123
2566,123
387,123
2782,123
733,123
8853,123
8885,123
10675,123
13628,123
3611,123
2205,123
5384,123
12345,123
11456,123
9494,123
9664,123
7873,123
12,123
728,123
13845,123
4787,123
13104,123
7355,123
12846,123
8013,123
12972,123
4509,123
399,123
8983,123
12907,123
6120,123
8816,123
8127,123
12387,123
14786,123
12139,123
5603,123
5451,123
1323,123
1955,123
12731,123
6956,123
3879,123
13694,123
9199,123
9513,123
1172,123
9786,123
4035,123
10045,123
1117,123
12956,123
6140,123
553,123
6066,123
9804,123
9095,123
4734,123
13022,123
14238,123
8998,123
14697,123
1295,123
10366,123
10182,123
8208,123
9967,123
8850,123
12169,123
14387,123
10062,123
8152,123
9207,123
4516,123
12181,123
13288,123
12698,123
9548,123
4674,123
1261,123
11109,123
523,123
3681,123
13726,123
12718,123
8745,123
11696,123
10130,123
11043,123
11637,123
13813,123
11977,123
1435,123
2363,123
6162,123
6966,123
12565,123
10540,123
2728,123
14218,123
10755,123
680,123
6170,123
9634,123
13911,123
862,123
9565,123
1288,123
8968,123
12432,123
10258,123
11193,123
6109,123
13777,123
1957,123
3268,123
4568,123
14765,123
298,123
8244,123
6528,123
8660,123
14531,123
2815,123
9244,123
3674,123
13771,123
4172,123
12234,123
2430,123
4578,123
12878,123
5653,123
11263,123
2639,123
11111,123
11838,123
2025,123
3968,123
14084,123
13776,123
12175,123
9518,123
4312,123
8299,123
2693,123
11786,123
13927,123
5696,123
6037,123
12230,123
2183,123
4749,123
10472,123
13314,123
9806,123
8639,123
2790,123
13507,123
1591,123
9209,123
1129,123
10257,123
13954,123
11745,123
5262,123
965,123
460,123
2595,123
4706,123
5410,123
1424,123
6844,123
1176,124
8505,124
9803,124
6036,124
1572,124
7171,124
12839,124
6135,124
12770,124
3161,124
9594,124
11281,124
13696,124
8458,124
10585,124
4683,124
10930,124
9492,124
8685,124
230,124
13834,124
7735,124
14305,124
8751,124
5781,124
7683,124
8247,124
12462,124
10456,124
13145,124
13198,124
2652,124
13096,124
14147,124
501,124
11439,124
10875,124
10089,124
814,124
6534,124
5051,124
8135,124
4099,124
14190,124
13918,124
10761,124
816,124
2959,124
4845,124
11361,124
12790,124
9616,124
10306,124
7324,124
13395,124
13562,124
2180,124
157,124
9125,124
6798,124
2948,124
9530,124
8958,124
9622,124
12105,124
10109,124
3916,124
10387,124
9276,124
11347,124
3483,124
12688,124
4856,124
14417,124
10954,124
10922,124
13829,124
12126,124
3609,124
11016,124
12894,124
7597,124
10303,124
14691,124
2716,124
13966,124
14301,124
12196,124
14778,124
1813,124
13446,124
12607,124
14756,124
12779,124
10658,124
13736,124
4632,124
12567,124
1234,124
10057,124
12792,124
3819,124
776,124
9549,124
4717,124
14702,124
13100,124
12664,124
9320,124
7343,124
2262,124
13881,124
1296,124
7619,124
13217,124
8587,124
10230,124
8940,124
10971,124
4333,124
14679,124
9521,124
12724,124
6082,124
4096,124
12539,124
11663,124
10919,124
14525,124
9501,124
12488,124
11534,124
14736,124
6606,124
5971,124
10379,124
8923,124
5943,124
5959,124
476,124
4517,124
13581,124
620,124
2288,124
13823,124
12973,124
10447,124
14219,124
9694,124
2856,124
10413,124
10635,124
13219,124
3580,124
876,124
13987,124
6752,124
12695,124
2358,124
13887,124
2422,124
14477,124
829,124
5528,124
6041,124
14419,124
914,124
9939,124
6060,124
879,125
3081,125
4192,125
10633,125
11216,125
8545,125
3125,125
542,125
10850,125
11948,125
10287,125
13085,125
4108,125
10508,125
10986,125
7418,125
1448,125
4575,125
1640,125
11267,125
13064,125
5137,125
12613,125
13530,125
10443,125
6741,125
596,125
11851,125
9642,125
325,125
10741,125
14294,125
11899,125
935,125
68,125
480,125
7052,125
8120,125
3696,125
9418,125
8385,125
3253,125
12723,125
13130,125
613,125
14794,125
6293,125
2482,125
3347,125
8869,125
10021,125
14461,125
7184,125
9927,125
14591,125
9129,125
13797,125
8509,125
10002,125
11081,125
2649,125
2423,125
14016,125
11240,125
3166,125
12763,125
10478,125
1189,125
9596,125
12928,125
9958,125
2757,125
13209,125
7545,125
12906,125
10562,125
13661,125
6470,125
13142,125
4614,125
11325,125
12560,125
11813,125
12476,125
4757,125
5529,125
2223,125
6824,125
8125,125
10028,125
9364,125
9342,125
13458,125
693,125
9509,125
6612,125
4729,125
12672,125
8814,125
745,125
4921,125
11398,125
2984,125
8352,125
3019,125
7411,125
13543,125
6605,125
1996,125
12486,125
5391,125
4681,125
5005,125
2072,125
4966,125
10784,125
9637,125
11974,125
8427,125
13617,125
11125,125
13991,125
2203,125
11066,125
8675,125
9145,125
9603,125
2897,125
12482,125
10601,125
8849,125
9793,125
14289,125
7941,125
6886,125
10849,125
825,125
2679,125
13440,125
2929,125
1192,125
14352,125
9397,125
12867,125
9567,125
4564,125
13053,125
6412,125
9623,125
32,125
1530,125
12714,125
4141,125
13832,125
13816,125
6926,125
14741,125
2736,125
9499,125
2427,125
11749,125
10084,125
1592,125
10202,125
7353,125
5287,125
10205,125
10557,125
7201,125
11923,125
10460,125
7169,125
14072,125
2543,125
11352,125
13814,125
11912,125
2835,125
14507,125
234,125
6155,125
7473,125
13265,125
4234,125
12084,125
95,125
5814,125
2329,125
2089,125
2578,125
3897,125
9625,125
13682,125
4097,125
7589,125
3153,125
11062,125
8889,125
14261,125
11827,125
402,125
9801,125
10518,125
13907,125
6942,125
9205,125
13727,125
2691,125
11468,125
5874,125
10949,125
760,125
84,125
12405,125
12329,125
13567,125
10558,125
12650,125
6745,125
10654,125
13408,125
1576,125
3878,125
781,125
11379,125
1155,125
7427,125
6572,125
9818,125
4740,125
2719,125
14603,125
7822,125
10802,125
3953,125
13518,125
1325,125
8167,125
373,125
9608,125
6369,125
1973,125
11179,125
14974,125
11755,125
14108,125
11893,125
7856,125
4818,125
10244,125
6846,125
12926,125
14580,125
8778,125
13385,125
8065,125
9574,125
13747,125
14621,125
708,125
13759,125
3313,125
10716,125
6970,125
4572,125
12334,125
5515,125
11657,125
2168,125
1992,125
104,125
10168,125
13479,125
2761,125
10642,125
3338,125
4482,125
14770,125
14191,125
5209,125
348,125
10758,125
8573,125
322,125
6826,125
7974,125
2979,125
155,125
8765,125
4087,125
11984,125
889,125
4054,125
13149,125
6619,125
7303,125
3996,125
2565,125
13831,125
4877,125
12993,125
10801,125
1078,125
2148,125
3267,125
9498,125
5043,125
3140,125
9476,125
7178,125
13118,125
10693,125
10616,125
7633,125
14268,125
11389,125
11465,125
4744,125
6043,125
4702,125
7966,125
4107,125
12108,125
7990,125
3450,125
11608,125
13229,125
13068,125
9885,125
13092,125
11903,125
8153,125
242,125
6923,125
14188,125
8021,125
3959,125
3015,125
9836,125
10989,125
10208,125
10201,125
2042,125
12860,125
13972,125
12578,125
5619,125
2817,125
13905,125
13577,125
13373,125
8053,125
6532,125
5680,125
12967,125
11388,125
1107,125
9506,125
4755,125
12248,125
13178,125
13138,125
10800,125
6685,125
236,125
13456,125
2858,125
8525,125
9909,125
11484,125
10666,125
5975,125
13585,125
2487,125
295,125
7664,125
13873,125
11214,125
1039,125
105,125
14361,125
3791,125
9989,125
12302,125
9607,125
14537,125
13913,125
7067,125
12339,125
5818,125
1988,125
8576,125
13419,125
972,125
10468,125
2420,125
14781,125
6328,125
8647,125
5032,125
5629,125
13119,125
11703,125
4413,125
479,125
10717,125
14081,125
2394,125
11256,125
12542,125
14246,125
10484,125
2826,125
13677,125
10153,125
3511,125
14014,125
3303,125
13666,125
4340,125
12958,125
1863,125
11376,125
9111,125
10346,125
9147,125
703,125
11266,125
7934,125
14074,125
1194,125
12946,125
9259,125
10494,125
13258,125
10955,125
10313,125
11588,125
11816,125
252,125
3932,125
2795,125
11458,125
12931,125
811,125
12380,125
7064,125
2535,125
10041,125
12595,125
14823,125
7955,125
6334,125
10714,125
9568,125
12157,125
9195,125
506,125
3285,125
2281,125
11760,125
13073,125
5365,125
586,125
1945,125
4999,125
836,125
6628,125
5363,125
10581,125
8949,125
2253,125
292,125
2547,125
12896,125
14082,125
11238,125
3742,125
1685,125
11625,125
543,125
2098,125
7711,125
9362,125
9539,125
13350,125
11691,125
13568,125
5571,125
3560,125
4349,125
11492,125
6324,125
2942,125
1287,125
1416,125
9332,125
1827,125
14174,125
3367,125
8368,125
1136,125
11809,125
4319,125
12606,125
8229,125
9838,125
8835,125
5159,125
1292,125
5041,125
13425,125
10754,125
4669,125
973,125
2673,125
9333,125
12697,125
10209,125
1366,125
1500,125
6142,125
10027,125
12821,125
4519,125
3365,125
3925,125
9996,125
2116,125
12052,125
6603,125
14143,125
14414,125
9962,125
13486,125
9181,125
8104,125
9780,125
1648,125
691,125
1228,125
13028,125
4716,125
11743,125
14185,125
7335,125
9749,125
12865,125
9192,125
11805,125
5489,125
13534,125
14711,125
9463,125
8658,125
9469,125
13341,125
3905,125
5917,125
13515,125
9347,125
40,125
10226,125
11754,125
6193,125
8485,125
5957,125
10022,125
11832,125
14397,125
14861,125
13811,125
10314,125
14122,125
8290,125
1859,125
1990,125
3520,125
7078,125
7537,125
13396,125
7208,125
9308,125
9187,125
4159,125
2465,125
2026,125
3196,125
9264,125
9991,125
14345,125
13311,125
14398,125
9057,125
6593,125
7373,125
11795,125
13222,125
1501,125
8007,125
10742,125
10947,125
8232,125
9981,125
13728,125
13695,125
10079,125
12887,125
7890,125
2828,125
6112,125
5285,125
555,125
4784,125
14217,125
10301,125
12577,125
10736,125
1799,125
5107,125
368,125
4401,125
7654,125
13426,125
13591,125
879,126
3081,126
7303,126
4564,126
13053,126
2565,126
4877,126
10581,126
12993,126
32,126
2253,126
2547,126
4141,126
13426,126
10287,126
6926,126
14741,126
11238,126
3742,126
2736,126
9499,126
2427,126
9476,126
10508,126
11749,126
7178,126
11625,126
543,126
13118,126
10693,126
10202,126
2098,126
4575,126
1640,126
9362,126
5571,126
11267,126
13064,126
5137,126
12613,126
6324,126
2942,126
13530,126
1416,126
596,126
11923,126
10460,126
325,126
7169,126
1136,126
13229,126
9885,126
11899,126
2835,126
13092,126
3696,126
14507,126
8153,126
242,126
8835,126
9418,126
14188,126
95,126
8021,126
3959,126
5041,126
10754,126
5814,126
10989,126
12723,126
2089,126
10209,126
1366,126
6142,126
3897,126
12821,126
7589,126
4519,126
9996,126
12967,126
8889,126
1107,126
9506,126
402,126
14461,126
4755,126
13138,126
14414,126
9962,126
6685,126
8525,126
13486,126
9927,126
9909,126
14591,126
11484,126
9129,126
10666,126
9181,126
6942,126
13797,126
13585,126
13727,126
5874,126
10002,126
11081,126
10949,126
11214,126
11743,126
12405,126
13567,126
7335,126
105,126
12865,126
3166,126
12763,126
3791,126
9989,126
9192,126
13534,126
1576,126
1189,126
13913,126
14711,126
7067,126
9463,126
8658,126
13341,126
12339,126
972,126
10562,126
10468,126
2420,126
6470,126
4614,126
8647,126
10226,126
12476,126
11703,126
11256,126
10717,126
8485,126
5529,126
5957,126
10022,126
14397,126
2719,126
14603,126
14122,126
6824,126
3953,126
13666,126
8167,126
1863,126
11376,126
13458,126
6369,126
9111,126
1973,126
7078,126
7208,126
9308,126
14974,126
4159,126
14108,126
2465,126
703,126
11893,126
11266,126
7856,126
7934,126
9509,126
4729,126
4818,126
9991,126
13311,126
8814,126
11398,126
6846,126
9057,126
13258,126
10955,126
13385,126
10313,126
8065,126
11588,126
9574,126
14621,126
7373,126
6605,126
11795,126
2795,126
1996,126
11458,126
6970,126
4572,126
12931,126
10742,126
811,126
12380,126
11657,126
1992,126
9981,126
13479,126
2761,126
2535,126
2203,126
10041,126
7890,126
3338,126
14770,126
348,126
9145,126
5209,126
10758,126
2897,126
12482,126
10714,126
9195,126
555,126
322,126
6826,126
506,126
14289,126
10301,126
10736,126
10849,126
825,126
2281,126
11760,126
11984,126
889,126
1192,126
14352,126
9397,126
4401,126
12867,126
1945,126
4999,126
6628,126
4192,127
10633,127
11216,127
8545,127
3125,127
542,127
10850,127
11948,127
13085,127
4108,127
10986,127
7418,127
1448,127
10443,127
6741,127
11851,127
9642,127
10741,127
14294,127
935,127
68,127
480,127
7052,127
8120,127
8385,127
3253,127
13130,127
613,127
14794,127
6293,127
2482,127
3347,127
8869,127
10021,127
7184,127
8509,127
2649,127
2423,127
14016,127
11240,127
10478,127
9596,127
12928,127
9958,127
2757,127
13209,127
7545,127
12906,127
13661,127
13142,127
11325,127
12560,127
11813,127
4757,127
2223,127
8125,127
10028,127
9364,127
9342,127
693,127
6612,127
12672,127
745,127
4921,127
2984,127
8352,127
3019,127
7411,127
13543,127
12486,127
5391,127
4681,127
5005,127
2072,127
4966,127
10784,127
9637,127
11974,127
8427,127
13617,127
11125,127
13991,127
11066,127
8675,127
9603,127
10601,127
8849,127
9793,127
7941,127
6886,127
2679,127
13440,127
2929,127
9567,127
6412,127
9623,127
1530,127
12714,127
13832,127
13816,127
10084,127
1592,127
7353,127
5287,127
10205,127
10557,127
7201,127
14072,127
2543,127
11352,127
11912,127
234,127
6155,127
7473,127
13265,127
4234,127
12084,127
2329,127
2578,127
9625,127
13682,127
4097,127
3153,127
11062,127
14261,127
11827,127
9801,127
10518,127
13907,127
9205,127
2691,127
11468,127
760,127
84,127
12329,127
10558,127
12650,127
6745,127
10654,127
13408,127
3878,127
781,127
11379,127
1155,127
7427,127
6572,127
9818,127
4740,127
7822,127
10802,127
13518,127
1325,127
373,127
9608,127
11179,127
11755,127
10244,127
12926,127
14580,127
8778,127
13747,127
708,127
13759,127
3313,127
10716,127
12334,127
5515,127
2168,127
104,127
10168,127
10642,127
4482,127
14191,127
8573,127
7974,127
2979,127
155,127
8765,127
4087,127
4054,127
13149,127
6619,127
3996,127
13831,127
10801,127
1078,127
2148,127
3267,127
9498,127
5043,127
3140,127
10616,127
7633,127
14268,127
11389,127
11465,127
4744,127
6043,127
4702,127
7966,127
4107,127
12108,127
7990,127
3450,127
11608,127
13068,127
11903,127
6923,127
3015,127
9836,127
10208,127
10201,127
2042,127
12860,127
13972,127
12578,127
5619,127
2817,127
13905,127
13577,127
13373,127
8053,127
6532,127
5680,127
11388,127
12248,127
13178,127
10800,127
236,127
13456,127
2858,127
5975,127
2487,127
295,127
7664,127
13873,127
1039,127
14361,127
12302,127
9607,127
14537,127
5818,127
1988,127
8576,127
13419,127
14781,127
6328,127
5032,127
5629,127
13119,127
4413,127
479,127
2394,127
14081,127
12542,127
14246,127
10484,127
2826,127
13677,127
10153,127
3511,127
14014,127
3303,127
4340,127
12958,127
10346,127
9147,127
14074,127
1194,127
12946,127
9259,127
10494,127
11816,127
252,127
3932,127
7064,127
12595,127
14823,127
7955,127
6334,127
9568,127
12157,127
3285,127
13073,127
5365,127
586,127
836,127
5363,127
8949,127
292,127
12896,127
14082,127
1685,127
7711,127
11691,127
9539,127
13350,127
13568,127
3560,127
4349,127
11492,127
1287,127
1827,127
9332,127
3367,127
14174,127
8368,127
11809,127
4319,127
12606,127
8229,127
9838,127
5159,127
1292,127
13425,127
4669,127
973,127
2673,127
9333,127
12697,127
1500,127
10027,127
3365,127
3925,127
2116,127
12052,127
6603,127
14143,127
8104,127
9780,127
1648,127
691,127
1228,127
13028,127
4716,127
14185,127
9749,127
11805,127
5489,127
9469,127
3905,127
5917,127
13515,127
9347,127
40,127
11754,127
6193,127
11832,127
14861,127
13811,127
10314,127
8290,127
1859,127
1990,127
3520,127
7537,127
13396,127
9187,127
2026,127
3196,127
9264,127
14345,127
14398,127
6593,127
13222,127
1501,127
8007,127
10947,127
8232,127
13695,127
13728,127
10079,127
12887,127
2828,127
6112,127
5285,127
4784,127
14217,127
12577,127
13591,127
1799,127
5107,127
368,127
7654,127
13814,127
9567,128
4192,128
3996,128
292,128
542,128
12714,128
10850,128
13816,128
14082,128
1685,128
11691,128
7633,128
9539,128
3560,128
7201,128
1287,128
8368,128
7966,128
3367,128
7990,128
11851,128
3450,128
14294,128
12606,128
935,128
6155,128
2329,128
9836,128
10201,128
13972,128
13905,128
2482,128
11062,128
11388,128
11827,128
10518,128
13456,128
5975,128
9205,128
2487,128
12329,128
1039,128
9749,128
5489,128
13408,128
9596,128
9469,128
3905,128
1988,128
13419,128
12906,128
7427,128
9347,128
40,128
5629,128
6572,128
4757,128
14081,128
10484,128
11832,128
3511,128
7822,128
14014,128
3303,128
13518,128
8125,128
1859,128
9342,128
1990,128
3520,128
7537,128
13396,128
9264,128
6612,128
12946,128
4921,128
10494,128
14580,128
6593,128
13759,128
3932,128
10716,128
12334,128
11974,128
13991,128
104,128
12887,128
2828,128
11066,128
6334,128
14191,128
3285,128
4087,128
13073,128
4054,128
6619,129
5363,129
10633,129
8949,129
6412,129
9623,129
11216,129
8545,129
13831,129
3125,129
10801,129
1530,129
12896,129
13832,129
1078,129
11948,129
2148,129
3267,129
13085,129
9498,129
5043,129
4108,129
3140,129
10986,129
7418,129
1448,129
10084,129
1592,129
10616,129
7711,129
7353,129
13350,129
5287,129
14268,129
13568,129
11389,129
4349,129
11465,129
11492,129
10205,129
4744,129
6043,129
10557,129
4702,129
10443,129
1827,129
9332,129
6741,129
4107,129
12108,129
11608,129
14174,129
9642,129
14072,129
2543,129
11352,129
13068,129
11809,129
13814,129
4319,129
10741,129
11912,129
68,129
480,129
8229,129
7052,129
8120,129
234,129
11903,129
9838,129
7473,129
13265,129
4234,129
12084,129
8385,129
6923,129
3015,129
3253,129
5159,129
1292,129
13425,129
4669,129
10208,129
13130,129
973,129
2042,129
2673,129
9333,129
12697,129
12860,129
1500,129
613,129
12578,129
2578,129
5619,129
14794,129
9625,129
6293,129
13682,129
2817,129
4097,129
3347,129
13577,129
3153,129
13373,129
8053,129
6532,129
10027,129
3365,129
5680,129
3925,129
14261,129
2116,129
8869,129
10021,129
12052,129
12248,129
6603,129
9801,129
13178,129
14143,129
10800,129
236,129
7184,129
2858,129
13907,129
8509,129
8104,129
2691,129
11468,129
9780,129
295,129
7664,129
1648,129
691,129
760,129
84,129
2649,129
2423,129
14016,129
13873,129
13028,129
4716,129
11240,129
14185,129
14361,129
10478,129
10558,129
12650,129
6745,129
12302,129
9607,129
10654,129
14537,129
11805,129
12928,129
9958,129
2757,129
13209,129
3878,129
1228,129
5917,129
5818,129
781,129
8576,129
7545,129
13515,129
11379,129
1155,129
13661,129
13142,129
11325,129
14781,129
12560,129
6328,129
11813,129
5032,129
13119,129
11754,129
6193,129
4413,129
9818,129
479,129
2394,129
12542,129
2223,129
14246,129
14861,129
2826,129
4740,129
13677,129
13811,129
10153,129
10314,129
10802,129
8290,129
1325,129
10028,129
9364,129
4340,129
12958,129
373,129
9608,129
10346,129
693,129
9147,129
11179,129
9187,129
11755,129
2026,129
3196,129
14074,129
1194,129
14345,129
12672,129
10244,129
745,129
9259,129
14398,129
12926,129
8778,129
2984,129
8352,129
3019,129
7411,129
13747,129
11816,129
252,129
13543,129
708,129
13222,129
12486,129
3313,129
1501,129
8007,129
5391,129
4681,129
5005,129
2072,129
4966,129
10784,129
9637,129
10947,129
8427,129
13617,129
11125,129
5515,129
7064,129
2168,129
8232,129
10168,129
13695,129
13728,129
10079,129
12595,129
10642,129
14823,129
8675,129
4482,129
7955,129
6112,129
9568,129
5285,129
9603,129
12157,129
10601,129
8849,129
8573,129
4784,129
14217,129
9793,129
7974,129
2979,129
7941,129
155,129
6886,129
12577,129
2679,129
13440,129
8765,129
1799,129
5365,129
2929,129
5107,129
368,129
13149,129
586,129
7654,129
13591,129
836,129
8408,130
4083,130
13070,130
4802,130
7770,130
8282,130
10171,130
12780,130
4682,130
1046,130
5027,130
9173,130
549,130
6242,130
2162,130
3513,130
4863,130
6225,130
6465,130
13815,130
2126,130
5891,130
13061,130
1334,130
11986,130
6422,130
3824,130
9220,130
10100,130
11447,130
11326,130
14774,130
12991,130
1855,130
9854,130
5298,130
7466,130
10436,130
14412,130
9963,130
5136,130
5424,130
12389,130
11737,130
12055,130
6973,130
12445,130
8883,130
11583,130
9761,130
12799,130
11478,130
8054,130
8048,130
6789,130
11252,130
11142,130
4428,130
5691,130
12096,130
3465,130
10227,130
13588,130
694,130
7525,130
9551,130
9023,130
3920,130
14803,130
10685,130
2823,130
4691,130
12424,130
5299,130
4479,130
11159,130
1315,130
610,130
2599,130
12068,130
3107,130
1802,130
9000,130
3238,130
8825,130
8302,130
1916,130
3987,130
3858,130
12048,130
9696,130
14009,130
7972,130
13495,130
6712,130
8662,130
1745,130
2903,130
2397,130
13048,130
9882,130
7605,130
10,130
10916,130
14028,130
7102,130
140,130
3736,130
13238,130
12377,130
12546,130
12407,130
495,130
12443,130
13973,130
6113,130
1353,130
13296,130
14384,130
5156,130
10672,130
4651,130
12038,130
10449,130
5636,130
11386,130
13601,130
3670,130
4238,130
871,130
10377,130
2458,130
6138,130
9040,130
4533,130
4927,130
13579,130
7229,130
12107,130
1577,130
13246,130
4647,130
6955,130
6792,130
12974,130
2470,130
3436,130
12959,130
7283,130
13602,130
7075,130
1001,130
10843,130
13409,130
7697,130
9292,130
3515,130
10428,130
13375,130
9576,130
600,130
8801,130
14449,130
8114,130
3389,130
6581,130
5294,130
9519,130
11212,130
12098,130
6704,130
7818,130
11529,130
7278,130
11435,130
11451,130
12066,130
14369,130
14242,130
9601,130
7696,130
11090,130
1997,130
2775,130
11079,130
4062,130
7186,130
13988,130
10561,130
10826,130
2975,130
4314,130
2200,130
1262,130
11423,130
6306,130
13093,130
1870,130
11738,130
12793,130
1850,130
10234,130
5090,130
3474,130
5176,130
14742,130
13276,130
6868,130
12470,130
14308,130
14233,130
3118,130
8799,130
11047,130
5467,130
6131,130
12131,130
9289,130
2484,130
9511,130
7765,130
8160,130
706,130
5602,130
8959,130
1905,130
1110,130
12009,130
13374,130
7462,130
7113,130
6426,130
10766,130
9660,130
3884,130
3986,130
5187,130
1408,130
11967,130
11927,130
14452,130
12053,130
10059,130
5767,130
9536,130
6850,130
1427,130
10386,130
13798,130
7868,130
4774,130
1370,130
1681,130
10427,130
12761,130
5504,130
5791,130
11704,130
3578,130
11978,130
12999,130
5815,130
8612,130
7279,130
6490,130
11552,130
4904,130
8874,130
10634,130
7476,130
12796,130
2777,130
6938,130
9156,130
12045,130
9482,130
6291,130
12130,130
1790,130
2943,130
5965,130
5922,130
6331,130
4984,130
5367,130
4522,130
9486,130
6883,130
3382,130
9765,130
3666,130
5172,130
14024,130
11532,130
6554,130
5687,130
13208,130
9563,130
2995,130
6700,130
10286,130
11569,130
249,130
4477,130
11416,130
12909,130
12474,130
3361,130
9363,130
11236,130
10148,130
12563,130
13315,130
13550,130
10525,130
12810,130
1763,130
7486,130
881,130
11408,130
5362,130
363,130
2787,130
12299,130
1098,130
5073,130
12990,130
14061,130
724,130
8350,130
12134,130
5211,130
11215,130
8649,130
11671,130
9080,130
11227,130
12876,130
4224,130
12916,130
4573,130
2314,130
8560,130
11220,130
2004,130
12072,130
3003,130
6898,130
4098,130
12910,130
10668,130
11722,130
12682,130
13000,130
11050,130
9254,130
10828,130
3729,130
14339,130
10893,130
10251,130
10142,130
2417,130
12077,130
9723,130
14187,130
3387,130
8624,130
9658,130
12103,130
12930,130
11993,130
418,130
1081,130
6743,130
8696,130
2102,130
12849,130
986,130
4546,130
13066,130
12947,130
697,130
8717,130
5199,130
11466,130
891,130
86,130
9260,130
1069,130
14036,130
1539,130
13670,130
12429,130
11615,130
6267,130
10332,130
7030,130
2662,130
11546,130
6714,130
9059,130
7085,130
13953,130
12984,130
2245,130
10488,130
9390,130
3805,130
9768,130
380,130
5020,130
8291,130
5192,130
13071,130
124,130
681,130
8513,130
647,130
3760,130
9590,130
10748,130
3498,130
3240,130
13957,130
13342,130
9239,130
7319,130
13767,130
6682,130
812,130
11932,130
3746,130
14362,130
2588,130
5731,130
6494,130
3212,130
10351,130
7241,130
3945,130
8595,130
12206,130
3317,130
2446,130
8879,130
7644,130
1535,130
7234,130
12418,130
10722,130
14503,130
11928,130
11130,130
8882,130
14171,130
239,130
10272,130
6409,130
72,130
6958,130
3016,130
8892,130
9987,130
12224,130
14374,130
6159,130
7807,130
12816,130
3175,130
2034,130
5290,130
11582,130
8241,130
12425,130
10523,130
4513,130
5001,130
12901,130
5801,130
6016,130
7986,130
7995,130
11849,130
4073,130
7875,130
13438,130
6936,130
5769,130
10470,130
9789,130
11682,130
2007,130
5770,130
11782,130
3318,130
3432,130
10939,130
5174,130
13749,130
675,130
5227,130
1243,130
12559,130
10878,130
12629,130
3375,130
4887,130
9654,130
830,130
8154,130
7181,130
11567,130
6268,130
12818,130
10105,130
10336,130
3633,130
10953,130
9746,130
1347,130
7606,130
1143,130
1607,130
11702,130
3545,130
13237,130
6176,130
13848,130
7251,130
5099,130
12895,130
7506,130
13769,130
11403,130
10349,130
5688,130
10238,130
7658,130
12689,130
6021,130
8355,130
1878,130
999,130
9759,130
2792,130
13232,130
11471,130
5400,130
13817,130
4542,130
10547,130
6677,130
2769,130
6815,130
7136,130
10196,130
2041,130
5315,130
3488,130
5378,130
12518,130
1608,130
593,130
13137,130
2864,130
8504,130
11580,130
8324,130
2310,130
12242,130
11058,130
801,130
1687,130
12798,130
9643,130
11250,130
4610,130
5802,130
11915,130
3176,130
3675,130
10937,130
5374,130
9938,130
828,130
3952,130
2594,130
10445,130
8851,130
5503,130
77,130
5257,130
13930,130
4131,130
13397,130
6407,130
5170,130
8277,130
6433,130
11768,130
11341,130
13190,130
13041,130
9229,130
3711,130
7640,130
13193,130
3875,130
13370,130
2488,130
10533,130
8592,130
13632,130
3,130
7989,130
14010,130
1667,130
13211,130
7632,130
3056,130
7372,130
11476,130
13411,130
12765,130
2871,130
329,130
11390,130
11878,130
11378,130
767,130
12594,130
2996,130
4357,130
1707,130
186,130
12201,130
11085,130
11823,130
13098,130
4769,130
10836,130
4695,130
8144,130
14179,130
7442,130
12687,130
14436,130
9726,130
3664,130
4285,130
11539,130
11440,130
1365,130
13301,130
7647,130
10777,130
2058,130
4775,130
1165,130
9351,130
7585,130
4122,130
6493,130
12478,130
12892,130
14355,130
1104,130
689,130
9651,130
14341,130
7436,130
892,130
7156,130
14812,130
8342,130
12823,130
10097,130
4870,130
2906,130
13322,130
9464,130
3146,130
1786,130
6392,130
3901,130
10417,130
5196,130
3834,130
5824,130
3705,130
13082,130
11078,130
10900,130
3918,130
13284,130
4227,130
12921,130
12255,130
4252,130
13318,130
8064,130
13946,130
10435,130
13872,130
10111,130
8591,130
2398,130
10350,130
10501,130
8724,130
4082,130
9428,130
5570,130
5898,130
10277,130
13565,130
9379,130
4022,130
13244,130
14068,130
2821,130
10029,130
13952,130
1224,130
8976,130
13820,130
12120,130
11060,130
11097,130
629,130
6678,130
12421,130
4834,130
14173,130
11101,130
10343,130
7327,130
1310,130
8766,130
5428,130
7560,130
9113,130
10053,130
1975,130
2666,130
1401,130
9747,130
4985,130
5827,130
1217,130
13249,130
10911,130
12160,130
9823,130
704,130
4380,130
12480,130
13574,130
2593,130
12035,130
2404,130
6825,130
6356,130
3908,130
2457,130
14142,130
6199,130
4215,130
7239,130
11947,130
8265,130
2702,130
12315,130
13529,130
4813,130
10001,130
6150,130
9525,130
378,130
12711,130
4506,130
7124,130
11443,130
8797,130
13031,130
111,130
14639,130
11317,130
14909,130
13382,130
5805,130
885,130
1082,130
14581,130
120,130
3217,130
83,130
2932,130
6498,130
12236,130
9908,130
640,130
4361,130
7572,130
121,130
5158,130
470,130
3354,130
240,130
3306,130
8098,130
10845,130
5554,130
3715,130
7340,130
13277,130
6362,130
285,130
10535,130
10906,130
1438,130
11295,130
9964,130
4366,130
10492,130
1589,130
12927,130
5124,130
13804,130
14121,130
3822,130
4088,130
13931,130
6149,130
10119,130
4004,130
13962,130
13781,130
10606,130
13786,130
9855,130
7997,130
8843,130
9943,130
11683,130
11787,130
10078,130
6925,130
9163,130
3835,130
9277,130
6081,130
8356,130
3859,130
13295,130
6399,130
10505,130
12021,130
10582,130
10888,130
5909,130
4396,130
2549,130
13412,130
10442,130
6363,130
11495,130
5869,130
3891,130
5035,130
8780,130
1473,130
2015,130
11719,130
4628,130
2341,130
481,130
6450,130
7474,130
1316,130
14077,130
4383,130
13140,130
13597,130
2907,130
13652,130
13945,130
12893,130
7429,130
1774,130
5735,130
13035,130
611,130
14249,130
13744,130
3290,130
3668,130
9800,130
5004,130
14415,130
7059,130
6540,130
6247,130
7531,130
12113,130
10897,130
14111,130
8072,130
3162,130
10837,130
4638,130
6358,130
14865,130
10288,130
5989,130
1019,130
3417,130
8862,130
13010,130
2313,130
12148,130
7559,130
8919,130
1849,130
3707,130
1441,130
6698,130
2527,130
1944,130
353,130
3839,130
7494,130
8143,130
10690,130
6796,130
7009,130
14332,130
5937,130
11516,130
3825,130
12758,130
6562,130
10310,130
112,130
4727,130
2331,130
13802,130
906,130
10715,130
3445,130
720,130
33,130
10381,130
4180,130
1008,130
9613,130
13310,130
5446,130
9898,130
2695,130
12506,130
13556,130
8528,130
10728,130
1965,130
7410,130
8332,130
7337,130
3242,130
3738,130
12899,130
2045,130
3034,130
1174,130
4637,130
2300,130
13017,130
13869,130
9164,130
560,130
13673,130
5846,130
4212,130
6896,130
3651,130
5465,130
6484,130
6285,130
6434,130
6305,130
692,130
6122,130
10164,130
6167,130
4363,130
6753,130
13430,130
11404,130
10987,130
3309,130
11950,130
7785,130
14083,130
7300,130
10713,130
3496,130
3218,130
8192,130
5300,130
1223,130
14161,130
13571,130
11674,130
3749,130
9235,130
8930,130
10819,130
4508,130
11723,130
3862,130
12012,130
1102,130
13362,130
11774,130
4563,130
4718,130
14046,130
14203,130
1984,130
4475,130
14392,130
10981,130
1619,130
12165,130
10656,130
11135,130
13391,130
5678,130
12525,130
7017,130
5945,130
4442,130
3339,130
803,130
4866,130
8474,130
10290,130
11184,130
10515,130
4565,130
4768,130
7262,130
8600,130
8557,130
13944,130
9644,130
9561,130
4841,130
2492,130
6394,130
12382,130
13221,130
8812,130
6774,130
621,130
5180,130
14210,130
1590,130
4523,130
2319,130
6491,130
5078,130
2061,130
4748,130
13662,130
4448,130
1715,130
14168,130
2317,130
8186,130
2176,130
6666,130
12599,130
14180,130
3528,130
3895,130
2486,130
2880,130
1380,130
9042,130
9699,130
13200,130
8469,130
11129,130
2780,130
7992,130
6379,130
10956,130
7257,130
3860,130
10662,130
6813,130
12192,130
11779,130
2060,130
12325,130
11944,130
10751,130
705,130
11506,130
12455,130
11145,130
7134,130
12704,130
9061,130
9555,130
9298,130
6782,130
1095,130
6350,130
6408,130
11477,130
7930,130
2219,130
8187,130
9791,130
9734,130
2967,130
5823,130
9405,130
4034,130
11939,130
8148,130
9337,130
12437,130
2541,130
11011,130
14040,130
19,130
5810,130
3424,130
13195,130
7404,130
1842,130
10471,130
11084,130
10101,130
10462,130
2873,130
4828,130
10144,130
6602,130
8967,130
14480,130
11504,130
13856,130
3404,130
6355,130
8767,130
6295,130
8957,130
14818,130
6670,130
12019,130
9197,130
8506,130
3031,130
4461,130
4857,130
14385,130
3840,130
1035,130
13540,130
788,130
6924,130
7865,130
6238,130
9335,130
923,130
2760,130
1836,130
9194,130
13773,130
1631,130
11042,130
11064,130
9388,130
9672,130
5901,130
2971,130
1860,130
11594,130
14069,130
2431,130
12651,130
9605,130
6589,130
14234,130
12757,130
765,130
12081,130
3725,130
12957,130
6108,130
860,130
12587,130
5982,130
5310,130
13418,130
12193,130
11772,130
8268,130
2022,130
8817,130
3029,130
8214,130
2336,130
12832,130
2536,130
1857,130
3202,130
14120,130
13772,130
11578,130
13824,130
3294,130
8651,130
4986,130
9252,130
11713,130
5564,130
4962,130
10455,130
1982,130
3593,130
5995,130
9586,130
3144,130
1344,130
12489,130
6092,130
6542,130
10133,130
6859,130
2654,130
1115,130
7671,130
9098,130
14393,130
11653,130
4742,130
14616,130
1871,130
14141,130
2577,130
9512,130
4068,130
3549,130
11784,130
5997,130
7040,130
1987,130
8012,130
13844,130
7945,130
5685,130
7493,130
2685,130
4820,130
5642,130
8249,130
12625,130
2986,130
11568,130
3767,130
8512,130
9356,130
9018,130
11123,130
11664,130
14476,130
12528,130
11053,130
7742,130
9312,130
10775,130
2385,130
2841,130
1210,130
8748,130
10628,130
13358,130
6495,130
14302,130
5430,130
14087,130
1908,130
3207,130
2676,130
1144,130
1341,130
7086,130
13493,130
12637,130
11720,130
11698,130
6911,130
1561,130
8228,130
1388,130
813,130
13436,130
5432,130
11515,130
2698,130
14066,130
8610,130
8666,130
8714,130
4102,130
6451,130
9682,130
11257,130
8004,130
10036,130
6905,130
6388,130
12305,130
4705,130
10345,130
1030,130
4936,130
28,130
8811,130
14678,130
11708,130
2434,130
2471,130
12656,130
1709,130
9500,130
14012,130
9507,130
13885,130
4196,130
12472,130
7894,130
9487,130
4017,130
13381,130
1853,130
13294,130
1061,130
1002,130
11716,130
2879,130
150,130
11086,130
980,130
13690,130
13631,130
14058,130
10552,130
2393,130
11757,130
9219,130
8715,130
7552,130
7081,130
74,130
12316,130
5994,130
13006,130
606,130
5941,130
5263,130
8023,130
8760,130
5318,130
5313,130
4656,130
11285,130
8035,130
7167,130
12058,130
12609,130
341,130
3590,130
4939,130
6610,130
6212,130
9190,130
12550,130
10165,130
11349,130
4499,130
6918,130
2960,130
12295,130
12208,130
11009,130
2784,130
10037,130
10990,130
4906,130
11996,130
9575,130
12279,130
7769,130
13498,130
4782,130
3890,130
5398,130
8494,130
5173,130
1970,130
7978,130
9587,130
13280,130
8105,130
11507,130
6056,130
11581,130
3087,130
11603,130
5286,130
2938,130
5988,130
10498,130
9778,130
10415,130
11178,130
6555,130
5944,130
5036,130
13165,130
4310,130
1550,130
10439,130
2241,130
12624,130
12677,130
4352,130
10532,130
11735,130
11045,130
6990,130
7705,130
4959,130
8615,130
3480,130
7216,130
11803,130
12146,130
5463,130
7810,130
7131,130
3082,130
9893,130
3489,130
3542,130
12003,130
8583,130
11487,130
7255,130
10268,130
12634,130
10942,130
3652,130
10909,130
2490,130
7675,130
13150,130
947,130
6189,130
6166,130
2377,130
4321,130
11393,130
38,130
10818,130
10198,130
5151,130
1872,130
1639,130
4528,130
345,130
247,130
10407,130
11428,130
6132,130
9984,130
12747,130
6382,130
1186,130
4879,130
14381,130
10661,130
5067,130
8585,130
9162,130
544,130
11327,130
10823,130
1183,130
9381,130
4630,130
110,130
11479,130
13940,130
14815,130
3815,130
14795,130
10370,130
6649,130
6127,130
13306,130
6513,130
7815,130
10405,130
685,130
11955,130
644,130
11091,130
5254,130
4865,130
5661,130
5573,130
11541,130
9571,130
12727,130
3439,130
444,130
7774,130
3099,130
11825,130
12987,130
8275,130
11519,130
7775,130
1633,130
11149,130
9208,130
13846,130
5858,130
12963,130
13348,130
12715,130
10458,130
13289,130
9689,130
10853,130
14545,130
7904,130
11968,130
14263,130
13475,130
5147,130
23,130
1578,130
13185,130
1575,130
13746,130
1784,130
1188,130
13854,130
12179,130
8911,130
11574,130
332,130
11426,130
7168,130
10882,130
6674,130
5716,130
5419,130
8864,130
12592,130
6152,130
11549,130
4421,130
10793,130
1708,130
13156,130
9663,130
8781,130
10968,130
2414,130
14157,130
9515,130
1595,130
2752,130
9490,130
1866,130
1964,130
758,130
13544,130
14377,130
11415,130
9830,130
11673,130
12298,130
9708,130
4730,130
5887,130
12065,130
14202,130
12352,130
1586,130
12203,130
224,130
4235,130
8863,130
7666,130
13404,130
12044,130
11917,130
9449,130
8948,130
11369,130
3929,130
1517,130
7016,130
12673,130
9212,130
6362,131
4083,131
5995,131
13342,131
10535,131
4802,131
9239,131
11295,131
9964,131
7319,131
6682,131
4682,131
3746,131
1046,131
5731,131
5124,131
6542,131
6859,131
6242,131
14121,131
2162,131
3513,131
4863,131
10351,131
7671,131
7241,131
6465,131
14393,131
11653,131
3945,131
13962,131
4742,131
8595,131
1871,131
13815,131
14141,131
10606,131
2577,131
12206,131
1334,131
3549,131
11784,131
9855,131
7040,131
1987,131
11986,131
7997,131
8012,131
13844,131
11683,131
11787,131
6925,131
9163,131
7493,131
10100,131
3835,131
2685,131
7234,131
11326,131
5642,131
10722,131
14503,131
9277,131
11928,131
6081,131
11130,131
12625,131
8882,131
14171,131
12991,131
10272,131
1855,131
8356,131
3859,131
7466,131
10436,131
12021,131
3016,131
9018,131
10888,131
5136,131
14476,131
12528,131
4396,131
6159,131
2549,131
13412,131
11053,131
5424,131
9312,131
12389,131
11737,131
12055,131
6363,131
6973,131
11495,131
5869,131
10775,131
12445,131
2841,131
1210,131
8748,131
10628,131
11583,131
8780,131
2015,131
8241,131
7474,131
12799,131
1316,131
14077,131
4513,131
5430,131
11478,131
5001,131
12901,131
5801,131
1908,131
6016,131
3207,131
7986,131
13140,131
13597,131
2676,131
7995,131
11849,131
2907,131
13945,131
11252,131
4073,131
11142,131
1144,131
7875,131
5735,131
13588,131
694,131
6936,131
13035,131
5769,131
10470,131
12637,131
611,131
11682,131
9551,131
3920,131
11782,131
6911,131
3290,131
1561,131
8228,131
1388,131
3432,131
10685,131
5174,131
4691,131
13436,131
675,131
5432,131
4479,131
5227,131
11515,131
1243,131
7059,131
2698,131
6540,131
11159,131
12629,131
830,131
8666,131
6451,131
8154,131
11257,131
3162,131
10036,131
11567,131
6905,131
6388,131
4638,131
6268,131
10288,131
12305,131
1802,131
3633,131
1019,131
9000,131
10345,131
1030,131
10953,131
3417,131
28,131
11708,131
3987,131
3858,131
7606,131
1607,131
12048,131
3545,131
3707,131
2434,131
1441,131
2471,131
13237,131
9212,131
2527,131
1745,131
13048,131
7494,131
8143,131
10690,131
9882,131
5099,131
12895,131
6796,131
10,131
7102,131
14332,131
140,131
13885,131
10349,131
5688,131
3825,131
12472,131
10238,131
3736,131
13238,131
7894,131
12758,131
9487,131
112,131
12407,131
495,131
4727,131
4017,131
3445,131
6021,131
1853,131
33,131
9759,131
13232,131
10381,131
4180,131
13310,131
14384,131
11716,131
2879,131
5446,131
150,131
10672,131
5636,131
6815,131
7136,131
12506,131
2041,131
871,131
5315,131
13631,131
14058,131
5378,131
12518,131
1608,131
2393,131
4533,131
4927,131
7410,131
8332,131
13137,131
3738,131
9219,131
8715,131
7552,131
13246,131
12899,131
6955,131
8504,131
11580,131
74,131
5994,131
13006,131
6792,131
8324,131
2470,131
3436,131
13869,131
13602,131
7075,131
1001,131
13673,131
801,131
606,131
1687,131
5941,131
12798,131
4212,131
3651,131
4610,131
8023,131
5465,131
13409,131
6484,131
6285,131
5802,131
5318,131
7697,131
10937,131
692,131
6122,131
10164,131
4656,131
3952,131
10428,131
11285,131
10445,131
6167,131
4363,131
8851,131
77,131
12058,131
11404,131
10987,131
9576,131
3590,131
3309,131
8801,131
4131,131
8114,131
5170,131
10713,131
3389,131
6212,131
12550,131
6433,131
11768,131
6581,131
5294,131
9519,131
11212,131
11341,131
13190,131
13041,131
11529,131
3711,131
7278,131
14161,131
7640,131
6918,131
2960,131
11674,131
14369,131
14242,131
13370,131
9601,131
8930,131
11090,131
1997,131
2775,131
4508,131
11996,131
14010,131
3890,131
5398,131
8494,131
4062,131
7186,131
7978,131
10561,131
13362,131
11774,131
9587,131
13280,131
4563,131
8105,131
11507,131
7632,131
6056,131
14046,131
14203,131
3056,131
1262,131
1619,131
11476,131
11581,131
11603,131
13093,131
5286,131
329,131
10656,131
11390,131
11878,131
1850,131
11378,131
11135,131
13391,131
767,131
5090,131
12525,131
12594,131
3474,131
7017,131
5176,131
186,131
14742,131
5945,131
11085,131
10415,131
11178,131
12470,131
5944,131
14233,131
3118,131
10290,131
11047,131
13098,131
12687,131
14179,131
5467,131
7442,131
10515,131
2241,131
9726,131
3664,131
4285,131
11539,131
12677,131
2484,131
1365,131
9644,131
9511,131
7647,131
6990,131
2058,131
706,131
5602,131
8959,131
1905,131
1110,131
4959,131
12382,131
13221,131
4122,131
8812,131
3480,131
12009,131
6774,131
7216,131
11803,131
7113,131
12146,131
5463,131
6426,131
3082,131
3489,131
1590,131
3986,131
1408,131
14355,131
689,131
11927,131
14452,131
14341,131
7156,131
10059,131
5767,131
12823,131
10097,131
12634,131
9536,131
1427,131
7868,131
10909,131
4748,131
13322,131
2490,131
1370,131
1681,131
10417,131
5196,131
4448,131
5504,131
6166,131
5791,131
8186,131
2176,131
4321,131
6666,131
12599,131
14180,131
3705,131
11978,131
2880,131
10818,131
5815,131
8612,131
10198,131
5151,131
11078,131
1380,131
10900,131
9042,131
13200,131
8469,131
345,131
10634,131
4227,131
10956,131
9156,131
12045,131
7257,131
9482,131
6291,131
9984,131
1790,131
10662,131
12747,131
6382,131
13946,131
5922,131
6331,131
14381,131
10435,131
5067,131
8585,131
9162,131
13872,131
544,131
12325,131
9486,131
6883,131
705,131
3382,131
10501,131
8724,131
4082,131
9428,131
9381,131
9765,131
4630,131
5898,131
10277,131
9379,131
14815,131
12704,131
6554,131
4022,131
9061,131
13208,131
9563,131
2995,131
9555,131
10286,131
14068,131
10370,131
6649,131
2821,131
249,131
9298,131
6782,131
4477,131
12909,131
13306,131
9363,131
1095,131
6350,131
11060,131
11097,131
629,131
12563,131
685,131
11955,131
4834,131
8187,131
9791,131
9734,131
644,131
5823,131
11408,131
10343,131
7327,131
11939,131
1098,131
8766,131
4865,131
5428,131
7560,131
9113,131
5573,131
11541,131
12437,131
9571,131
12727,131
5211,131
3439,131
1975,131
7774,131
11671,131
3099,131
11227,131
2666,131
7404,131
1842,131
8560,131
7775,131
1633,131
6898,131
10471,131
10101,131
5858,131
13348,131
9689,131
704,131
7904,131
11968,131
6602,131
11722,131
12682,131
12480,131
14480,131
11504,131
3404,131
11050,131
9254,131
13475,131
5147,131
6295,131
14339,131
8957,131
23,131
1578,131
12035,131
2404,131
6670,131
12019,131
8506,131
4461,131
13746,131
14187,131
1784,131
3387,131
8624,131
13854,131
3840,131
11993,131
1081,131
13540,131
12179,131
788,131
8911,131
6924,131
11426,131
6743,131
8696,131
2102,131
12849,131
986,131
7865,131
7168,131
9335,131
10882,131
923,131
2457,131
5419,131
7239,131
8864,131
12592,131
6152,131
9194,131
12947,131
8265,131
11042,131
9388,131
11466,131
11549,131
4421,131
86,131
5901,131
9260,131
1708,131
10001,131
13156,131
9663,131
8781,131
1860,131
2414,131
14157,131
9515,131
11594,131
14069,131
1595,131
1539,131
2431,131
6150,131
13670,131
9525,131
378,131
1866,131
7124,131
12757,131
8797,131
11615,131
12081,131
11415,131
9830,131
6108,131
111,131
11673,131
5310,131
5982,131
12298,131
12193,131
2662,131
11317,131
11546,131
6714,131
14909,131
9708,131
4730,131
11772,131
8268,131
2022,131
8817,131
3029,131
885,131
8214,131
14202,131
2336,131
1082,131
12832,131
2536,131
2245,131
3217,131
83,131
2932,131
12203,131
4235,131
3202,131
8863,131
9908,131
9768,131
14120,131
9449,131
8948,131
13772,131
5158,131
5192,131
13071,131
470,131
3354,131
4986,131
9590,131
5554,131
10748,131
3715,131
7340,131
3240,131
11713,131
5564,131
13277,131
10455,131
1982,131
8187,132
13342,132
11135,132
7494,132
9734,132
13391,132
8143,132
4802,132
5090,132
12594,132
9964,132
10343,132
3474,132
1098,132
140,132
3746,132
4865,132
5688,132
13238,132
11085,132
10415,132
6542,132
11178,132
112,132
11541,132
9571,132
14121,132
5211,132
2162,132
3439,132
4863,132
13098,132
6465,132
13232,132
3664,132
13310,132
4285,132
1842,132
12677,132
11716,132
2577,132
1365,132
12206,132
6990,132
6815,132
7997,132
10101,132
5858,132
13348,132
2041,132
8959,132
1110,132
4122,132
12009,132
6774,132
11803,132
7234,132
5378,132
3404,132
11130,132
5147,132
8715,132
8957,132
23,132
1408,132
11580,132
689,132
6792,132
2470,132
4461,132
9018,132
13602,132
14187,132
7075,132
1784,132
1001,132
8624,132
801,132
606,132
12634,132
3840,132
11993,132
11053,132
13412,132
4610,132
8023,132
13322,132
2490,132
1370,132
12055,132
1681,132
11495,132
788,132
6924,132
4448,132
2841,132
1210,132
11583,132
10937,132
923,132
2457,132
692,132
2176,132
5419,132
8864,132
6666,132
9194,132
3952,132
12947,132
7474,132
8265,132
12799,132
1316,132
2880,132
5430,132
11478,132
13140,132
1708,132
4073,132
9156,132
12045,132
1539,132
6212,132
12550,132
694,132
8797,132
3290,132
1561,132
8228,132
7640,132
6918,132
5922,132
111,132
11673,132
3432,132
5982,132
11546,132
544,132
4479,132
7059,132
9486,132
8817,132
705,132
3382,132
4082,132
9381,132
2536,132
10277,132
3217,132
83,132
2932,132
3202,132
10036,132
8863,132
13208,132
10286,132
13772,132
5158,132
1030,132
4477,132
13071,132
3354,132
11708,132
7632,132
6056,132
14046,132
12048,132
11603,132
10748,132
3715,132
1441,132
5564,132
685,132
11955,132
13277,132
10455,132
1982,132
6362,133
4083,133
5995,133
10535,133
9239,133
11295,133
7319,133
6682,133
4682,133
1046,133
5731,133
5124,133
6859,133
6242,133
10351,133
3513,133
7671,133
7241,133
14393,133
11653,133
3945,133
13962,133
4742,133
8595,133
1871,133
13815,133
14141,133
10606,133
1334,133
3549,133
11784,133
9855,133
7040,133
1987,133
11986,133
8012,133
13844,133
11683,133
11787,133
6925,133
9163,133
7493,133
10100,133
3835,133
2685,133
11326,133
5642,133
10722,133
14503,133
9277,133
11928,133
6081,133
12625,133
8882,133
14171,133
12991,133
10272,133
1855,133
8356,133
3859,133
7466,133
10436,133
12021,133
3016,133
10888,133
5136,133
14476,133
12528,133
4396,133
6159,133
2549,133
5424,133
9312,133
12389,133
11737,133
6363,133
6973,133
5869,133
10775,133
12445,133
8748,133
10628,133
8780,133
2015,133
8241,133
14077,133
4513,133
1908,133
5001,133
12901,133
5801,133
6016,133
3207,133
7986,133
13597,133
2676,133
7995,133
11849,133
2907,133
13945,133
11252,133
11142,133
1144,133
7875,133
5735,133
13588,133
13035,133
6936,133
5769,133
10470,133
12637,133
611,133
11682,133
9551,133
3920,133
11782,133
6911,133
1388,133
10685,133
5174,133
4691,133
13436,133
675,133
5432,133
5227,133
11515,133
2698,133
1243,133
6540,133
11159,133
12629,133
830,133
8666,133
6451,133
8154,133
11257,133
3162,133
11567,133
6905,133
6388,133
4638,133
6268,133
10288,133
12305,133
1802,133
3633,133
1019,133
9000,133
10345,133
10953,133
3417,133
28,133
3987,133
3858,133
7606,133
1607,133
3545,133
3707,133
2434,133
2471,133
13237,133
2527,133
1745,133
13048,133
10690,133
9882,133
5099,133
12895,133
6796,133
10,133
7102,133
14332,133
13885,133
10349,133
3825,133
12472,133
10238,133
3736,133
7894,133
12758,133
9487,133
12407,133
495,133
4727,133
4017,133
3445,133
6021,133
1853,133
33,133
9759,133
10381,133
4180,133
14384,133
2879,133
5446,133
150,133
10672,133
5636,133
7136,133
12506,133
871,133
5315,133
13631,133
14058,133
12518,133
1608,133
2393,133
4533,133
4927,133
7410,133
8332,133
13137,133
3738,133
9219,133
7552,133
13246,133
12899,133
6955,133
8504,133
74,133
5994,133
13006,133
8324,133
3436,133
13869,133
13673,133
1687,133
5941,133
12798,133
4212,133
3651,133
5465,133
13409,133
6484,133
6285,133
5802,133
5318,133
7697,133
6122,133
10164,133
4656,133
10428,133
11285,133
10445,133
6167,133
4363,133
8851,133
77,133
12058,133
11404,133
10987,133
9576,133
3590,133
3309,133
8801,133
4131,133
8114,133
5170,133
10713,133
3389,133
6433,133
11768,133
6581,133
5294,133
9519,133
11212,133
11341,133
13190,133
13041,133
11529,133
3711,133
7278,133
14161,133
2960,133
11674,133
14369,133
14242,133
13370,133
9601,133
8930,133
11090,133
1997,133
2775,133
4508,133
11996,133
14010,133
3890,133
5398,133
8494,133
4062,133
7186,133
7978,133
10561,133
13362,133
11774,133
9587,133
13280,133
4563,133
8105,133
11507,133
14203,133
3056,133
1262,133
1619,133
11476,133
11581,133
13093,133
5286,133
329,133
10656,133
11390,133
11878,133
1850,133
11378,133
767,133
12525,133
7017,133
5176,133
186,133
14742,133
5945,133
12470,133
5944,133
14233,133
3118,133
10290,133
11047,133
12687,133
14179,133
5467,133
7442,133
10515,133
2241,133
9726,133
11539,133
2484,133
9644,133
9511,133
7647,133
2058,133
706,133
5602,133
1905,133
4959,133
12382,133
13221,133
3480,133
8812,133
7216,133
7113,133
12146,133
5463,133
6426,133
3082,133
3489,133
1590,133
3986,133
14355,133
11927,133
14452,133
14341,133
7156,133
10059,133
5767,133
12823,133
10097,133
9536,133
1427,133
7868,133
10909,133
4748,133
10417,133
5196,133
5504,133
6166,133
5791,133
8186,133
4321,133
12599,133
14180,133
3705,133
11978,133
10818,133
5815,133
8612,133
10198,133
5151,133
11078,133
1380,133
10900,133
9042,133
13200,133
8469,133
345,133
10634,133
4227,133
10956,133
7257,133
9482,133
6291,133
9984,133
1790,133
10662,133
12747,133
6382,133
13946,133
6331,133
14381,133
10435,133
5067,133
8585,133
9162,133
13872,133
12325,133
6883,133
10501,133
8724,133
9428,133
4630,133
9765,133
5898,133
9379,133
14815,133
12704,133
6554,133
4022,133
9061,133
9563,133
2995,133
9555,133
14068,133
10370,133
6649,133
2821,133
249,133
9298,133
6782,133
12909,133
13306,133
9363,133
1095,133
6350,133
11060,133
11097,133
629,133
12563,133
4834,133
9791,133
644,133
5823,133
11408,133
7327,133
11939,133
8766,133
5428,133
7560,133
9113,133
5573,133
12437,133
12727,133
1975,133
7774,133
11671,133
3099,133
11227,133
2666,133
7404,133
8560,133
7775,133
1633,133
6898,133
10471,133
9689,133
704,133
7904,133
11968,133
6602,133
11722,133
12682,133
12480,133
14480,133
11504,133
11050,133
9254,133
13475,133
6295,133
14339,133
1578,133
12035,133
2404,133
6670,133
12019,133
8506,133
13746,133
3387,133
13854,133
1081,133
13540,133
12179,133
8911,133
11426,133
6743,133
8696,133
2102,133
12849,133
986,133
7865,133
7168,133
9335,133
10882,133
7239,133
12592,133
6152,133
11042,133
9388,133
11466,133
11549,133
4421,133
86,133
5901,133
9260,133
10001,133
13156,133
9663,133
8781,133
1860,133
2414,133
14157,133
9515,133
11594,133
14069,133
1595,133
2431,133
6150,133
13670,133
9525,133
378,133
1866,133
7124,133
12757,133
11615,133
12081,133
11415,133
9830,133
6108,133
5310,133
12298,133
12193,133
2662,133
11317,133
14909,133
6714,133
9708,133
4730,133
11772,133
8268,133
2022,133
3029,133
885,133
8214,133
14202,133
2336,133
1082,133
12832,133
2245,133
12203,133
4235,133
9908,133
9768,133
14120,133
9449,133
8948,133
5192,133
470,133
4986,133
9590,133
5554,133
7340,133
3240,133
11713,133
9212,133
8408,134
3593,134
13957,134
285,134
13070,134
9586,134
10906,134
1438,134
7770,134
3144,134
8282,134
1344,134
4366,134
13767,134
10171,134
12780,134
812,134
11932,134
10492,134
14362,134
1589,134
12927,134
2588,134
12489,134
6494,134
3212,134
6092,134
5027,134
9173,134
13804,134
10133,134
549,134
3822,134
2654,134
6225,134
1115,134
9098,134
4088,134
13931,134
6149,134
10119,134
4004,134
14616,134
13781,134
2126,134
5891,134
9512,134
13061,134
4068,134
13786,134
3317,134
5997,134
2446,134
8843,134
9943,134
10078,134
7945,134
5685,134
8879,134
6422,134
7644,134
1535,134
3824,134
9220,134
4820,134
12418,134
11447,134
8249,134
14774,134
2986,134
239,134
9854,134
6409,134
5298,134
13295,134
6399,134
11568,134
3767,134
72,134
6958,134
8512,134
10505,134
9356,134
10582,134
14412,134
9963,134
8892,134
11123,134
9987,134
12224,134
14374,134
5909,134
11664,134
7742,134
7807,134
10442,134
12816,134
2385,134
3175,134
3891,134
8883,134
13358,134
2034,134
5035,134
9761,134
1473,134
5290,134
11719,134
4628,134
11582,134
2341,134
481,134
12425,134
6495,134
6450,134
10523,134
14302,134
14087,134
8054,134
8048,134
4383,134
6789,134
13652,134
4428,134
5691,134
12893,134
7429,134
1774,134
12096,134
3465,134
1341,134
7086,134
10227,134
13493,134
13438,134
9789,134
7525,134
2007,134
5770,134
14249,134
11720,134
9023,134
11698,134
13744,134
3318,134
813,134
3668,134
14803,134
12424,134
2823,134
10939,134
5299,134
13749,134
9800,134
5004,134
14415,134
12559,134
14066,134
6247,134
10878,134
7531,134
3375,134
4887,134
8610,134
9654,134
12113,134
8714,134
4102,134
9682,134
10897,134
14111,134
1315,134
610,134
8072,134
8004,134
7181,134
10837,134
2599,134
6358,134
12818,134
14865,134
10105,134
10336,134
12068,134
3107,134
5989,134
4705,134
3238,134
8825,134
8302,134
9746,134
4936,134
8811,134
14678,134
1916,134
8862,134
1347,134
13010,134
1143,134
2313,134
12148,134
7559,134
11702,134
8919,134
1849,134
9696,134
14009,134
7972,134
13495,134
6712,134
8662,134
6698,134
2903,134
6176,134
1944,134
353,134
2397,134
3839,134
13848,134
12656,134
7251,134
1709,134
7605,134
7506,134
10916,134
14028,134
7009,134
5937,134
9500,134
13769,134
14012,134
11403,134
11516,134
9507,134
4196,134
12377,134
7658,134
12546,134
6562,134
10310,134
12689,134
12443,134
2331,134
13802,134
906,134
10715,134
13973,134
8355,134
1878,134
720,134
6113,134
999,134
13381,134
13294,134
1353,134
13296,134
2792,134
11471,134
5400,134
1008,134
1061,134
9613,134
1002,134
13817,134
5156,134
4542,134
10547,134
9898,134
11086,134
4651,134
12038,134
6677,134
980,134
10449,134
2769,134
2695,134
11386,134
13601,134
3670,134
10196,134
4238,134
13690,134
13556,134
8528,134
10377,134
2458,134
3488,134
10728,134
6138,134
9040,134
10552,134
1965,134
593,134
7337,134
3242,134
11757,134
13579,134
7229,134
2864,134
12107,134
1577,134
7081,134
4647,134
12316,134
2045,134
3034,134
12974,134
1174,134
4637,134
2300,134
2310,134
12242,134
13017,134
12959,134
7283,134
11058,134
9164,134
560,134
5846,134
10843,134
9643,134
6896,134
11250,134
5263,134
8760,134
11915,134
5313,134
6434,134
3176,134
3675,134
6305,134
5374,134
9938,134
9292,134
828,134
3515,134
8035,134
2594,134
6753,134
5503,134
7167,134
12609,134
13430,134
5257,134
13375,134
13930,134
341,134
600,134
11950,134
7785,134
14449,134
13397,134
4939,134
14083,134
6407,134
6610,134
7300,134
3496,134
9190,134
8277,134
3218,134
8192,134
10165,134
12098,134
6704,134
5300,134
7818,134
9229,134
1223,134
11349,134
11435,134
4499,134
13571,134
11451,134
13193,134
12295,134
12066,134
3875,134
3749,134
2488,134
12208,134
11009,134
7696,134
9235,134
10533,134
2784,134
8592,134
13632,134
10819,134
10037,134
3,134
11079,134
10990,134
4906,134
9575,134
11723,134
7989,134
3862,134
12279,134
7769,134
13498,134
1667,134
12012,134
4782,134
5173,134
1970,134
1102,134
13988,134
10826,134
2975,134
13211,134
4314,134
2200,134
4718,134
1984,134
4475,134
11423,134
7372,134
6306,134
14392,134
10981,134
3087,134
13411,134
12165,134
12765,134
1870,134
2871,134
11738,134
12793,134
2938,134
5988,134
5678,134
10234,134
10498,134
2996,134
4357,134
1707,134
9778,134
13276,134
12201,134
4442,134
3339,134
803,134
6868,134
14308,134
6555,134
4866,134
8474,134
5036,134
8799,134
11823,134
10836,134
4769,134
4695,134
8144,134
11184,134
6131,134
13165,134
4565,134
12131,134
14436,134
4310,134
1550,134
10439,134
12624,134
4768,134
7262,134
8600,134
9289,134
11440,134
8557,134
13944,134
4352,134
10532,134
11735,134
9561,134
7765,134
11045,134
13301,134
8160,134
10777,134
4841,134
4775,134
2492,134
1165,134
9351,134
6394,134
7585,134
7705,134
8615,134
13374,134
7462,134
6493,134
621,134
5180,134
7810,134
7131,134
14210,134
10766,134
9893,134
9660,134
3884,134
12478,134
3542,134
12892,134
4523,134
5187,134
11967,134
12003,134
8583,134
1104,134
11487,134
7255,134
9651,134
12053,134
7436,134
892,134
2319,134
6491,134
10268,134
14812,134
8342,134
4870,134
2906,134
5078,134
2061,134
6850,134
4774,134
10386,134
13798,134
10942,134
3652,134
7675,134
9464,134
3146,134
1786,134
13662,134
6392,134
13150,134
3901,134
10427,134
947,134
3834,134
12761,134
6189,134
1715,134
14168,134
2377,134
2317,134
11704,134
5824,134
3528,134
3578,134
3895,134
11393,134
12999,134
2486,134
38,134
7279,134
13082,134
6490,134
11552,134
1872,134
1639,134
4904,134
9699,134
4528,134
3918,134
8874,134
13284,134
11129,134
2780,134
247,134
7476,134
12796,134
2777,134
7992,134
6938,134
12921,134
6379,134
3860,134
10407,134
11428,134
6132,134
12130,134
12255,134
4252,134
6813,134
13318,134
12192,134
11779,134
2943,134
8064,134
1186,134
5965,134
4879,134
4984,134
2060,134
10661,134
5367,134
4522,134
10111,134
8591,134
11327,134
10823,134
2398,134
10350,134
11944,134
10751,134
11506,134
1183,134
5570,134
110,134
3666,134
12455,134
11145,134
5172,134
11479,134
14024,134
13565,134
11532,134
7134,134
13940,134
3815,134
5687,134
6700,134
14795,134
11569,134
13244,134
10029,134
13952,134
6127,134
11416,134
12474,134
3361,134
1224,134
11236,134
8976,134
13820,134
6513,134
12120,134
10148,134
7815,134
10405,134
13315,134
13550,134
10525,134
6678,134
6408,134
11477,134
7930,134
12810,134
1763,134
2219,134
12421,134
7486,134
14173,134
2967,134
881,134
11101,134
5362,134
363,134
2787,134
9405,134
4034,134
11091,134
12299,134
1310,134
5073,134
8148,134
9337,134
12990,134
5254,134
5661,134
14061,134
724,134
8350,134
2541,134
12134,134
10053,134
444,134
11215,134
8649,134
11011,134
14040,134
19,134
9080,134
5810,134
3424,134
11825,134
12876,134
1401,134
4224,134
12916,134
9747,134
4573,134
13195,134
12987,134
2314,134
8275,134
11519,134
4985,134
11220,134
2004,134
5827,134
1217,134
13249,134
12072,134
11149,134
9208,134
3003,134
13846,134
4098,134
10911,134
11084,134
12160,134
10462,134
2873,134
12910,134
12963,134
12715,134
10853,134
4828,134
10458,134
13289,134
9823,134
10144,134
14545,134
10668,134
4380,134
8967,134
14263,134
13574,134
13000,134
13856,134
2593,134
6355,134
10828,134
8767,134
3729,134
10893,134
10251,134
14818,134
13185,134
10142,134
2417,134
12077,134
9197,134
3031,134
1575,134
4857,134
9723,134
6825,134
1188,134
9658,134
14385,134
12103,134
12930,134
6356,134
418,134
3908,134
1035,134
11574,134
332,134
6238,134
4546,134
6674,134
5716,134
14142,134
6199,134
4215,134
11947,134
2760,134
1836,134
13773,134
1631,134
13066,134
697,134
2702,134
11064,134
8717,134
5199,134
12315,134
13529,134
4813,134
891,134
10793,134
9672,134
2971,134
10968,134
1069,134
14036,134
2752,134
12651,134
9490,134
9605,134
6589,134
1964,134
12711,134
4506,134
14234,134
11443,134
758,134
12429,134
13544,134
13031,134
765,134
14377,134
6267,134
3725,134
12957,134
10332,134
860,134
7030,134
12587,134
14639,134
13418,134
13382,134
5805,134
9059,134
5887,134
7085,134
12065,134
13953,134
12984,134
14581,134
10488,134
120,134
12352,134
9390,134
6498,134
1586,134
3805,134
12236,134
224,134
1857,134
640,134
7666,134
13404,134
380,134
4361,134
12044,134
11917,134
7572,134
121,134
5020,134
8291,134
11578,134
11369,134
13824,134
3294,134
124,134
681,134
240,134
8513,134
647,134
8651,134
3306,134
3929,134
1517,134
8098,134
7016,134
3760,134
10845,134
12673,134
3498,134
9252,134
4962,134
8408,135
3593,135
13957,135
285,135
13070,135
10906,135
1438,135
7770,135
3144,135
8282,135
4366,135
10171,135
12780,135
11932,135
1589,135
14362,135
12927,135
2588,135
6092,135
13804,135
549,135
3822,135
2654,135
6225,135
1115,135
4088,135
13931,135
6149,135
10119,135
4004,135
14616,135
13781,135
2126,135
5891,135
9512,135
13061,135
4068,135
13786,135
3317,135
10078,135
8879,135
6422,135
7644,135
9220,135
11447,135
2986,135
239,135
6409,135
5298,135
6399,135
11568,135
3767,135
6958,135
8512,135
9356,135
8892,135
14374,135
7742,135
7807,135
10442,135
12816,135
2385,135
3891,135
8883,135
2034,135
5035,135
1473,135
11719,135
4628,135
2341,135
12425,135
6450,135
14302,135
8048,135
13652,135
4428,135
5691,135
12893,135
1774,135
1341,135
7086,135
3465,135
13438,135
7525,135
2007,135
14249,135
11720,135
11698,135
3668,135
14803,135
2823,135
10939,135
13749,135
9800,135
14415,135
14066,135
6247,135
10878,135
4887,135
9654,135
12113,135
8714,135
10897,135
14111,135
1315,135
8072,135
7181,135
10837,135
2599,135
14865,135
10105,135
12068,135
3107,135
3238,135
8825,135
8302,135
4936,135
8811,135
1916,135
8862,135
1347,135
13010,135
1143,135
2313,135
8919,135
9696,135
13495,135
6698,135
8662,135
2903,135
6176,135
1944,135
3839,135
13848,135
1709,135
7605,135
10916,135
14028,135
9500,135
13769,135
12377,135
6562,135
12689,135
12443,135
2331,135
906,135
10715,135
13973,135
13381,135
13294,135
1353,135
13296,135
1061,135
1008,135
13817,135
11086,135
4651,135
6677,135
980,135
10449,135
2769,135
2695,135
11386,135
13601,135
3670,135
10196,135
4238,135
13556,135
8528,135
3488,135
2458,135
10728,135
6138,135
9040,135
10552,135
7337,135
3242,135
13579,135
12107,135
1577,135
12316,135
4647,135
2045,135
1174,135
4637,135
2310,135
12242,135
13017,135
12959,135
7283,135
9164,135
560,135
11250,135
5263,135
11915,135
3675,135
6305,135
9292,135
8035,135
2594,135
6753,135
7167,135
5257,135
600,135
11950,135
14449,135
13397,135
4939,135
14083,135
6407,135
7300,135
3496,135
3218,135
8192,135
5300,135
7818,135
1223,135
11349,135
11435,135
4499,135
13571,135
11451,135
12066,135
3749,135
2488,135
9235,135
10533,135
2784,135
13632,135
10819,135
10037,135
3,135
11079,135
11723,135
7989,135
12279,135
7769,135
13498,135
1667,135
12012,135
5173,135
1970,135
1102,135
13988,135
13211,135
4314,135
2200,135
14392,135
10981,135
11423,135
7372,135
6306,135
3087,135
13411,135
12165,135
12765,135
2871,135
11738,135
12793,135
2938,135
5678,135
10234,135
10498,135
2996,135
4357,135
9778,135
13276,135
4442,135
3339,135
803,135
6555,135
6868,135
14308,135
4866,135
8474,135
11823,135
10836,135
13165,135
1550,135
10439,135
4565,135
14436,135
4768,135
9289,135
11440,135
8557,135
10532,135
11735,135
9561,135
10777,135
4775,135
2492,135
9351,135
6394,135
8615,135
13374,135
7462,135
6493,135
5180,135
7131,135
14210,135
9660,135
12478,135
3542,135
4523,135
5187,135
11967,135
12003,135
1104,135
11487,135
7255,135
12053,135
892,135
2319,135
4870,135
13798,135
10942,135
3652,135
9464,135
3146,135
1786,135
13662,135
6392,135
3901,135
947,135
12761,135
1715,135
14168,135
2377,135
11704,135
5824,135
3895,135
12999,135
38,135
13082,135
6490,135
1872,135
1639,135
4904,135
9699,135
8874,135
2780,135
247,135
12796,135
7992,135
6938,135
12921,135
6379,135
3860,135
10407,135
11428,135
12130,135
12255,135
4252,135
6813,135
13318,135
11779,135
2943,135
8064,135
5965,135
2060,135
4522,135
10350,135
11944,135
11506,135
5570,135
3666,135
5172,135
14024,135
13565,135
13940,135
7134,135
3815,135
14795,135
11569,135
13244,135
6127,135
11416,135
12474,135
13820,135
11236,135
10148,135
7815,135
10405,135
13550,135
6678,135
11477,135
7930,135
12810,135
2219,135
12421,135
7486,135
2967,135
12299,135
1310,135
9337,135
724,135
8350,135
2541,135
12134,135
10053,135
444,135
8649,135
14040,135
19,135
9080,135
5810,135
3424,135
12876,135
4224,135
12916,135
13195,135
12987,135
4985,135
11220,135
2004,135
5827,135
12072,135
9208,135
3003,135
4098,135
11084,135
12160,135
2873,135
12910,135
12963,135
10853,135
4828,135
13289,135
9823,135
10668,135
8967,135
13574,135
6355,135
8767,135
10251,135
14818,135
10142,135
2417,135
12077,135
9197,135
3031,135
1575,135
4857,135
1188,135
6356,135
3908,135
1035,135
6238,135
4546,135
5716,135
14142,135
11947,135
2760,135
1836,135
13773,135
1631,135
13066,135
11064,135
12315,135
891,135
10793,135
2971,135
10968,135
1069,135
12651,135
9605,135
6589,135
12711,135
4506,135
11443,135
12429,135
13544,135
765,135
3725,135
12587,135
13418,135
5805,135
5887,135
12065,135
12984,135
14581,135
10488,135
12352,135
1586,135
3805,135
12236,135
224,135
7666,135
4361,135
12044,135
121,135
11578,135
11369,135
13824,135
3294,135
681,135
240,135
8513,135
647,135
8651,135
3929,135
1517,135
8098,135
7016,135
3760,135
10845,135
12673,135
3498,135
9252,135
4962,135
9586,136
1344,136
13767,136
10492,136
812,136
12489,136
6494,136
3212,136
5027,136
9173,136
10133,136
9098,136
5997,136
2446,136
8843,136
9943,136
7945,136
5685,136
1535,136
3824,136
4820,136
12418,136
8249,136
14774,136
9854,136
13295,136
72,136
10505,136
10582,136
14412,136
9963,136
11123,136
9987,136
12224,136
5909,136
11664,136
3175,136
13358,136
9761,136
5290,136
11582,136
481,136
6495,136
10523,136
14087,136
8054,136
4383,136
6789,136
7429,136
12096,136
13493,136
10227,136
9789,136
5770,136
9023,136
13744,136
3318,136
813,136
12424,136
5299,136
5004,136
12559,136
7531,136
3375,136
8610,136
4102,136
9682,136
610,136
8004,136
6358,136
12818,136
10336,136
5989,136
4705,136
9746,136
14678,136
12148,136
7559,136
11702,136
1849,136
14009,136
7972,136
6712,136
353,136
2397,136
12656,136
7251,136
7506,136
7009,136
5937,136
14012,136
11403,136
11516,136
9507,136
4196,136
7658,136
12546,136
10310,136
13802,136
8355,136
1878,136
720,136
6113,136
999,136
2792,136
11471,136
5400,136
9613,136
1002,136
4542,136
5156,136
10547,136
9898,136
12038,136
13690,136
10377,136
1965,136
593,136
11757,136
7229,136
2864,136
7081,136
3034,136
12974,136
2300,136
11058,136
5846,136
10843,136
9643,136
6896,136
8760,136
5313,136
6434,136
3176,136
5374,136
9938,136
828,136
3515,136
5503,136
12609,136
13430,136
341,136
13375,136
13930,136
7785,136
6610,136
9190,136
8277,136
10165,136
12098,136
6704,136
9229,136
13193,136
12295,136
3875,136
12208,136
11009,136
7696,136
8592,136
10990,136
4906,136
9575,136
3862,136
4782,136
10826,136
2975,136
4718,136
1984,136
4475,136
1870,136
5988,136
1707,136
12201,136
5036,136
8799,136
4695,136
4769,136
8144,136
11184,136
4310,136
6131,136
12131,136
12624,136
7262,136
8600,136
13944,136
4352,136
7765,136
11045,136
13301,136
8160,136
4841,136
1165,136
7705,136
7585,136
621,136
7810,136
10766,136
9893,136
3884,136
12892,136
8583,136
9651,136
7436,136
6491,136
10268,136
14812,136
8342,136
2906,136
5078,136
2061,136
6850,136
4774,136
10386,136
7675,136
13150,136
10427,136
3834,136
6189,136
2317,136
3528,136
3578,136
11393,136
2486,136
7279,136
11552,136
4528,136
3918,136
13284,136
11129,136
7476,136
2777,136
6132,136
12192,136
1186,136
4879,136
4984,136
10661,136
5367,136
10111,136
8591,136
11327,136
10823,136
2398,136
10751,136
1183,136
110,136
12455,136
11145,136
11479,136
11532,136
5687,136
6700,136
10029,136
13952,136
3361,136
1224,136
8976,136
6513,136
12120,136
13315,136
10525,136
6408,136
1763,136
14173,136
881,136
11101,136
5362,136
363,136
2787,136
9405,136
4034,136
11091,136
5254,136
5073,136
8148,136
12990,136
5661,136
14061,136
11215,136
11011,136
11825,136
1401,136
9747,136
4573,136
2314,136
8275,136
11519,136
1217,136
13249,136
11149,136
13846,136
10911,136
10462,136
12715,136
10458,136
10144,136
14545,136
4380,136
14263,136
13000,136
13856,136
2593,136
10828,136
3729,136
10893,136
13185,136
9723,136
6825,136
9658,136
14385,136
12103,136
12930,136
418,136
11574,136
332,136
6674,136
6199,136
4215,136
697,136
2702,136
8717,136
5199,136
13529,136
4813,136
9672,136
14036,136
2752,136
9490,136
1964,136
14234,136
758,136
13031,136
14377,136
6267,136
12957,136
10332,136
860,136
7030,136
14639,136
13382,136
9059,136
7085,136
13953,136
120,136
9390,136
6498,136
1857,136
640,136
13404,136
380,136
11917,136
7572,136
5020,136
8291,136
124,136
3306,136
15038,137
4164,137
14811,137
276,137
15078,137
14665,137
1460,137
10292,137
8984,137
13331,137
10005,137
14760,137
13563,137
8676,137
14186,137
14245,137
13159,137
13309,137
13699,137
11446,137
13629,137
13983,137
9349,137
14346,137
14746,137
14787,137
10099,137
2218,137
1584,137
10539,137
10961,137
15049,137
9446,137
1903,137
14875,137
5093,137
11796,137
12073,137
13389,137
12256,137
14175,137
1651,137
1911,137
15042,137
8295,137
3245,137
24025,137
449,137
8020,137
10718,137
9842,137
11259,137
14232,137
14857,137
11811,137
3006,137
14588,137
8218,137
1338,137
14568,137
6088,137
10212,137
14981,137
13969,137
14804,137
826,137
7188,137
12453,137
3109,137
13075,137
15037,137
14750,137
14929,137
13026,137
10052,137
799,137
3224,137
14925,137
14655,137
6784,137
14562,137
11794,137
1273,137
11650,137
13532,137
9695,137
9926,137
7687,137
8383,137
11826,137
14743,137
12249,137
15035,137
13347,137
12399,137
3517,137
1269,137
14309,137
4432,137
14182,137
554,137
4779,137
6028,137
3624,137
11763,137
14675,137
4971,137
14433,137
1225,137
13042,137
15040,137
14088,137
15064,137
7738,137
11565,137
13827,137
14103,137
13484,137
5816,137
14717,137
7195,137
10048,137
2981,137
14152,137
14550,137
3463,137
3583,137
846,137
8402,137
7745,137
13094,137
12245,137
13864,137
15039,137
13488,137
12512,137
420,137
3491,137
1914,137
14737,137
11274,137
1443,137
85,137
14195,137
4770,137
12802,137
11866,137
4374,137
14720,137
4926,137
14644,137
6211,137
13578,137
12741,137
13765,137
1690,137
10519,137
5272,137
14932,137
9986,137
6475,137
10360,137
11870,137
14608,137
14930,137
4440,137
14693,137
859,137
12523,137
10102,137
10993,137
10565,137
9374,137
398,137
5853,137
11926,137
14582,137
14363,137
2124,137
9770,137
9816,137
13762,137
12064,137
1005,137
14808,137
14848,137
11065,137
9315,137
14954,137
1673,137
13519,137
14897,137
14127,137
3305,137
10083,137
14830,137
14470,137
11651,137
13166,137
8175,137
12332,137
14450,137
13508,137
9834,137
12497,137
9097,137
14092,137
5940,137
12397,137
7116,137
5782,137
14359,137
14226,137
13122,137
13925,137
13029,137
10969,137
14000,137
15034,137
9647,137
12282,137
14564,137
6595,137
9444,137
7144,137
12142,137
9480,137
9892,137
13981,137
11115,137
14170,137
9330,137
13862,137
14518,137
14686,137
10997,137
10710,137
13841,137
10789,137
12777,137
13978,137
12284,137
12848,137
5620,137
5195,137
12853,137
15047,137
14731,137
10333,137
11879,137
14739,137
2540,137
6822,137
12719,137
1518,137
14727,137
14618,137
8359,137
12367,137
1321,137
15090,137
14997,137
9306,137
13902,137
13681,137
2408,137
5307,137
12936,137
12830,137
3409,137
14543,137
13861,137
13671,137
1752,137
12007,137
14494,137
4138,137
10612,137
5392,137
14620,137
12586,137
14664,137
13323,137
11055,137
659,137
14514,137
1250,137
11762,137
7722,137
15081,137
4593,137
14601,137
12819,137
3716,137
13421,137
14473,137
15075,137
14253,137
7839,137
13131,137
10521,137
14230,137
9820,137
12549,137
6497,137
14636,137
10063,137
6282,137
11864,137
15083,137
14033,137
8832,137
8354,137
13353,137
13619,137
10932,137
13351,137
8858,137
12243,137
12467,137
6133,137
7783,137
14893,137
14952,137
10140,137
11817,137
12986,137
14389,137
7746,137
14610,137
12162,137
14505,137
14966,137
14649,137
6550,137
12393,137
8170,137
9030,137
1610,137
6397,137
2415,137
13459,137
14353,137
13996,137
14337,137
13512,137
12968,137
14388,137
3007,137
2770,137
3846,137
15085,137
404,137
931,137
14983,137
12010,137
9152,137
6661,137
14810,137
9676,137
550,137
13320,137
11614,137
14075,137
11990,137
11190,137
8024,137
2443,137
14373,137
13125,137
11610,137
12492,137
14239,137
10499,137
12710,137
15026,137
14317,137
12732,137
8066,137
14548,137
4852,137
11934,137
5403,137
491,137
11724,137
13712,137
13901,137
14132,137
10569,137
14575,137
1864,137
3534,137
14783,137
8181,137
14542,137
588,137
13593,137
14976,137
14913,137
5329,137
10055,137
8042,137
15094,137
14599,137
10322,137
4709,137
3261,137
14883,137
12904,137
14850,137
13505,137
13405,137
10938,137
12200,137
13417,137
994,137
13636,137
1636,137
14348,137
10846,137
6240,137
6779,137
14757,137
14070,137
14327,137
14985,137
14667,137
14442,137
3074,137
14441,137
13413,137
9136,137
11572,137
6656,137
5903,137
9155,137
14771,137
9176,137
7563,137
13039,137
11756,137
13361,137
14953,137
14733,137
9457,137
5185,137
13313,137
14148,137
13339,137
14767,137
14126,137
14557,137
10640,137
11946,137
10126,137
1585,137
9631,137
10444,137
14793,137
9716,137
4835,137
10995,137
14941,137
15014,137
5238,137
1371,137
1211,137
12783,137
14819,137
13004,137
12845,137
14856,137
14718,137
11692,137
14996,137
14338,137
10994,137
6391,137
14368,137
14265,137
11003,137
14651,137
14712,137
15057,137
14221,137
3352,137
9683,137
10677,137
12720,137
11943,137
13179,137
1121,137
9937,137
571,137
10424,137
3356,137
12071,137
14922,137
14701,137
3364,137
11842,137
11672,137
9078,137
1024,137
14928,137
10959,137
14208,137
3781,137
9724,137
13570,137
254,137
11488,137
15099,137
13641,137
13357,137
14228,137
3024,137
10602,137
14133,137
8747,137
4052,137
15007,137
2230,137
12171,137
12414,137
9997,137
8753,137
1568,137
11094,137
4284,137
13524,137
14528,137
12280,137
10368,137
14343,137
1492,137
2704,137
11143,137
9234,137
15056,137
13062,137
14067,137
12050,137
13891,137
9730,137
14755,137
14948,137
14972,137
6985,137
10221,137
15024,137
2149,137
14224,137
11414,137
13784,137
14153,137
13937,137
14367,137
10907,137
9781,137
14425,137
15005,137
14107,137
10081,137
3501,137
9295,137
14685,137
14960,137
11761,137
14468,137
6902,137
9472,137
12690,137
13461,137
11540,137
14420,137
528,137
10951,137
12039,137
15046,137
202,137
6218,137
7756,137
13809,137
13649,137
14509,137
15021,137
14043,137
11733,137
14886,137
1764,137
12346,137
14569,137
14669,137
11373,137
13961,137
14944,137
13914,137
13468,137
13535,137
14867,137
5568,137
6620,137
9914,137
6146,137
13121,137
14863,137
15033,137
1215,137
14096,137
2659,137
14892,137
14037,137
9657,137
12608,137
12548,137
4598,137
13596,137
13492,137
14884,137
11117,137
8128,137
9959,137
3769,137
13840,137
7150,137
349,137
3796,137
13876,137
12520,137
12996,137
12952,137
10380,137
3191,137
10931,137
660,137
14605,137
13989,137
3142,137
14606,137
14547,137
3120,137
14951,137
14091,137
9916,137
9626,137
14404,137
11542,137
12511,137
12618,137
13146,137
10304,137
13054,137
14319,137
5883,137
3453,137
14672,137
11467,137
10511,137
6308,137
5964,137
13321,137
5351,137
14688,137
15019,137
4070,137
6517,137
1038,137
3553,137
1187,137
14977,137
11731,137
14838,137
3335,137
9976,137
9396,137
14764,137
11918,137
12001,137
13580,137
12033,137
11210,137
13933,137
10348,137
10355,137
4095,137
12499,137
14852,137
14692,137
14619,137
8827,137
12495,137
11421,137
12185,137
14269,137
14762,137
13182,137
11410,137
9767,137
9054,137
14240,137
14713,137
14806,137
12450,137
12439,137
14523,137
5200,137
14573,137
4408,137
10134,137
8463,137
4386,137
9680,137
14479,137
6697,137
3451,137
13932,137
12877,137
13595,137
6805,137
2071,137
14237,137
12767,137
12948,137
11489,137
316,137
12267,137
1609,137
12020,137
14013,137
1538,137
13822,137
10920,137
12266,137
5325,137
12644,137
5610,137
12061,137
14055,137
5456,137
700,137
13659,137
14501,137
13865,137
12043,137
14566,137
13638,137
5705,137
13057,137
14785,137
11668,137
7419,137
10319,137
4298,137
8823,137
11021,137
14766,137
10267,137
11925,137
13076,137
11676,137
14782,137
14496,137
12150,137
14565,137
374,137
12965,137
2211,137
14949,137
42,137
14099,137
11777,137
6811,137
13453,137
15044,137
12047,137
7272,137
14939,137
12988,137
6020,137
7082,137
12057,137
14961,137
5102,137
11888,137
14535,137
9845,137
13242,137
14973,137
9795,137
10665,137
9376,137
7259,137
13255,137
14522,137
14945,137
6000,137
12856,137
12645,137
10915,137
8618,137
10560,137
12604,137
10401,137
14511,137
4260,137
4320,137
7101,137
11963,137
12215,137
10034,137
11207,137
10217,137
14687,137
3059,137
3263,137
14159,137
14779,137
13754,137
934,137
7107,137
15071,137
9837,137
13904,137
14919,137
7676,137
14776,137
14769,137
10121,137
10903,137
13292,137
14921,137
11158,137
14371,137
8729,137
661,137
11372,137
9327,137
14105,137
14595,137
15086,137
14169,137
13768,137
13293,137
5031,137
10161,137
4458,137
12533,137
14971,137
2632,137
14498,137
1455,137
14025,137
302,137
12034,137
1025,137
12633,137
12825,137
13473,137
15101,137
14670,137
11202,137
13136,137
1118,137
14704,137
57,137
7957,137
10203,137
12153,137
14792,137
14797,137
4443,137
15022,137
14002,137
14791,137
13684,137
12216,137
8588,137
3169,137
13011,137
13115,137
13630,137
10820,137
2921,137
14729,137
12734,137
14300,137
10457,137
5595,137
13857,137
12376,137
14464,137
10166,137
5873,137
12388,137
13414,137
8478,137
643,137
11052,137
13935,137
10466,137
14106,137
904,137
8273,137
14097,137
13324,137
14611,137
10619,137
12487,137
4393,137
12605,137
14438,137
10644,137
9899,137
9742,137
11253,137
4399,137
1831,137
14878,137
14777,137
11248,137
8771,137
8400,137
12123,137
2322,137
14817,137
13948,137
13077,137
9968,137
14358,137
4016,137
5372,137
13830,137
2537,137
10162,137
14062,137
7809,137
15016,137
13761,137
6400,137
15004,137
14160,137
14154,137
14753,137
10571,137
3687,137
14836,137
12042,137
13349,137
11837,137
13758,137
14585,137
14703,137
10696,137
11623,137
14181,137
4932,137
14189,137
1927,137
6739,137
14086,137
10726,137
14570,137
14744,137
11313,137
10502,137
12521,137
2005,137
6477,137
12368,137
12225,137
6693,137
13398,137
14593,137
2323,137
11865,137
14517,137
9810,137
782,137
13144,137
14584,137
14248,137
9240,137
15031,137
3190,137
2949,137
14957,137
14784,137
11936,137
15010,137
13162,137
14896,137
14176,137
12716,137
14870,137
13171,137
11584,137
13941,137
13172,137
5405,137
11987,137
6993,137
10645,137
10044,137
7130,137
14047,137
11046,137
12468,137
13943,137
14131,137
452,137
11385,137
13113,137
8196,137
3262,137
8491,137
13785,137
7626,137
457,137
1662,137
14938,137
13651,137
1389,137
12522,137
8779,137
3258,137
15055,137
9440,137
9581,137
13626,137
10866,137
10747,137
14990,137
13975,137
13900,137
7126,137
9241,137
7484,137
2708,137
10199,137
11910,137
9261,137
5785,137
27377,137
6531,137
5985,137
13774,137
13751,137
12182,137
13837,137
98,137
15020,137
14799,137
14329,137
774,137
10591,137
10157,137
13517,137
5516,137
15073,137
14549,137
14609,137
7479,137
5189,137
14898,137
6373,137
9704,137
10233,137
14428,137
5369,137
14970,137
13882,137
10076,137
10583,137
14847,137
10771,137
13706,137
14962,137
14418,137
14429,137
14280,137
14051,137
9424,137
2725,137
14598,137
12915,137
14400,137
9612,137
12880,137
12111,137
13863,137
14602,137
521,137
9200,137
9826,137
14458,137
15063,137
14936,137
10852,137
14038,137
13112,137
15032,137
11044,137
2199,137
1947,137
14492,137
13266,137
15000,137
13285,137
2453,137
3623,137
14696,137
5023,137
15012,137
14965,137
9936,137
6069,137
11057,137
6733,137
11527,137
11732,137
11498,137
14560,137
13674,137
14659,137
337,137
11701,137
11298,137
11330,137
11169,137
11353,137
14093,137
14841,137
14536,137
14034,137
14282,137
14146,137
13063,137
6345,137
14927,137
11802,137
14382,137
14065,137
13435,137
14684,137
14540,137
14956,137
11518,137
6022,137
5414,137
12945,137
9971,137
12619,137
1672,137
13254,137
11197,137
10173,137
3718,137
13955,137
12356,137
14587,137
1469,137
10545,137
14924,137
2525,137
11535,137
12257,137
9888,137
12882,137
13890,137
4737,137
7228,137
11121,137
11897,137
14529,137
14926,137
245,137
14364,137
12447,137
14149,137
2956,137
13679,137
15091,137
14328,137
1593,137
14879,137
10998,137
185,137
3626,137
6501,137
13950,137
14802,137
7403,137
14868,137
14790,137
5601,137
14541,137
14824,137
10936,137
14201,137
14910,137
5544,137
1212,137
4501,137
12114,137
13688,137
10944,137
13148,137
11729,137
14663,137
12013,137
11862,137
14842,137
11959,137
14555,137
14431,137
9985,137
9870,137
15043,137
15027,137
14390,137
14135,137
11648,137
12383,137
13390,137
884,137
10965,137
9831,137
14214,137
14715,137
1352,137
14513,137
10312,137
14515,137
979,137
13993,137
14439,137
14478,137
13724,137
10636,137
4311,137
13528,137
14989,137
612,137
14706,137
8661,137
6614,137
1756,137
4654,137
13033,137
6582,137
5775,137
8300,137
9764,137
4831,137
13386,137
13233,137
2533,137
15048,137
13424,137
10422,137
14994,137
3616,137
6314,137
335,137
13457,137
263,137
14262,137
14682,137
14220,137
13007,137
1227,137
13443,137
12371,137
13971,137
197,137
12582,137
13537,137
9369,137
10859,137
12971,137
9160,137
4489,137
14342,137
14411,137
11280,137
13170,137
14825,137
12517,137
13866,137
14652,137
13513,137
14991,137
14421,137
14539,137
14740,137
3279,137
2712,137
7922,137
9414,137
11586,137
13566,137
14676,137
14832,137
13514,137
15069,137
4376,137
14578,137
9715,137
12601,137
13316,137
11099,137
14627,137
371,137
278,137
7985,137
10179,137
14177,137
14482,137
3625,137
14837,137
6156,137
4641,137
10824,137
12420,137
14533,137
699,137
15072,137
7069,137
15030,137
8163,137
6287,137
8749,137
8625,137
13982,137
3702,137
10659,137
8657,137
14207,137
8786,137
10124,137
15003,137
14144,137
12075,137
14631,137
12850,137
12768,137
10082,137
754,137
12326,137
5505,137
91,137
7713,137
8074,137
12494,137
14258,137
9731,137
13213,137
14912,137
14071,137
3468,137
13262,137
13020,137
11029,137
14840,137
13124,137
9282,137
10504,137
15025,137
8518,137
14448,137
5905,137
12659,137
13522,137
9953,137
9135,137
4886,137
12128,137
11646,137
6637,137
14942,137
15088,137
736,137
14710,137
14890,137
12163,137
14538,137
7996,137
15006,137
13511,137
7507,137
2386,137
4478,137
14155,137
2542,137
7830,137
13559,137
3091,137
2207,137
10813,137
14050,137
14407,137
14681,137
9165,137
6662,137
2557,137
8326,137
13521,137
11224,137
11483,137
12713,137
14980,137
5042,137
12427,137
3983,137
13464,137
13406,137
14383,137
14255,137
6912,137
6447,137
2681,137
12471,137
14745,137
13366,137
14223,137
5690,137
12292,137
4736,137
9614,137
3806,137
12297,137
8897,137
13667,137
14463,137
7566,137
14042,137
8209,137
2452,137
13271,137
13084,137
14471,137
11170,137
15050,137
13564,137
3396,137
8902,137
6707,137
12381,137
15041,137
15045,137
10170,137
7114,137
12654,137
13005,137
8201,137
11167,137
14862,137
6853,137
8514,137
14634,137
7430,137
13582,137
9640,137
2373,137
9427,137
2467,137
11898,137
10318,137
10767,137
13079,137
13956,137
9218,137
14839,137
8908,137
11645,137
4942,137
14722,137
13710,137
8575,137
2123,137
13014,137
13590,137
15089,137
9732,137
12745,137
11230,137
10559,137
13407,137
12568,137
2544,137
12498,137
3243,137
12309,137
13737,137
10296,137
10639,137
12903,137
13908,137
15051,137
15008,137
12116,137
12717,137
11830,137
13044,137
14963,137
15028,137
14872,137
12544,137
8990,137
7896,137
10779,137
10147,137
13428,137
2990,137
10094,137
14694,137
13470,137
14241,137
14918,137
14335,137
11766,137
11172,137
14796,137
3282,137
14905,137
14579,137
14920,137
14259,137
14843,137
14408,137
14661,137
293,137
7828,137
11776,137
10848,137
11501,137
14900,137
12977,137
14902,137
14988,137
14882,137
9863,137
14723,137
14866,137
9578,137
11491,137
14851,137
12194,137
1495,137
13719,137
14510,137
13610,137
13038,137
3182,137
5709,137
9319,137
5790,137
13245,137
3379,137
21552,137
2556,137
14709,137
14964,137
14622,137
12519,137
9982,137
12535,137
265,137
1698,137
14334,137
1480,137
13852,137
13330,137
14376,137
10467,137
3222,137
13462,137
14650,137
2103,137
13826,137
14828,137
10013,137
13714,137
8973,137
5502,137
14488,137
14934,137
14982,137
7886,137
10357,137
7977,137
14205,137
10783,137
3419,137
12616,137
11699,137
2913,137
4872,137
14869,137
14577,137
11470,137
588,138
2956,138
14328,138
1593,138
10665,138
4164,138
5329,138
10998,138
10055,138
185,138
9376,138
3626,138
14811,138
276,138
15078,138
6501,138
14945,138
6000,138
1460,138
10292,138
8984,138
12645,138
3261,138
13950,138
8618,138
14883,138
10560,138
12904,138
12604,138
13563,138
14850,138
13405,138
10938,138
12200,138
14511,138
14186,138
4260,138
4320,138
7101,138
14541,138
14245,138
14201,138
13699,138
12215,138
14910,138
10034,138
5544,138
13636,138
1212,138
4501,138
12114,138
13688,138
11446,138
13629,138
13983,138
10944,138
13148,138
9845,138
9349,138
1636,138
14346,138
14746,138
10846,138
10099,138
11729,138
2218,138
1584,138
6240,138
6779,138
14663,138
12013,138
10539,138
11862,138
14842,138
14757,138
14070,138
11207,138
14985,138
10217,138
14667,138
1903,138
3074,138
5093,138
11796,138
12073,138
14442,138
3059,138
3263,138
14431,138
9985,138
14779,138
9870,138
15043,138
14390,138
12256,138
9136,138
14175,138
11572,138
1651,138
1911,138
934,138
14135,138
7107,138
8295,138
11648,138
6656,138
9837,138
13904,138
14919,138
3245,138
9155,138
13390,138
7676,138
14771,138
14776,138
449,138
14769,138
10121,138
9176,138
10965,138
7563,138
9831,138
8020,138
10718,138
13039,138
10903,138
13292,138
1352,138
10312,138
11158,138
9842,138
11259,138
8729,138
14857,138
13361,138
11372,138
11811,138
3006,138
13993,138
1338,138
14568,138
6088,138
9457,138
15086,138
5185,138
14169,138
13724,138
10636,138
4311,138
13293,138
10212,138
14981,138
14148,138
13339,138
10161,138
14767,138
13969,138
612,138
14498,138
14804,138
826,138
8661,138
7188,138
14126,138
3109,138
14025,138
14557,138
6614,138
1756,138
12034,138
11946,138
10126,138
1025,138
1585,138
9631,138
4654,138
13033,138
6582,138
10444,138
12825,138
14750,138
14929,138
5775,138
13473,138
8300,138
13026,138
10052,138
9764,138
799,138
4831,138
13386,138
3224,138
4835,138
14925,138
11202,138
2533,138
13136,138
6784,138
14562,138
11794,138
10995,138
13424,138
14704,138
57,138
14941,138
10203,138
1273,138
12153,138
11650,138
5238,138
9695,138
9926,138
7687,138
1371,138
14792,138
6314,138
8383,138
12783,138
14819,138
11826,138
335,138
13004,138
12845,138
14002,138
263,138
14262,138
13684,138
12216,138
15035,138
12399,138
14682,138
3517,138
8588,138
11692,138
14309,138
14220,138
4432,138
13007,138
3169,138
10994,138
14182,138
6391,138
1227,138
13011,138
554,138
14368,138
4779,138
13115,138
13630,138
2921,138
13443,138
11003,138
14729,138
14300,138
6028,138
3624,138
14651,138
11763,138
10457,138
5595,138
14675,138
197,138
12582,138
9369,138
10859,138
14712,138
4971,138
14433,138
1225,138
12376,138
12971,138
14221,138
9160,138
4489,138
3352,138
10166,138
14342,138
14088,138
9683,138
7738,138
11565,138
12720,138
13827,138
14103,138
13170,138
14825,138
12388,138
13414,138
8478,138
13866,138
11943,138
13935,138
10466,138
14106,138
1121,138
13484,138
9937,138
5816,138
10424,138
3356,138
904,138
14652,138
12071,138
8273,138
10048,138
3364,138
14097,138
11672,138
13324,138
14611,138
2981,138
14928,138
14550,138
14740,138
3463,138
3583,138
12487,138
846,138
4393,138
8402,138
12605,138
7745,138
3279,138
13864,138
2712,138
10959,138
14208,138
10644,138
7922,138
9724,138
9414,138
9899,138
11586,138
12512,138
420,138
13566,138
3491,138
9742,138
14832,138
13514,138
11253,138
4399,138
1914,138
14737,138
4376,138
11274,138
1831,138
85,138
245,138
9715,138
12601,138
13357,138
11248,138
4770,138
13316,138
11099,138
11866,138
4374,138
278,138
8400,138
12123,138
7985,138
10602,138
14133,138
8747,138
4052,138
2322,138
4926,138
14644,138
10179,138
14817,138
15007,138
14482,138
9968,138
2230,138
12171,138
12414,138
14358,138
9997,138
8753,138
12741,138
1568,138
13765,138
1690,138
14837,138
6156,138
11094,138
5372,138
4284,138
13524,138
13830,138
2537,138
12420,138
14533,138
10162,138
5272,138
12280,138
14062,138
8163,138
1492,138
2704,138
6475,138
7809,138
10360,138
6287,138
11143,138
8749,138
9234,138
11870,138
15056,138
8625,138
13982,138
10659,138
14067,138
8657,138
4440,138
10124,138
15003,138
14144,138
14753,138
12075,138
14631,138
859,138
12850,138
10082,138
14948,138
10102,138
10571,138
3687,138
10993,138
6985,138
10221,138
754,138
12326,138
5505,138
10565,138
9374,138
15024,138
12042,138
398,138
91,138
2149,138
13349,138
11837,138
13758,138
7713,138
14258,138
14224,138
14585,138
11414,138
14703,138
9731,138
5853,138
13784,138
14153,138
10696,138
11623,138
11926,138
14181,138
13937,138
14582,138
14367,138
14363,138
4932,138
9781,138
2124,138
14425,138
14189,138
15005,138
1927,138
14107,138
6739,138
3501,138
14086,138
9295,138
10726,138
3468,138
14973,138
14685,138
9816,138
14570,138
13262,138
12064,138
1005,138
11313,138
12521,138
14808,138
14840,138
13124,138
9282,138
2005,138
8518,138
14448,138
14848,138
12368,138
5905,138
11065,138
9315,138
14954,138
6693,138
13398,138
9953,138
9135,138
4886,138
12128,138
1673,138
14149,138
6902,138
12690,138
13461,138
14517,138
3305,138
11540,138
10083,138
13144,138
14420,138
14470,138
11646,138
14584,138
6637,138
11651,138
13166,138
8175,138
12332,138
528,138
14248,138
9240,138
10951,138
3190,138
2949,138
13508,138
9834,138
12497,138
14784,138
11936,138
14710,138
9097,138
14092,138
14176,138
202,138
14890,138
7116,138
6218,138
7756,138
13171,138
13809,138
11584,138
13941,138
13172,138
5405,138
12163,138
13649,138
11987,138
7996,138
14043,138
11733,138
15006,138
13511,138
14886,138
14226,138
13122,138
13925,138
13029,138
12346,138
14569,138
10969,138
6993,138
4478,138
10645,138
14155,138
14000,138
15034,138
10044,138
13961,138
2542,138
9647,138
7830,138
13914,138
12282,138
13468,138
6595,138
7130,138
9444,138
13559,138
3091,138
13535,138
11046,138
2207,138
10813,138
13943,138
5568,138
14131,138
452,138
12142,138
6620,138
11385,138
13113,138
9914,138
14681,138
9480,138
6146,138
8491,138
13785,138
7626,138
2557,138
457,138
8326,138
14863,138
9892,138
13981,138
15033,138
14096,138
2659,138
11483,138
14037,138
12713,138
9657,138
9330,138
12548,138
13862,138
4598,138
1662,138
14980,138
5042,138
14518,138
14686,138
12427,138
11117,138
10997,138
3983,138
8128,138
13841,138
9959,138
10789,138
12777,138
13464,138
1389,138
13406,138
14383,138
3769,138
13978,138
13840,138
12522,138
8779,138
7150,138
2681,138
349,138
3258,138
12471,138
12848,138
13366,138
3796,138
14223,138
9440,138
5620,138
5195,138
12853,138
5690,138
13876,138
12292,138
14731,138
12520,138
9581,138
4736,138
13626,138
10866,138
12952,138
10747,138
9614,138
3191,138
3806,138
13975,138
12297,138
13900,138
8897,138
7126,138
9241,138
13667,138
10931,138
7484,138
14739,138
2708,138
7566,138
14605,138
14042,138
8209,138
2540,138
11910,138
6822,138
9261,138
13989,138
3142,138
5785,138
13271,138
14618,138
6531,138
8359,138
5985,138
3120,138
11170,138
12367,138
14951,138
15090,138
3396,138
13751,138
12182,138
13837,138
9916,138
9626,138
98,138
14404,138
11542,138
14799,138
12511,138
12618,138
9306,138
8902,138
13902,138
6707,138
12381,138
13146,138
10591,138
10304,138
12936,138
5516,138
13054,138
12830,138
15045,138
14319,138
3409,138
5883,138
14543,138
7114,138
3453,138
12654,138
13005,138
8201,138
13671,138
14549,138
11167,138
11467,138
10511,138
7479,138
12007,138
6308,138
6853,138
8514,138
7430,138
5964,138
13582,138
5189,138
14494,138
6373,138
13321,138
5351,138
2373,138
2467,138
11898,138
14688,138
5392,138
15019,138
12586,138
10767,138
9704,138
10233,138
13079,138
14428,138
5369,138
4070,138
6517,138
13882,138
1187,138
10076,138
14839,138
8908,138
14977,138
11731,138
11055,138
659,138
14838,138
13710,138
9976,138
9396,138
4872,138
11918,138
12001,138
10583,138
13014,138
13580,138
11762,138
7722,138
9732,138
12745,138
4593,138
11230,138
10559,138
12819,138
10355,138
14852,138
10771,138
2544,138
13706,138
13421,138
14473,138
14619,138
14253,138
8827,138
7839,138
12495,138
10521,138
9820,138
12309,138
12549,138
11421,138
10296,138
10639,138
12903,138
14429,138
13908,138
14280,138
14051,138
15008,138
9424,138
2725,138
6282,138
12717,138
11830,138
13044,138
11864,138
12544,138
14598,138
8990,138
7896,138
10779,138
8832,138
10147,138
8354,138
12915,138
13182,138
13428,138
13353,138
2990,138
13619,138
10932,138
13351,138
11410,138
9612,138
8858,138
9054,138
14240,138
14713,138
14694,138
13470,138
12111,138
12450,138
14918,138
12467,138
12439,138
14602,138
521,138
9200,138
5200,138
4408,138
6133,138
7783,138
11172,138
8463,138
14952,138
9826,138
10140,138
11817,138
3282,138
12986,138
10852,138
14579,138
14038,138
14920,138
14389,138
4386,138
7746,138
12162,138
9680,138
6697,138
13112,138
15032,138
14408,138
3451,138
1947,138
14492,138
13266,138
293,138
7828,138
13595,138
10848,138
11501,138
14649,138
6805,138
6550,138
14900,138
13285,138
2453,138
12977,138
12393,138
14988,138
3623,138
14696,138
9030,138
5023,138
9578,138
2415,138
13459,138
11491,138
14237,138
12767,138
12948,138
13996,138
9936,138
11489,138
14337,138
316,138
12267,138
6069,138
12194,138
13512,138
13719,138
14388,138
11527,138
3007,138
14510,138
2770,138
1538,138
14013,138
11732,138
3846,138
11498,138
404,138
14560,138
931,138
10920,138
13674,138
13610,138
13038,138
14659,138
12010,138
9319,138
9152,138
337,138
5325,138
13245,138
6661,138
12644,138
14810,138
5610,138
11701,138
12061,138
550,138
3379,138
13320,138
11614,138
14055,138
2556,138
5456,138
700,138
14501,138
11990,138
11190,138
13865,138
11330,138
14709,138
14964,138
8024,138
13638,138
13057,138
7419,138
14093,138
12519,138
10319,138
14536,138
14034,138
265,138
4298,138
14146,138
2443,138
1698,138
14373,138
11021,138
13063,138
14927,138
13125,138
13435,138
11610,138
12492,138
14766,138
14540,138
13852,138
10267,138
11518,138
14239,138
10499,138
6022,138
11925,138
13330,138
5414,138
12945,138
9971,138
14376,138
14317,138
12732,138
11676,138
12619,138
10467,138
14496,138
1672,138
3222,138
13254,138
8066,138
14548,138
11197,138
374,138
13826,138
12965,138
3718,138
4852,138
11934,138
2211,138
13955,138
10013,138
42,138
13714,138
14099,138
8973,138
5502,138
1469,138
14488,138
14934,138
14982,138
6811,138
5403,138
10545,138
7886,138
12047,138
7977,138
491,138
7272,138
14205,138
12882,138
13901,138
12988,138
13890,138
6020,138
4737,138
7082,138
12057,138
11897,138
3419,138
14575,138
11699,138
5102,138
1864,138
11888,138
14535,138
14529,138
3534,138
12447,138
8181,138
13242,138
14542,138
11470,138
588,139
2956,139
1593,139
5329,139
10055,139
3626,139
14811,139
276,139
15078,139
1460,139
10292,139
8984,139
12645,139
8618,139
12604,139
14850,139
4260,139
14245,139
14201,139
4501,139
11446,139
13629,139
13983,139
10944,139
1636,139
14346,139
14746,139
10846,139
2218,139
6779,139
12013,139
11862,139
14842,139
14985,139
10217,139
14667,139
3074,139
14431,139
3263,139
15043,139
14779,139
12256,139
9136,139
14175,139
7107,139
6656,139
3245,139
13390,139
14776,139
9176,139
8020,139
10718,139
13039,139
13292,139
1352,139
10312,139
11259,139
11372,139
11811,139
13993,139
1338,139
14169,139
9457,139
15086,139
13724,139
10636,139
14148,139
13339,139
14767,139
14804,139
14557,139
6614,139
12034,139
11946,139
1025,139
1585,139
4654,139
13033,139
5775,139
10444,139
12825,139
13473,139
13026,139
10052,139
799,139
4835,139
14925,139
11202,139
2533,139
13136,139
6784,139
14562,139
11794,139
10995,139
13424,139
57,139
12153,139
7687,139
14792,139
8383,139
11826,139
13004,139
14262,139
12216,139
15035,139
12399,139
3517,139
8588,139
14220,139
3169,139
13011,139
13443,139
14368,139
4779,139
13115,139
2921,139
11003,139
14300,139
14651,139
11763,139
5595,139
14675,139
197,139
9369,139
10859,139
14712,139
14433,139
1225,139
4489,139
3352,139
10166,139
14342,139
14088,139
14103,139
13170,139
14825,139
12388,139
13414,139
13866,139
10466,139
14106,139
9937,139
13484,139
3356,139
14652,139
10048,139
14097,139
11672,139
14928,139
14740,139
3463,139
12605,139
3279,139
2712,139
10959,139
10644,139
9899,139
11586,139
12512,139
420,139
14832,139
11253,139
1914,139
14737,139
11248,139
13316,139
11099,139
11866,139
12123,139
7985,139
14133,139
4926,139
14817,139
15007,139
12171,139
12414,139
9997,139
12741,139
14837,139
13765,139
11094,139
13830,139
2537,139
10162,139
5272,139
2704,139
6475,139
7809,139
11143,139
8749,139
9234,139
11870,139
15056,139
13982,139
10659,139
14067,139
8657,139
10124,139
15003,139
14144,139
14753,139
12075,139
14631,139
859,139
754,139
14948,139
10571,139
10993,139
10565,139
7713,139
15024,139
12042,139
398,139
13349,139
13758,139
14258,139
14585,139
14703,139
14153,139
11926,139
14582,139
14367,139
14363,139
4932,139
14425,139
15005,139
6739,139
9295,139
10726,139
3468,139
14685,139
12064,139
1005,139
11313,139
14808,139
14840,139
9282,139
2005,139
14448,139
14848,139
12368,139
9315,139
14954,139
6693,139
13398,139
9135,139
4886,139
12128,139
14517,139
10083,139
14420,139
14470,139
14584,139
6637,139
11651,139
8175,139
12497,139
14784,139
14092,139
14890,139
7116,139
13171,139
13941,139
11987,139
7996,139
14226,139
6993,139
13029,139
12346,139
10969,139
4478,139
14000,139
15034,139
13961,139
2542,139
9647,139
13914,139
12282,139
13468,139
7130,139
13559,139
3091,139
13535,139
10813,139
13943,139
452,139
14681,139
9480,139
8491,139
457,139
14863,139
9892,139
14096,139
2659,139
1662,139
14518,139
14686,139
12427,139
10997,139
8128,139
13841,139
9959,139
10789,139
12777,139
13464,139
1389,139
3769,139
13840,139
8779,139
7150,139
2681,139
3258,139
12848,139
13366,139
14223,139
9440,139
5620,139
12853,139
5690,139
14731,139
12520,139
9581,139
4736,139
13626,139
3191,139
13975,139
12297,139
13900,139
9241,139
7566,139
14739,139
14605,139
2540,139
3142,139
5785,139
14618,139
8359,139
11170,139
3120,139
12367,139
14951,139
15090,139
12182,139
13837,139
14404,139
11542,139
14799,139
12511,139
8181,139
6707,139
12381,139
13054,139
14319,139
5883,139
14543,139
7114,139
3453,139
13005,139
11167,139
7479,139
6853,139
6308,139
14494,139
6373,139
5351,139
2373,139
11898,139
15019,139
10767,139
9704,139
13079,139
14428,139
5369,139
4070,139
13882,139
10076,139
8908,139
14977,139
14838,139
13710,139
9976,139
13014,139
11762,139
7722,139
9732,139
12745,139
11230,139
10355,139
14852,139
10771,139
14473,139
14253,139
12495,139
10521,139
9820,139
12309,139
10296,139
12903,139
14429,139
14051,139
15008,139
9424,139
2725,139
13044,139
11864,139
10779,139
8832,139
13428,139
12915,139
13182,139
2990,139
10932,139
13351,139
11410,139
9054,139
14240,139
14713,139
14694,139
12111,139
12467,139
521,139
5200,139
4408,139
6133,139
7783,139
11172,139
9826,139
10852,139
14038,139
4386,139
7746,139
12162,139
9680,139
13112,139
15032,139
1947,139
14492,139
13266,139
13595,139
13285,139
2453,139
14988,139
14696,139
5023,139
13459,139
13996,139
11489,139
14337,139
316,139
6069,139
13719,139
3007,139
14510,139
1538,139
14013,139
11732,139
14560,139
10920,139
13674,139
14659,139
9152,139
337,139
5325,139
12644,139
5610,139
550,139
3379,139
700,139
14501,139
14709,139
13865,139
14964,139
13638,139
13057,139
7419,139
14034,139
265,139
14146,139
1698,139
13063,139
13435,139
11610,139
12492,139
14766,139
14540,139
11518,139
14239,139
10499,139
11925,139
14376,139
12945,139
12619,139
14496,139
13254,139
11197,139
374,139
13826,139
3718,139
4852,139
11934,139
10013,139
42,139
13714,139
14488,139
14982,139
10545,139
14205,139
12882,139
13901,139
13890,139
7082,139
14575,139
5102,139
1864,139
11888,139
14535,139
245,139
12447,139
9845,139
14973,139
14542,139
2956,140
13170,140
14253,140
11987,140
12388,140
13414,140
13866,140
5329,140
10521,140
10055,140
10466,140
10296,140
3626,140
13484,140
14811,140
14226,140
3356,140
12346,140
1460,140
4478,140
10292,140
8984,140
12645,140
10048,140
13961,140
9647,140
13468,140
8618,140
11864,140
3091,140
14928,140
10813,140
10779,140
14740,140
3463,140
10932,140
12605,140
13351,140
14681,140
3279,140
2712,140
9054,140
10959,140
14240,140
11446,140
13629,140
10944,140
10644,140
14713,140
1636,140
14863,140
12512,140
12467,140
10846,140
521,140
2218,140
14096,140
6779,140
2659,140
4408,140
11862,140
9826,140
14737,140
10217,140
14038,140
14431,140
4386,140
3263,140
15043,140
10997,140
12162,140
14779,140
12447,140
13112,140
1389,140
9136,140
14175,140
13266,140
14492,140
13840,140
8779,140
7985,140
6656,140
3258,140
4926,140
13390,140
14817,140
14223,140
2453,140
14988,140
5620,140
14696,140
12414,140
12853,140
5690,140
9997,140
14837,140
13765,140
9581,140
4736,140
8020,140
13039,140
13459,140
3191,140
1352,140
13975,140
12297,140
10312,140
10162,140
13996,140
14337,140
316,140
7566,140
2704,140
6069,140
11372,140
14605,140
13719,140
8749,140
9234,140
11870,140
15056,140
11732,140
13982,140
3142,140
5785,140
13724,140
14560,140
10636,140
13674,140
8657,140
14618,140
14148,140
8359,140
11170,140
3120,140
5325,140
10124,140
14144,140
14753,140
550,140
12075,140
12182,140
859,140
13837,140
14948,140
14404,140
10993,140
14501,140
14709,140
13865,140
15024,140
7713,140
14557,140
13638,140
12034,140
11946,140
13349,140
13758,140
14585,140
13054,140
14319,140
13033,140
14153,140
3453,140
13473,140
11926,140
14582,140
14367,140
1698,140
4932,140
14925,140
14425,140
13063,140
6784,140
14562,140
57,140
12064,140
11518,140
14840,140
10499,140
11925,140
14494,140
2373,140
12945,140
14792,140
8383,140
14954,140
6693,140
14496,140
13254,140
11826,140
11197,140
15019,140
10767,140
13826,140
14262,140
13079,140
14428,140
3718,140
4852,140
11934,140
15035,140
12399,140
13882,140
10013,140
42,140
13714,140
8588,140
8908,140
14977,140
14420,140
14584,140
14368,140
4779,140
13115,140
11651,140
13710,140
11003,140
14300,140
14651,140
14784,140
197,140
7722,140
9732,140
10859,140
14092,140
11230,140
1225,140
10355,140
14575,140
1864,140
4489,140
13171,140
9845,140
14542,140
13170,141
11987,141
13414,141
12388,141
13866,141
10055,141
10296,141
3626,141
13484,141
14811,141
14226,141
3356,141
12346,141
1460,141
8984,141
12645,141
9647,141
13468,141
8618,141
14740,141
3463,141
10932,141
13351,141
14681,141
3279,141
2712,141
9054,141
10959,141
14240,141
14713,141
13629,141
10944,141
10644,141
1636,141
14863,141
12512,141
10846,141
521,141
2218,141
2659,141
6779,141
4408,141
11862,141
9826,141
14038,141
4386,141
15043,141
10997,141
12162,141
13112,141
14175,141
14492,141
13840,141
8779,141
6656,141
4926,141
14817,141
5620,141
14696,141
12853,141
5690,141
4736,141
8020,141
3191,141
1352,141
13975,141
12297,141
10312,141
316,141
7566,141
2704,141
6069,141
13719,141
8749,141
9234,141
11870,141
15056,141
11732,141
13982,141
3142,141
13724,141
13674,141
10636,141
8657,141
14148,141
5325,141
10124,141
12075,141
14501,141
14709,141
13865,141
15024,141
14557,141
13638,141
13349,141
13054,141
14319,141
13033,141
11926,141
14582,141
1698,141
4932,141
14925,141
14425,141
6784,141
14562,141
12064,141
11518,141
14494,141
12945,141
14496,141
14954,141
15019,141
14428,141
12399,141
10013,141
42,141
8588,141
14977,141
14368,141
13115,141
11651,141
13710,141
11003,141
14784,141
197,141
7722,141
14092,141
11230,141
1225,141
10355,141
14575,141
4489,141
9845,141
13170,142
11987,142
13414,142
13866,142
10055,142
10296,142
13484,142
3356,142
12346,142
1460,142
8984,142
12645,142
13468,142
3463,142
13351,142
14681,142
2712,142
9054,142
10959,142
14240,142
10644,142
10944,142
1636,142
14863,142
10846,142
9826,142
14038,142
12162,142
14492,142
6656,142
5690,142
4736,142
3191,142
1352,142
13975,142
6069,142
2704,142
9234,142
15056,142
11870,142
11732,142
13982,142
3142,142
13724,142
13674,142
10636,142
8657,142
14148,142
5325,142
10124,142
12075,142
14709,142
13865,142
14557,142
13638,142
13349,142
13054,142
14319,142
13033,142
11926,142
14582,142
1698,142
14925,142
14425,142
6784,142
14562,142
14494,142
14496,142
15019,142
12399,142
10013,142
8588,142
14977,142
13115,142
11651,142
14784,142
7722,142
14092,142
11230,142
1225,142
10355,142
14575,142
3142,143
13674,143
14496,143
8657,143
13866,143
10055,143
15019,143
5325,143
13484,143
10124,143
3356,143
12346,143
12075,143
1460,143
12399,143
10013,143
12645,143
8588,143
11651,143
13054,143
3463,143
11926,143
14681,143
14784,143
7722,143
1352,143
2712,143
14240,143
14925,143
14092,143
11230,143
10944,143
6784,143
14575,143
14494,143
13982,144
9826,144
13170,144
13724,144
10636,144
11987,144
13414,144
11870,144
14038,144
14148,144
10296,144
12162,144
8984,144
14492,144
14709,144
13865,144
14977,144
6656,144
14557,144
13468,144
13638,144
13349,144
13115,144
14319,144
5690,144
13033,144
4736,144
13351,144
14582,144
1698,144
3191,144
9054,144
13975,144
10959,144
14425,144
10644,144
1225,144
14562,144
1636,144
14863,144
10355,144
6069,144
10846,144
2704,144
9234,144
15056,144
11732,144
12388,145
14954,145
4386,145
15043,145
3626,145
10997,145
14811,145
13112,145
14226,145
14428,145
14175,145
42,145
14501,145
13840,145
8779,145
8749,145
9647,145
15024,145
8618,145
4926,145
14817,145
14368,145
5620,145
13710,145
14740,145
14696,145
12853,145
11003,145
10932,145
8020,145
4932,145
197,145
3279,145
12297,145
14713,145
10312,145
13629,145
316,145
12512,145
7566,145
521,145
12064,145
4489,145
2218,145
2659,145
6779,145
4408,145
13719,145
11518,145
9845,145
11862,145
12945,145
12388,146
4386,146
10997,146
15043,146
3626,146
13112,146
14428,146
42,146
14501,146
13840,146
8618,146
4926,146
14817,146
13710,146
14696,146
12853,146
11003,146
10932,146
197,146
3279,146
12297,146
10312,146
12512,146
12064,146
11862,146
14954,147
14811,147
14226,147
14175,147
8779,147
9647,147
15024,147
14368,147
5620,147
14740,147
8020,147
4932,147
14713,147
13629,147
316,147
7566,147
521,147
4489,147
2218,147
2659,147
6779,147
8749,147
4408,147
13719,147
11518,147
9845,147
12945,147
2956,148
14253,148
5329,148
10521,148
10466,148
4478,148
10292,148
10048,148
13961,148
11864,148
3091,148
14928,148
10813,148
10779,148
12605,148
11446,148
12467,148
14096,148
14737,148
10217,148
14431,148
3263,148
14779,148
1389,148
9136,148
13266,148
7985,148
3258,148
13390,148
14223,148
2453,148
14988,148
12414,148
9997,148
14837,148
13765,148
9581,148
13039,148
13459,148
10162,148
13996,148
14337,148
11372,148
14605,148
5785,148
14560,148
14618,148
8359,148
11170,148
3120,148
14144,148
14753,148
550,148
12182,148
859,148
13837,148
14948,148
14404,148
10993,148
7713,148
12034,148
11946,148
13758,148
14585,148
14153,148
3453,148
13473,148
14367,148
13063,148
57,148
14840,148
13171,148
10499,148
11925,148
2373,148
14792,148
8383,148
6693,148
13254,148
11826,148
11197,148
10767,148
13826,148
14262,148
13079,148
3718,148
4852,148
11934,148
15035,148
13882,148
13714,148
8908,148
14420,148
14584,148
4779,148
14300,148
14651,148
9732,148
10859,148
1864,148
12447,148
14542,148
5785,149
2956,149
14737,149
14792,149
8383,149
10217,149
14618,149
13254,149
8359,149
10521,149
11170,149
14431,149
3120,149
11826,149
13826,149
14262,149
13079,149
14144,149
4852,149
11934,149
1389,149
4478,149
9136,149
859,149
14948,149
10993,149
8908,149
13961,149
7985,149
7713,149
14420,149
14542,149
12034,149
11864,149
3091,149
13390,149
13758,149
14988,149
4779,149
10779,149
12414,149
9997,149
14153,149
14300,149
14837,149
13765,149
13473,149
14651,149
14367,149
13063,149
10859,149
11446,149
14337,149
11372,149
14605,149
14096,149
10499,149
2373,149
14737,150
10217,150
13254,150
11170,150
10521,150
13826,150
13079,150
14262,150
14144,150
1389,150
859,150
14948,150
10993,150
13961,150
7713,150
14420,150
12034,150
11864,150
3091,150
13390,150
13758,150
14988,150
10779,150
12414,150
14153,150
13473,150
13765,150
14651,150
14367,150
13063,150
10859,150
11446,150
14605,150
14096,150
5785,151
2956,151
14792,151
8383,151
14618,151
11826,151
8359,151
3120,151
14431,151
4852,151
11934,151
4478,151
9136,151
8908,151
7985,151
4779,151
9997,151
14300,151
14837,151
2373,151
14337,151
11372,151
10499,151
14542,151
14253,152
14560,152
6693,152
5329,152
11197,152
10466,152
3263,152
10767,152
14779,152
12447,152
3718,152
14753,152
550,152
12182,152
13837,152
15035,152
10292,152
13882,152
13714,152
14404,152
10048,152
13266,152
3258,152
11946,152
14584,152
14223,152
2453,152
14928,152
14585,152
10813,152
3453,152
9581,152
12605,152
13039,152
13459,152
9732,152
10162,152
13996,152
12467,152
1864,152
57,152
14840,152
13171,152
11925,152
14560,153
14253,153
11197,153
10466,153
3263,153
10767,153
14779,153
3718,153
14753,153
12182,153
10292,153
13714,153
14404,153
10048,153
3258,153
11946,153
14584,153
14223,153
14928,153
14585,153
10813,153
13171,153
9581,153
12605,153
13039,153
13459,153
9732,153
10162,153
13996,153
14840,153
12447,153
15035,154
13837,154
13882,154
11925,154
6693,154
13266,154
12467,154
3453,154
5329,154
1864,154
57,154
2453,154
550,154
588,155
14103,155
14825,155
1593,155
12495,155
9820,155
7996,155
14106,155
12309,155
9937,155
276,155
15078,155
6993,155
14652,155
13029,155
12903,155
14429,155
10969,155
14051,155
15008,155
9424,155
14000,155
15034,155
2725,155
14097,155
2542,155
13044,155
11672,155
13914,155
12282,155
7130,155
13559,155
12604,155
13535,155
14850,155
13943,155
4260,155
8832,155
13428,155
12915,155
13182,155
452,155
14245,155
2990,155
11410,155
14201,155
9480,155
4501,155
14694,155
8491,155
13983,155
12111,155
457,155
9899,155
14346,155
14746,155
11586,155
420,155
9892,155
5200,155
6133,155
7783,155
12013,155
11172,155
14832,155
14842,155
11253,155
1914,155
14985,155
1662,155
10852,155
14667,155
3074,155
14518,155
14686,155
12427,155
245,155
7746,155
9680,155
8128,155
13841,155
9959,155
12256,155
10789,155
11248,155
13316,155
11099,155
12777,155
13464,155
3769,155
11866,155
15032,155
1947,155
7107,155
12123,155
14133,155
7150,155
2681,155
13595,155
3245,155
12848,155
15007,155
13366,155
14776,155
9440,155
13285,155
13435,155
12171,155
9176,155
5023,155
14731,155
12741,155
12520,155
13626,155
11094,155
10718,155
13292,155
13830,155
2537,155
13900,155
11259,155
5272,155
9241,155
11489,155
14739,155
6475,155
7809,155
11811,155
11143,155
3007,155
2540,155
13993,155
14510,155
1338,155
15086,155
9457,155
14169,155
1538,155
14013,155
10659,155
10920,155
14067,155
14659,155
13339,155
9152,155
337,155
14767,155
12367,155
15003,155
14951,155
12644,155
5610,155
15090,155
14804,155
3379,155
14631,155
754,155
700,155
10571,155
11542,155
14799,155
12511,155
14964,155
10565,155
12042,155
6614,155
6707,155
398,155
12381,155
1025,155
14258,155
13057,155
1585,155
14703,155
7419,155
4654,155
5775,155
10444,155
12825,155
5883,155
14543,155
7114,155
14034,155
265,155
13026,155
10052,155
14146,155
13005,155
799,155
14363,155
11167,155
4835,155
11202,155
15005,155
2533,155
6739,155
13136,155
9295,155
10726,155
3468,155
7479,155
11794,155
10995,155
13424,155
14685,155
6853,155
6308,155
12153,155
1005,155
11313,155
11610,155
12492,155
14808,155
14766,155
14540,155
9282,155
14239,155
14376,155
2005,155
7687,155
14448,155
14848,155
6373,155
5351,155
12368,155
11898,155
12619,155
9315,155
13398,155
9135,155
13004,155
4886,155
12128,155
374,155
9704,155
5369,155
4070,155
12216,155
14517,155
3517,155
10076,155
10083,155
14220,155
14488,155
14982,155
3169,155
14470,155
10545,155
13011,155
13443,155
6637,155
14838,155
2921,155
9976,155
8175,155
14205,155
13014,155
11763,155
5595,155
12882,155
13901,155
12497,155
14675,155
11762,155
12745,155
13890,155
7082,155
9369,155
14712,155
14433,155
14852,155
14890,155
5102,155
11888,155
7116,155
14535,155
3352,155
10166,155
14342,155
10771,155
14088,155
13941,155
8181,155
14973,155
14473,155
12309,156
9820,156
6993,156
13029,156
12903,156
14051,156
14097,156
11672,156
7130,156
13559,156
12604,156
14850,156
13943,156
8832,156
452,156
14245,156
14201,156
9480,156
4501,156
14694,156
8491,156
13983,156
9899,156
11586,156
14746,156
420,156
9892,156
5200,156
12013,156
11172,156
14832,156
1662,156
14518,156
14686,156
12427,156
9680,156
8128,156
13841,156
12256,156
10789,156
1947,156
7107,156
13595,156
2681,156
3245,156
12848,156
13366,156
13285,156
12171,156
5023,156
14731,156
13626,156
10718,156
2537,156
13900,156
5272,156
11489,156
11143,156
2540,156
13993,156
1338,156
14169,156
1538,156
14013,156
9457,156
10659,156
10920,156
9152,156
14767,156
15003,156
14951,156
3379,156
700,156
11542,156
12511,156
14964,156
6707,156
6614,156
14258,156
14703,156
7419,156
10444,156
12825,156
5883,156
7114,156
265,156
13026,156
10052,156
2533,156
13136,156
13435,156
10726,156
10995,156
13424,156
14685,156
11610,156
6308,156
11313,156
12492,156
14239,156
9282,156
14376,156
7687,156
14448,156
14848,156
12619,156
13398,156
9135,156
13004,156
4886,156
9704,156
5369,156
4070,156
12216,156
14517,156
10083,156
14982,156
14470,156
14838,156
6637,156
2921,156
14205,156
11763,156
13890,156
11762,156
12745,156
9369,156
14712,156
14890,156
5102,156
11888,156
7116,156
14535,156
10771,156
10166,156
245,156
14088,156
8181,156
12309,157
13029,157
14051,157
13559,157
12604,157
13943,157
8832,157
452,157
14245,157
9480,157
14694,157
8491,157
13983,157
9899,157
14746,157
1662,157
14518,157
8128,157
12256,157
1947,157
7107,157
2681,157
3245,157
12848,157
13366,157
13285,157
5023,157
13626,157
10718,157
2537,157
5272,157
11143,157
13993,157
1538,157
14169,157
14013,157
15003,157
14951,157
3379,157
6707,157
14258,157
7419,157
10444,157
12825,157
5883,157
7114,157
265,157
2533,157
13435,157
10726,157
10995,157
13424,157
11610,157
12492,157
6308,157
14239,157
9282,157
7687,157
14448,157
14848,157
12619,157
13398,157
9135,157
13004,157
4886,157
4070,157
14517,157
14838,157
6637,157
2921,157
14205,157
11763,157
11762,157
12745,157
14712,157
14890,157
5102,157
11888,157
14535,157
10771,157
10166,157
245,157
14088,157
14848,158
12619,158
1662,158
13398,158
12309,158
14518,158
245,158
15003,158
14951,158
14051,158
1947,158
7107,158
6707,158
2681,158
13559,158
3245,158
13366,158
12848,158
14258,158
14838,158
7419,158
6637,158
2921,158
452,158
5023,158
265,158
7114,158
14205,158
13626,158
10718,158
11763,158
9480,158
8491,158
2533,158
14712,158
13983,158
5272,158
13435,158
13424,158
11610,158
12492,158
14890,158
5102,158
11888,158
14535,158
14088,158
11143,158
14239,158
14169,158
13993,158
1538,158
14013,158
7687,158
14448,159
9135,159
13004,159
4886,159
8128,159
12256,159
13029,159
4070,159
3379,159
14517,159
12604,159
13285,159
13943,159
8832,159
10444,159
12825,159
14245,159
5883,159
11762,159
12745,159
2537,159
14694,159
10726,159
9899,159
14746,159
10995,159
6308,159
10771,159
10166,159
9282,159
10659,160
10920,160
9820,160
14686,160
12427,160
9152,160
14767,160
9680,160
9704,160
13841,160
6993,160
10789,160
12903,160
5369,160
12216,160
700,160
11542,160
8181,160
12511,160
14964,160
14097,160
10083,160
11672,160
13595,160
6614,160
14982,160
7130,160
14470,160
14703,160
14850,160
12171,160
14731,160
13026,160
10052,160
14201,160
13890,160
4501,160
9369,160
13900,160
13136,160
11489,160
14376,160
11586,160
14685,160
7116,160
420,160
9892,160
11313,160
5200,160
2540,160
12013,160
11172,160
1338,160
14832,160
9457,160
588,161
14103,161
14825,161
1593,161
12495,161
7996,161
14106,161
9937,161
276,161
15078,161
14652,161
14429,161
10969,161
15008,161
9424,161
14000,161
15034,161
2725,161
2542,161
13044,161
13914,161
12282,161
13535,161
4260,161
13428,161
12915,161
13182,161
2990,161
11410,161
12111,161
457,161
14346,161
6133,161
7783,161
14842,161
11253,161
1914,161
14985,161
10852,161
14667,161
3074,161
7746,161
9959,161
12777,161
11248,161
13316,161
11099,161
13464,161
3769,161
15032,161
11866,161
12123,161
14133,161
7150,161
15007,161
14776,161
9440,161
9176,161
12741,161
12520,161
11094,161
13292,161
13830,161
11259,161
9241,161
14739,161
6475,161
7809,161
11811,161
3007,161
14510,161
15086,161
14067,161
14659,161
13339,161
337,161
12367,161
12644,161
5610,161
15090,161
14804,161
14631,161
754,161
10571,161
14799,161
10565,161
12042,161
398,161
12381,161
1025,161
13057,161
1585,161
4654,161
5775,161
14034,161
14543,161
14146,161
13005,161
799,161
14363,161
11167,161
4835,161
11202,161
15005,161
6739,161
9295,161
3468,161
7479,161
11794,161
6853,161
12153,161
1005,161
14766,161
14540,161
14808,161
2005,161
6373,161
5351,161
12368,161
11898,161
9315,161
12128,161
374,161
3517,161
10076,161
14220,161
14488,161
3169,161
10545,161
13011,161
13443,161
9976,161
8175,161
13014,161
12882,161
5595,161
13901,161
12497,161
14675,161
7082,161
14433,161
14852,161
3352,161
14342,161
13941,161
14973,161
14473,161
588,162
14103,162
14825,162
1593,162
14106,162
9937,162
15078,162
14652,162
14429,162
9424,162
2725,162
15034,162
13535,162
4260,162
13428,162
13182,162
11410,162
12111,162
6133,162
14842,162
1914,162
14985,162
10852,162
3074,162
12777,162
13464,162
15032,162
3769,162
11866,162
14133,162
7150,162
9176,162
12520,162
11259,162
14739,162
6475,162
7809,162
11811,162
14510,162
14067,162
13339,162
12644,162
5610,162
14804,162
754,162
14799,162
10565,162
1025,162
1585,162
5775,162
14034,162
13005,162
4835,162
11202,162
15005,162
9295,162
7479,162
6853,162
1005,162
14766,162
5351,162
11898,162
9315,162
12128,162
3517,162
10076,162
14220,162
14488,162
3169,162
10545,162
9976,162
13014,162
12882,162
5595,162
12497,162
14675,162
7082,162
14433,162
14852,162
3352,162
14342,162
13941,162
14473,162
1914,163
9315,163
1593,163
14067,163
10852,163
3074,163
13339,163
14106,163
9937,163
14652,163
12777,163
14804,163
15032,163
3769,163
754,163
11866,163
3517,163
10076,163
2725,163
14488,163
14133,163
10565,163
3169,163
1025,163
13535,163
4260,163
5775,163
14034,163
12520,163
11410,163
13014,163
12882,163
7082,163
11202,163
15005,163
11259,163
9295,163
7479,163
6475,163
11811,163
3352,163
14342,163
6133,163
13941,163
14473,163
5351,163
588,164
14103,164
14825,164
11898,164
14985,164
12128,164
12644,164
15078,164
5610,164
13464,164
14429,164
9424,164
15034,164
14799,164
14220,164
7150,164
10545,164
1585,164
9976,164
13428,164
9176,164
13182,164
13005,164
5595,164
12497,164
14675,164
4835,164
12111,164
14433,164
14852,164
14739,164
6853,164
7809,164
1005,164
14766,164
14510,164
14842,164
12368,165
12495,165
14659,165
14667,165
7996,165
3007,165
337,165
12367,165
7746,165
374,165
9959,165
276,165
15090,165
11248,165
13316,165
10969,165
11099,165
14631,165
6373,165
15008,165
10571,165
14000,165
12123,165
2542,165
13044,165
12042,165
13914,165
12282,165
398,165
12381,165
15007,165
13011,165
14776,165
9440,165
13057,165
13443,165
12915,165
4654,165
8175,165
14543,165
2990,165
12741,165
14146,165
11094,165
13901,165
799,165
14363,165
11167,165
13292,165
13830,165
6739,165
457,165
9241,165
3468,165
14346,165
11794,165
12153,165
14540,165
14808,165
7783,165
14973,165
15086,165
2005,165
11253,165
12368,166
12495,166
14667,166
7996,166
337,166
7746,166
9959,166
15090,166
13316,166
11248,166
10969,166
14631,166
10571,166
14000,166
12123,166
398,166
12381,166
15007,166
13011,166
14776,166
13057,166
12915,166
4654,166
8175,166
14543,166
2990,166
12741,166
11094,166
13901,166
799,166
14363,166
13292,166
457,166
3468,166
12153,166
14808,166
15086,166
2005,166
11253,166
14659,167
7783,167
12367,167
374,167
276,167
11099,167
15008,167
2542,167
13044,167
12042,167
13914,167
12282,167
13443,167
9440,167
14146,167
11167,167
13830,167
6739,167
9241,167
14346,167
11794,167
14540,167
3007,167
14973,167
6373,167
14328,168
10665,168
4164,168
10998,168
185,168
9376,168
6501,168
14945,168
6000,168
3261,168
13950,168
14883,168
10560,168
12904,168
13563,168
13405,168
10938,168
12200,168
14511,168
14186,168
4320,168
7101,168
14541,168
13699,168
12215,168
14910,168
10034,168
5544,168
13636,168
1212,168
12114,168
13688,168
13148,168
9349,168
10099,168
11729,168
1584,168
6240,168
14663,168
10539,168
14757,168
14070,168
11207,168
1903,168
5093,168
14442,168
11796,168
3059,168
12073,168
9985,168
9870,168
14390,168
934,168
11572,168
1651,168
1911,168
14135,168
8295,168
11648,168
9837,168
13904,168
14919,168
9155,168
7676,168
14771,168
449,168
14769,168
10121,168
9831,168
10965,168
7563,168
10903,168
11158,168
9842,168
8729,168
14857,168
13361,168
3006,168
14568,168
6088,168
5185,168
4311,168
13293,168
10212,168
14981,168
10161,168
13969,168
612,168
14498,168
826,168
8661,168
7188,168
14126,168
3109,168
14025,168
1756,168
10126,168
9631,168
6582,168
8300,168
14750,168
14929,168
9764,168
4831,168
13386,168
3224,168
14704,168
14941,168
10203,168
1273,168
11650,168
5238,168
9695,168
9926,168
1371,168
6314,168
12783,168
14819,168
335,168
12845,168
14002,168
263,168
13684,168
14682,168
11692,168
14309,168
4432,168
13007,168
10994,168
14182,168
6391,168
1227,168
554,168
13630,168
14729,168
6028,168
3624,168
10457,168
12582,168
4971,168
12376,168
12971,168
14221,168
9160,168
9683,168
7738,168
11565,168
12720,168
13827,168
8478,168
11943,168
13935,168
1121,168
10424,168
5816,168
904,168
12071,168
8273,168
3364,168
13324,168
14611,168
2981,168
14550,168
3583,168
12487,168
846,168
4393,168
8402,168
7745,168
13864,168
14208,168
7922,168
9724,168
9414,168
13566,168
3491,168
9742,168
13514,168
4399,168
4376,168
11274,168
1831,168
85,168
9715,168
12601,168
13357,168
4770,168
4374,168
278,168
8400,168
10602,168
8747,168
4052,168
2322,168
14644,168
10179,168
14482,168
9968,168
2230,168
14358,168
8753,168
1568,168
6156,168
1690,168
5372,168
4284,168
13524,168
12420,168
14533,168
14062,168
12280,168
8163,168
1492,168
10360,168
6287,168
8625,168
4440,168
12850,168
10082,168
12326,168
10102,168
3687,168
6985,168
10221,168
5505,168
91,168
9374,168
2149,168
11837,168
14224,168
9731,168
11414,168
5853,168
13784,168
10696,168
11623,168
14181,168
13937,168
9781,168
2124,168
14189,168
1927,168
14107,168
14086,168
3501,168
14570,168
13262,168
9816,168
12521,168
13124,168
8518,168
5905,168
11065,168
9953,168
1673,168
6902,168
12690,168
13461,168
3305,168
11540,168
13144,168
11646,168
13166,168
12332,168
528,168
14248,168
9240,168
10951,168
3190,168
2949,168
13508,168
9834,168
11936,168
14710,168
4872,168
9097,168
14176,168
202,168
6218,168
7756,168
11584,168
13809,168
12163,168
5405,168
13172,168
13649,168
14043,168
11733,168
15006,168
13511,168
3534,168
14886,168
13122,168
13925,168
14569,168
10645,168
14155,168
10044,168
7830,168
6595,168
9444,168
11046,168
2207,168
5568,168
14131,168
11385,168
12142,168
6620,168
13113,168
9914,168
6146,168
13785,168
7626,168
2557,168
8326,168
15033,168
13981,168
11483,168
14037,168
12713,168
9657,168
9330,168
12548,168
13862,168
4598,168
14980,168
5042,168
11117,168
3983,168
13406,168
14383,168
13978,168
12522,168
349,168
12471,168
3796,168
5195,168
12292,168
13876,168
10866,168
12952,168
10747,168
9614,168
3806,168
8897,168
7126,168
13667,168
10931,168
7484,168
14042,168
2708,168
8209,168
11910,168
6822,168
9261,168
13989,168
13271,168
6531,168
5985,168
3396,168
13751,168
9916,168
9626,168
98,168
8902,168
12618,168
9306,168
13902,168
13146,168
10591,168
10304,168
12936,168
5516,168
15045,168
12830,168
3409,168
12654,168
8201,168
13671,168
14549,168
11467,168
10511,168
12007,168
8514,168
7430,168
5964,168
13582,168
5189,168
13321,168
2467,168
14688,168
5392,168
12586,168
10233,168
6517,168
1187,168
14839,168
11731,168
11055,168
659,168
9396,168
11918,168
12001,168
10583,168
13580,168
4593,168
10559,168
12819,168
2544,168
13706,168
13421,168
14619,168
8827,168
7839,168
12549,168
11421,168
10639,168
13908,168
14280,168
6282,168
12717,168
11830,168
12544,168
14598,168
8990,168
7896,168
10147,168
8354,168
13353,168
13619,168
9612,168
8858,168
13470,168
12450,168
14918,168
12439,168
14602,168
9200,168
8463,168
14952,168
10140,168
11817,168
3282,168
12986,168
14579,168
14920,168
14389,168
6697,168
14408,168
3451,168
293,168
7828,168
10848,168
11501,168
14649,168
6805,168
6550,168
14900,168
12977,168
12393,168
3623,168
9030,168
9578,168
2415,168
11491,168
14237,168
12767,168
12948,168
9936,168
12267,168
12194,168
13512,168
14388,168
11527,168
2770,168
13610,168
3846,168
11498,168
404,168
931,168
13038,168
12010,168
9319,168
13245,168
6661,168
14810,168
11701,168
12061,168
13320,168
11614,168
14055,168
2556,168
5456,168
11330,168
11990,168
11190,168
8024,168
14093,168
12519,168
10319,168
14536,168
4298,168
2443,168
14373,168
11021,168
14927,168
13125,168
13852,168
10267,168
6022,168
13330,168
5414,168
9971,168
14317,168
12732,168
11676,168
10467,168
3222,168
1672,168
8066,168
14548,168
12965,168
2211,168
13955,168
14099,168
8973,168
5502,168
1469,168
14934,168
6811,168
5403,168
7886,168
12047,168
7977,168
491,168
7272,168
12988,168
6020,168
4737,168
12057,168
11897,168
3419,168
11699,168
14529,168
14149,168
13242,168
11470,168
14328,169
10665,169
4164,169
185,169
9376,169
6501,169
14945,169
6000,169
3261,169
14883,169
13563,169
13405,169
10938,169
12200,169
14511,169
14186,169
7101,169
14541,169
14910,169
10034,169
13688,169
9349,169
11729,169
1584,169
14663,169
10539,169
14757,169
14070,169
11207,169
14442,169
5093,169
11796,169
3059,169
12073,169
9985,169
9870,169
14390,169
934,169
1911,169
14135,169
8295,169
9155,169
7676,169
14771,169
10121,169
10965,169
9831,169
7563,169
10903,169
8729,169
14857,169
6088,169
13293,169
10212,169
14981,169
612,169
14498,169
8661,169
7188,169
14025,169
10126,169
9631,169
6582,169
8300,169
14750,169
14929,169
3224,169
14704,169
10203,169
1273,169
11650,169
5238,169
9695,169
9926,169
1371,169
6314,169
12783,169
14819,169
14002,169
13684,169
11692,169
14309,169
4432,169
13007,169
1227,169
554,169
6028,169
3624,169
10457,169
4971,169
12376,169
12971,169
14221,169
9160,169
9683,169
7738,169
13827,169
8478,169
13935,169
1121,169
10424,169
5816,169
904,169
8273,169
13324,169
14611,169
2981,169
3583,169
12487,169
846,169
4393,169
7745,169
13864,169
14208,169
7922,169
9724,169
9414,169
13566,169
3491,169
9742,169
13514,169
4399,169
4376,169
1831,169
9715,169
13357,169
4770,169
4374,169
278,169
8400,169
8747,169
4052,169
14644,169
14482,169
2230,169
8753,169
1568,169
6156,169
5372,169
4284,169
13524,169
12420,169
14062,169
12280,169
8163,169
1492,169
10360,169
6287,169
10082,169
3687,169
6985,169
5505,169
91,169
9374,169
2149,169
11837,169
14224,169
9731,169
5853,169
13784,169
10696,169
9781,169
2124,169
14086,169
3501,169
14570,169
13262,169
9816,169
12521,169
13124,169
8518,169
5905,169
11065,169
1673,169
6902,169
12690,169
13461,169
3305,169
13144,169
12332,169
528,169
14248,169
10951,169
2949,169
13508,169
9834,169
11936,169
14710,169
9097,169
14176,169
202,169
6218,169
12163,169
13172,169
14043,169
11733,169
15006,169
13511,169
14886,169
13925,169
10044,169
7830,169
6595,169
11046,169
2207,169
14131,169
11385,169
12142,169
6620,169
9914,169
6146,169
7626,169
8326,169
13981,169
11483,169
12548,169
4598,169
5042,169
3983,169
13978,169
349,169
12471,169
3796,169
12292,169
13876,169
12952,169
10747,169
9614,169
3806,169
7126,169
13667,169
7484,169
14042,169
8209,169
11910,169
6822,169
9261,169
13989,169
5985,169
3396,169
13751,169
9626,169
8902,169
13902,169
13146,169
10304,169
12936,169
5516,169
12830,169
3409,169
12654,169
8201,169
13671,169
14549,169
10511,169
12007,169
8514,169
7430,169
5964,169
13582,169
5189,169
13321,169
2467,169
14688,169
5392,169
12586,169
6517,169
1187,169
14839,169
11731,169
11055,169
659,169
11918,169
10583,169
13580,169
2544,169
13706,169
8827,169
12549,169
11421,169
10639,169
13908,169
12717,169
11830,169
14598,169
8354,169
13353,169
13619,169
8858,169
12450,169
12439,169
8463,169
10140,169
14579,169
14920,169
14389,169
6697,169
14408,169
10848,169
6805,169
14900,169
6550,169
12393,169
3623,169
9578,169
14237,169
12767,169
9936,169
12267,169
13512,169
14388,169
11527,169
2770,169
13610,169
3846,169
11498,169
404,169
931,169
13038,169
12010,169
9319,169
6661,169
14810,169
11701,169
12061,169
13320,169
11614,169
14055,169
2556,169
11990,169
11190,169
14093,169
12519,169
10319,169
14536,169
4298,169
14373,169
11021,169
13125,169
13852,169
10267,169
6022,169
12732,169
11676,169
3222,169
8066,169
14548,169
2211,169
14099,169
5502,169
14934,169
12047,169
7272,169
6020,169
4737,169
12057,169
11897,169
3419,169
14529,169
4872,169
13242,169
13827,170
185,170
15006,170
13511,170
10639,170
5816,170
6501,170
13925,170
6000,170
12717,170
7830,170
6595,170
13324,170
11046,170
10938,170
8354,170
7101,170
14131,170
11385,170
12487,170
4393,170
7745,170
9914,170
8858,170
13864,170
13688,170
7626,170
9724,170
8326,170
11483,170
14663,170
9742,170
3491,170
10539,170
14757,170
4376,170
10140,170
14442,170
5042,170
14579,170
3059,170
1831,170
9985,170
3983,170
13357,170
13978,170
4374,170
278,170
8747,170
349,170
14644,170
6805,170
14900,170
6550,170
14771,170
10121,170
10965,170
9831,170
3623,170
7563,170
12292,170
8753,170
6156,170
9578,170
10747,170
10903,170
9614,170
3806,170
14237,170
12767,170
14062,170
12280,170
8729,170
14857,170
13667,170
8163,170
12267,170
7484,170
14042,170
13512,170
8209,170
10360,170
2770,170
13610,170
9261,170
13989,170
404,170
14981,170
12010,170
612,170
12061,170
3396,170
8902,170
5505,170
91,170
13902,170
9374,170
2149,170
11837,170
10304,170
12936,170
9631,170
3409,170
14536,170
8300,170
4298,170
10696,170
12654,170
8201,170
14373,170
11021,170
9816,170
12521,170
8514,170
5238,170
13582,170
9695,170
9926,170
5905,170
11065,170
14819,170
14548,170
13684,170
6517,170
12690,170
5502,170
13144,170
11055,170
1227,170
12047,170
3624,170
14248,170
13580,170
2949,170
13508,170
9834,170
11936,170
12057,170
4971,170
11897,170
9160,170
14529,170
13242,170
7738,170
13827,171
185,171
13511,171
10639,171
5816,171
13925,171
6000,171
12717,171
6595,171
13324,171
11046,171
7101,171
14131,171
12487,171
7745,171
9914,171
8858,171
13864,171
13688,171
7626,171
10539,171
14757,171
4376,171
14442,171
5042,171
14579,171
3059,171
1831,171
9985,171
3983,171
13978,171
4374,171
278,171
8747,171
14644,171
6805,171
14900,171
6550,171
14771,171
10121,171
10965,171
3623,171
12292,171
8753,171
6156,171
9578,171
10747,171
10903,171
3806,171
14237,171
12767,171
8729,171
14857,171
13667,171
8163,171
12267,171
7484,171
14042,171
13512,171
8209,171
10360,171
2770,171
13610,171
404,171
14981,171
12010,171
612,171
12061,171
5505,171
13902,171
9374,171
2149,171
10304,171
12936,171
9631,171
3409,171
8300,171
4298,171
10696,171
12654,171
8201,171
14373,171
9816,171
5238,171
13582,171
9926,171
14819,171
14548,171
13684,171
5502,171
11055,171
1227,171
12047,171
14248,171
2949,171
13508,171
9834,171
11936,171
12057,171
4971,171
11897,171
9160,171
14529,171
13242,171
14757,172
14981,172
14819,172
5042,172
14548,172
3059,172
185,172
10639,172
9985,172
3983,172
13684,172
12061,172
6000,172
4374,172
5505,172
9374,172
11055,172
2149,172
6550,172
13324,172
10304,172
1227,172
11046,172
10121,172
10965,172
7101,172
14131,172
12292,172
3409,172
8300,172
4298,172
6156,172
7745,172
9914,172
8858,172
12654,172
8201,172
13508,172
9834,172
14373,172
14237,172
12057,172
11897,172
14857,172
8163,172
7484,172
9816,172
13512,172
14529,172
5238,172
13242,172
13827,173
4376,173
404,173
9926,173
12010,173
14442,173
14579,173
1831,173
13511,173
5816,173
612,173
13925,173
2770,173
13978,173
278,173
5502,173
12717,173
13902,173
8747,173
6595,173
14644,173
6805,173
14900,173
12936,173
14771,173
3623,173
9631,173
12047,173
12487,173
8753,173
10696,173
9578,173
14248,173
10747,173
10903,173
2949,173
11936,173
3806,173
13864,173
13688,173
12767,173
7626,173
4971,173
8729,173
13667,173
12267,173
14042,173
8209,173
9160,173
10360,173
13582,173
10539,173
13610,173
13989,174
10140,174
5905,174
11065,174
15006,174
6501,174
13357,174
3396,174
6517,174
12690,174
8902,174
91,174
7830,174
13144,174
349,174
11837,174
10938,174
9831,174
8354,174
7563,174
11385,174
14536,174
4393,174
3624,174
13580,174
9614,174
11021,174
14062,174
9724,174
8326,174
12280,174
9742,174
12521,174
8514,174
11483,174
14663,174
3491,174
9695,174
7738,174
9261,174
8827,175
14328,175
10665,175
4164,175
8478,175
13935,175
9376,175
14043,175
11733,175
1121,175
12549,175
10424,175
11421,175
14886,175
904,175
14945,175
13908,175
8273,175
10044,175
11830,175
3261,175
14883,175
14611,175
2981,175
2207,175
14598,175
13563,175
13405,175
12200,175
14511,175
14186,175
14541,175
12142,175
3583,175
6620,175
13353,175
13619,175
846,175
14910,175
10034,175
6146,175
14208,175
7922,175
12450,175
9349,175
9414,175
12439,175
13981,175
11729,175
1584,175
13566,175
13514,175
8463,175
4399,175
14070,175
11207,175
12548,175
4598,175
5093,175
11796,175
14920,175
12073,175
14389,175
9870,175
9715,175
6697,175
14390,175
4770,175
934,175
1911,175
14135,175
14408,175
8400,175
8295,175
4052,175
10848,175
12471,175
9155,175
7676,175
3796,175
14482,175
12393,175
2230,175
12163,175
13876,175
1568,175
12952,175
5372,175
4284,175
13524,175
12420,175
9936,175
7126,175
1492,175
6287,175
14388,175
11527,175
11910,175
6088,175
6822,175
3846,175
11498,175
931,175
13038,175
13293,175
10212,175
9319,175
5985,175
6661,175
14810,175
11701,175
14498,175
13751,175
8661,175
13320,175
7188,175
10082,175
9626,175
11614,175
3687,175
14055,175
6985,175
14025,175
2556,175
11990,175
11190,175
13146,175
10126,175
14224,175
9731,175
14093,175
5516,175
12519,175
12830,175
5853,175
13784,175
10319,175
6582,175
14750,175
14929,175
13671,175
14549,175
3224,175
9781,175
2124,175
14086,175
10511,175
3501,175
13125,175
14570,175
13262,175
14704,175
12007,175
10203,175
1273,175
7430,175
5964,175
11650,175
13852,175
13124,175
10267,175
5189,175
6022,175
1371,175
8518,175
13321,175
2467,175
12732,175
11676,175
3222,175
6314,175
12783,175
14688,175
5392,175
8066,175
1673,175
12586,175
14002,175
6902,175
2211,175
13461,175
3305,175
1187,175
14839,175
14099,175
11692,175
14309,175
11731,175
4432,175
14934,175
13007,175
659,175
554,175
12332,175
7272,175
528,175
6028,175
11918,175
10583,175
4872,175
10951,175
10457,175
6020,175
14710,175
4737,175
9097,175
14176,175
202,175
12376,175
3419,175
12971,175
14221,175
6218,175
2544,175
13706,175
9683,175
13172,175
14328,176
10665,176
4164,176
14043,176
9376,176
11421,176
1121,176
904,176
13908,176
3261,176
2207,176
14598,176
13563,176
13353,176
846,176
6146,176
12450,176
9349,176
11729,176
13566,176
8463,176
4399,176
14070,176
11207,176
5093,176
14920,176
9715,176
6697,176
4770,176
934,176
1911,176
14408,176
8295,176
4052,176
10848,176
9155,176
12393,176
2230,176
1568,176
7126,176
1492,176
6088,176
11498,176
931,176
13038,176
10212,176
6661,176
14810,176
14498,176
13320,176
8661,176
11614,176
7188,176
2556,176
3687,176
6985,176
11990,176
13146,176
9683,176
14224,176
12519,176
12830,176
5853,176
13784,176
13671,176
14549,176
3224,176
9781,176
14086,176
13125,176
10203,176
1273,176
13852,176
5964,176
6022,176
5189,176
2467,176
12732,176
11676,176
3222,176
6314,176
12783,176
14688,176
5392,176
1673,176
12586,176
6902,176
13461,176
3305,176
1187,176
11692,176
11731,176
4432,176
14934,176
13007,176
659,176
12332,176
528,176
6028,176
11918,176
10951,176
14710,176
9097,176
12376,176
6218,176
12163,176
12732,177
931,177
14070,177
11207,177
3222,177
14328,177
6314,177
10212,177
12783,177
5392,177
14920,177
1673,177
1121,177
9715,177
6697,177
14498,177
4770,177
13320,177
11614,177
7188,177
2556,177
1187,177
11692,177
8295,177
11731,177
4432,177
4052,177
13007,177
13146,177
9155,177
2207,177
12519,177
13563,177
12830,177
13784,177
12163,177
13353,177
528,177
846,177
6028,177
6146,177
14710,177
7126,177
12450,177
13125,177
10203,177
1273,177
6218,177
13566,177
9683,177
11498,178
4399,178
2467,178
13038,178
11676,178
14688,178
10665,178
4164,178
5093,178
14043,178
9376,178
11421,178
12586,178
6661,178
6902,178
14810,178
904,178
13908,178
8661,178
13461,178
934,178
3305,178
1911,178
14408,178
3687,178
6985,178
11990,178
14934,178
3261,178
10848,178
659,178
14224,178
12393,178
14598,178
2230,178
5853,178
6088,178
12332,178
1568,178
11918,178
10951,178
13671,178
14549,178
3224,178
9781,178
9097,178
14086,178
9349,178
12376,178
1492,178
13852,178
11729,178
5964,178
6022,178
5189,178
8463,178
8827,179
8478,179
13935,179
11733,179
12549,179
10424,179
14886,179
14945,179
8273,179
10044,179
11830,179
14883,179
14611,179
2981,179
13405,179
12200,179
14511,179
14186,179
14541,179
12142,179
3583,179
6620,179
13619,179
14910,179
10034,179
14208,179
7922,179
9414,179
12439,179
13981,179
1584,179
13514,179
12548,179
4598,179
11796,179
14389,179
12073,179
9870,179
14390,179
14135,179
8400,179
12471,179
7676,179
3796,179
14482,179
13876,179
12952,179
5372,179
4284,179
13524,179
12420,179
9936,179
6287,179
11527,179
14388,179
11910,179
6822,179
3846,179
13293,179
9319,179
5985,179
11701,179
13751,179
14055,179
10082,179
9626,179
14025,179
11190,179
10126,179
9731,179
14093,179
5516,179
10319,179
6582,179
14750,179
14929,179
2124,179
10511,179
3501,179
14570,179
13262,179
14704,179
12007,179
7430,179
10267,179
11650,179
13124,179
1371,179
8518,179
13321,179
13706,179
8066,179
14002,179
2211,179
14839,179
14099,179
14309,179
554,179
7272,179
10583,179
10457,179
6020,179
4737,179
14176,179
202,179
3419,179
12971,179
14221,179
2544,179
4872,179
13172,179
3846,180
8827,180
12548,180
13293,180
9319,180
8478,180
8066,180
11796,180
14389,180
5985,180
12549,180
14002,180
11701,180
14839,180
14135,180
14099,180
14309,180
12471,180
7676,180
2981,180
3796,180
9731,180
14093,180
5516,180
14186,180
14541,180
13876,180
12142,180
3583,180
6620,180
6582,180
13619,180
14929,180
7272,180
10583,180
8518,180
4872,180
12952,180
10457,180
6020,180
3501,180
7922,180
3419,180
12439,180
14704,180
14221,180
7430,180
6287,180
14388,180
13124,180
11910,180
2544,180
13514,180
1371,180
13321,180
13706,181
4598,181
13935,181
11733,181
12073,181
9870,181
10424,181
14886,181
14390,181
2211,181
14945,181
13751,181
14055,181
8273,181
10082,181
9626,181
10044,181
8400,181
14025,181
11190,181
11830,181
14883,181
10126,181
14611,181
14482,181
554,181
13405,181
12200,181
14511,181
10319,181
14750,181
5372,181
4284,181
13524,181
14910,181
10034,181
4737,181
2124,181
12420,181
14208,181
9936,181
10511,181
14176,181
202,181
9414,181
14570,181
13262,181
12971,181
12007,181
13981,181
1584,181
10267,181
11650,181
11527,181
13172,181
6822,181
12720,182
13649,182
7839,182
11943,182
10998,182
13122,182
12071,182
14569,182
14280,182
10645,182
14155,182
3364,182
6282,182
13950,182
9444,182
10560,182
12904,182
12544,182
8990,182
7896,182
10147,182
14550,182
5568,182
4320,182
13113,182
9612,182
8402,182
13699,182
12215,182
5544,182
1212,182
13636,182
12114,182
13470,182
13785,182
13148,182
2557,182
14918,182
14602,182
10099,182
15033,182
9200,182
6240,182
14037,182
12713,182
9657,182
14952,182
9330,182
11817,182
3282,182
13862,182
14980,182
12986,182
1903,182
11274,182
11117,182
85,182
12601,182
13406,182
14383,182
11572,182
1651,182
3451,182
12522,182
11648,182
10602,182
9837,182
293,182
7828,182
13904,182
14919,182
2322,182
11501,182
10179,182
14649,182
12977,182
449,182
5195,182
14769,182
9968,182
14358,182
9030,182
1690,182
10866,182
2415,182
11491,182
14533,182
8897,182
12948,182
11158,182
9842,182
13361,182
10931,182
12194,182
2708,182
3006,182
11470,182
8625,182
14568,182
13271,182
5185,182
4311,182
6531,182
10161,182
4440,182
13245,182
13969,182
826,182
12850,182
9916,182
12326,182
14126,182
10102,182
3109,182
98,182
10221,182
5456,182
12618,182
9306,182
11330,182
8024,182
1756,182
10591,182
11414,182
15045,182
9764,182
11623,182
14181,182
13937,182
4831,182
2443,182
13386,182
14189,182
11467,182
1927,182
14927,182
14107,182
14941,182
13330,182
5414,182
9971,182
14317,182
10467,182
1672,182
9953,182
335,182
14149,182
12845,182
263,182
10233,182
12965,182
13955,182
14682,182
11540,182
8973,182
1469,182
6811,182
5403,182
10994,182
14182,182
6391,182
11646,182
13630,182
13166,182
9396,182
7886,182
7977,182
491,182
14729,182
12001,182
9240,182
3190,182
12988,182
12582,182
4593,182
10559,182
12819,182
11699,182
7756,182
3534,182
11584,182
13809,182
5405,182
13421,182
14619,182
11565,182
7839,183
11943,183
10998,183
13122,183
12071,183
10645,183
3364,183
6282,183
13950,183
12544,183
12904,183
8990,183
10147,183
14550,183
13113,183
9612,183
8402,183
1212,183
13785,183
2557,183
14918,183
14602,183
10099,183
15033,183
9200,183
9657,183
9330,183
11817,183
3282,183
1903,183
11117,183
85,183
13406,183
14383,183
11572,183
3451,183
9837,183
7828,183
13904,183
14919,183
2322,183
11501,183
10179,183
12977,183
449,183
14769,183
9030,183
10866,183
11491,183
9842,183
10931,183
12194,183
2708,183
3006,183
14568,183
13271,183
5185,183
4311,183
6531,183
10161,183
13969,183
826,183
12850,183
12326,183
5456,183
10102,183
98,183
10221,183
11330,183
9306,183
10591,183
11414,183
14181,183
4831,183
2443,183
13386,183
11467,183
14927,183
14107,183
14941,183
13330,183
9971,183
14317,183
1672,183
9953,183
335,183
12845,183
10233,183
13955,183
14682,183
11540,183
8973,183
1469,183
5403,183
10994,183
11646,183
13630,183
13166,183
7886,183
491,183
14729,183
12001,183
3190,183
12988,183
4593,183
12819,183
11699,183
14149,183
13809,183
5405,183
13421,183
11470,183
11565,183
13271,184
5185,184
14317,184
7839,184
9330,184
11817,184
3282,184
4311,184
1672,184
6531,184
11565,184
9953,184
10161,184
11117,184
12845,184
13421,184
13122,184
13969,184
13406,184
12071,184
14383,184
826,184
12850,184
10645,184
11572,184
12326,184
5456,184
98,184
3451,184
10221,184
11330,184
9837,184
7828,184
13950,184
13904,184
14919,184
11501,184
10591,184
12544,184
10179,184
13630,184
13166,184
14769,184
7886,184
9030,184
13113,184
14729,184
9612,184
14181,184
10866,184
2443,184
13386,184
11491,184
1212,184
13955,184
4593,184
14927,184
13785,184
9842,184
12819,184
14918,184
11699,184
14602,184
10931,184
12194,184
10099,184
15033,184
14941,184
11470,184
14149,184
5405,184
14568,184
9657,184
9971,184
5185,185
14317,185
4311,185
1672,185
3282,185
10161,185
13969,185
13122,185
14383,185
13955,185
826,185
12850,185
11572,185
10221,185
9837,185
7828,185
13950,185
13904,185
14919,185
11501,185
12544,185
10179,185
7886,185
9612,185
14181,185
10866,185
13386,185
11491,185
14927,185
9842,185
12819,185
14918,185
11699,185
15033,185
14149,185
5405,185
14568,185
9971,185
13271,186
7839,186
11817,186
9330,186
6531,186
9953,186
11117,186
12845,186
13406,186
12071,186
10645,186
12326,186
5456,186
98,186
3451,186
11330,186
10591,186
13630,186
13166,186
14769,186
9030,186
13113,186
14729,186
2443,186
9657,186
1212,186
4593,186
13785,186
14602,186
10931,186
12194,186
10099,186
14941,186
13421,186
11470,186
11565,186
1903,187
11943,187
10998,187
335,187
85,187
10233,187
14682,187
10102,187
11540,187
3364,187
6282,187
8973,187
9306,187
1469,187
2322,187
5403,187
10994,187
11646,187
12904,187
12977,187
11414,187
449,187
8990,187
10147,187
13809,187
14550,187
491,187
8402,187
12001,187
3190,187
4831,187
12988,187
11467,187
14107,187
2557,187
2708,187
9200,187
3006,187
13330,187
12720,188
14952,188
10467,188
13649,188
13862,188
14980,188
12986,188
11274,188
4440,188
13245,188
12601,188
263,188
12965,188
14569,188
14280,188
9916,188
1651,188
14126,188
14155,188
3109,188
12522,188
12618,188
11648,188
10602,188
293,188
8024,188
5414,188
1756,188
6811,188
14649,188
9444,188
10560,188
14182,188
6391,188
5195,188
7896,188
9968,188
15045,188
5568,188
9396,188
4320,188
14358,188
7977,188
8625,188
9764,188
1690,188
11623,188
13937,188
9240,188
13699,188
2415,188
12215,188
5544,188
12582,188
13636,188
14533,188
12114,188
14189,188
1927,188
13470,188
8897,188
12948,188
13148,188
11158,188
10559,188
13361,188
6240,188
7756,188
3534,188
11584,188
14037,188
12713,188
14619,188
12720,189
13649,189
13862,189
12601,189
12965,189
1651,189
3109,189
11648,189
10602,189
8024,189
14649,189
9444,189
10560,189
6391,189
5195,189
9396,189
9968,189
15045,189
4320,189
12215,189
5544,189
13636,189
14533,189
13148,189
13361,189
6240,189
7756,189
3534,189
11584,189
12713,189
14952,190
10467,190
14980,190
12986,190
11274,190
4440,190
13245,190
263,190
14569,190
14280,190
9916,190
14126,190
14155,190
12522,190
12618,190
293,190
1756,190
6811,190
14182,190
7896,190
5568,190
14358,190
7977,190
8625,190
9764,190
1690,190
11623,190
13937,190
9240,190
13699,190
2415,190
12582,190
14189,190
12114,190
1927,190
13470,190
8897,190
12948,190
11158,190
10559,190
14037,190
5414,190
14619,190
13593,191
14976,191
14913,191
13679,191
15091,191
9795,191
15038,191
14879,191
8042,191
15094,191
7259,191
13255,191
14522,191
14665,191
12856,191
14599,191
10322,191
4709,191
13331,191
10915,191
14802,191
10005,191
7403,191
14868,191
10401,191
14760,191
8676,191
13505,191
14790,191
5601,191
14824,191
13159,191
13309,191
10936,191
13417,191
994,191
11963,191
14348,191
14787,191
10961,191
15049,191
11959,191
9446,191
14555,191
14327,191
14687,191
14875,191
14441,191
14159,191
13413,191
15027,191
13389,191
13754,191
15042,191
15071,191
5903,191
12383,191
884,191
24025,191
14214,191
14715,191
11756,191
14513,191
14921,191
14371,191
14232,191
661,191
9327,191
14588,191
14953,191
14105,191
8218,191
14595,191
14515,191
979,191
14733,191
14439,191
14478,191
13768,191
13528,191
13313,191
5031,191
4458,191
12533,191
14971,191
2632,191
14989,191
1455,191
14706,191
12453,191
13075,191
302,191
10640,191
15037,191
12633,191
14793,191
15101,191
9716,191
14670,191
13233,191
14655,191
15048,191
1118,191
7957,191
10422,191
14994,191
15014,191
13532,191
3616,191
1211,191
14797,191
14743,191
13457,191
4443,191
15022,191
14856,191
14791,191
14718,191
12249,191
13347,191
1269,191
14996,191
14338,191
10820,191
12371,191
14265,191
13971,191
12734,191
13857,191
13537,191
13042,191
14464,191
15057,191
15040,191
5873,191
15064,191
14411,191
10677,191
11280,191
12517,191
643,191
11052,191
13179,191
14717,191
571,191
7195,191
14922,191
13513,191
14991,191
14701,191
14421,191
11842,191
9078,191
1024,191
14152,191
14539,191
10619,191
13094,191
12245,191
14438,191
3781,191
15039,191
13488,191
13570,191
254,191
14676,191
11488,191
15069,191
15099,191
14578,191
13641,191
1443,191
14878,191
14195,191
14777,191
8771,191
12802,191
14627,191
371,191
14228,191
3024,191
14720,191
14177,191
13948,191
13077,191
3625,191
6211,191
13578,191
10519,191
4016,191
4641,191
10824,191
14528,191
699,191
14869,191
15072,191
7069,191
14932,191
10368,191
9986,191
14343,191
15030,191
15016,191
14608,191
3702,191
13761,191
13062,191
6400,191
15004,191
14160,191
14930,191
12050,191
14207,191
8786,191
14154,191
13891,191
14693,191
9730,191
14755,191
12523,191
12768,191
14972,191
14836,191
8074,191
12494,191
13213,191
14912,191
10907,191
14071,191
10081,191
9770,191
13762,191
14960,191
14744,191
10502,191
13020,191
11029,191
11761,191
14468,191
10504,191
15025,191
6477,191
12225,191
12659,191
14593,191
13522,191
13519,191
14897,191
14127,191
2323,191
11865,191
9472,191
9810,191
782,191
14830,191
14942,191
15088,191
736,191
14957,191
14450,191
15031,191
12039,191
15010,191
14896,191
13162,191
15046,191
5940,191
12716,191
14870,191
12397,191
5782,191
14538,191
14509,191
15021,191
14359,191
7507,191
2386,191
1764,191
14669,191
11373,191
14944,191
14564,191
14047,191
7144,191
12468,191
14867,191
14050,191
8196,191
14407,191
3262,191
13121,191
9165,191
6662,191
13521,191
1215,191
11115,191
11224,191
14892,191
14170,191
12608,191
13596,191
13492,191
14884,191
14938,191
13651,191
10710,191
14255,191
6912,191
12284,191
6447,191
14745,191
15055,191
15047,191
10333,191
12996,191
10380,191
14990,191
14463,191
660,191
10199,191
2452,191
12719,191
13084,191
1518,191
27377,191
14471,191
14727,191
14606,191
14547,191
15050,191
13774,191
1321,191
13564,191
14091,191
14997,191
15020,191
14329,191
13681,191
2408,191
5307,191
774,191
10157,191
15041,191
13517,191
15073,191
10170,191
14672,191
13861,191
14862,191
14609,191
1752,191
14634,191
14898,191
9640,191
9427,191
4138,191
10612,191
14620,191
10318,191
14664,191
13323,191
14970,191
13956,191
1038,191
9218,191
3553,191
11645,191
4942,191
3335,191
14722,191
8575,191
2123,191
14764,191
14514,191
13590,191
1250,191
15089,191
12033,191
11210,191
13933,191
15081,191
14601,191
10348,191
13407,191
4095,191
12499,191
14847,191
12568,191
14692,191
3716,191
15075,191
14962,191
12498,191
3243,191
13131,191
14230,191
13737,191
6497,191
14418,191
14636,191
15051,191
10063,191
12185,191
14269,191
12116,191
14963,191
14762,191
15028,191
14872,191
15083,191
14033,191
14400,191
10094,191
9767,191
12243,191
12880,191
14806,191
13863,191
14241,191
14523,191
14573,191
14335,191
10134,191
11766,191
14796,191
14893,191
14458,191
15063,191
14936,191
14905,191
14610,191
14479,191
14364,191
14259,191
11044,191
2199,191
14505,191
14843,191
13932,191
14661,191
12877,191
14966,191
11776,191
15000,191
14902,191
14882,191
8170,191
9863,191
14723,191
14866,191
1610,191
2071,191
15012,191
6397,191
14353,191
14965,191
1609,191
14851,191
1495,191
12968,191
11057,191
6733,191
12020,191
13822,191
15085,191
5709,191
3182,191
14983,191
12266,191
5790,191
9676,191
21552,191
11298,191
13659,191
14075,191
12043,191
14566,191
11169,191
14622,191
5705,191
11353,191
14785,191
11668,191
9982,191
14841,191
12535,191
14282,191
8823,191
6345,191
11802,191
14382,191
14065,191
14334,191
14684,191
1480,191
14956,191
13076,191
12710,191
15026,191
14782,191
13462,191
14650,191
12150,191
14565,191
2103,191
10173,191
14828,191
14949,191
12356,191
14587,191
11777,191
14924,191
13453,191
15044,191
10357,191
2525,191
11535,191
12257,191
11724,191
14939,191
9888,191
13712,191
10783,191
14132,191
10569,191
7228,191
11121,191
12616,191
14961,191
2913,191
14926,191
14783,191
11879,191
14577,191
12498,192
13593,192
14976,192
13679,192
15091,192
12517,192
15038,192
14879,192
14509,192
15021,192
13737,192
8042,192
15094,192
7259,192
13179,192
13255,192
7507,192
571,192
1764,192
14922,192
12185,192
13331,192
12116,192
14421,192
10915,192
14963,192
14802,192
14564,192
14152,192
14539,192
14033,192
13505,192
14867,192
10619,192
14824,192
13309,192
9767,192
13094,192
14241,192
14348,192
14787,192
11766,192
14796,192
15069,192
14170,192
11959,192
14893,192
14458,192
9446,192
15099,192
14327,192
14578,192
13596,192
14687,192
15063,192
14905,192
13641,192
14610,192
15027,192
14878,192
14195,192
8771,192
12802,192
14259,192
371,192
15042,192
6447,192
11776,192
884,192
15000,192
24025,192
14902,192
13948,192
14882,192
9863,192
14723,192
6211,192
2071,192
14715,192
14528,192
10380,192
14513,192
15072,192
14371,192
14343,192
15030,192
15016,192
14588,192
14953,192
12968,192
14439,192
2452,192
12719,192
13084,192
15085,192
13761,192
5709,192
27377,192
13528,192
13062,192
14471,192
5790,192
12050,192
15050,192
14989,192
14091,192
14693,192
9730,192
21552,192
12768,192
12523,192
14997,192
14972,192
13659,192
15020,192
12043,192
14329,192
14566,192
11169,192
10640,192
10157,192
14622,192
15041,192
12535,192
14672,192
15101,192
9716,192
13233,192
14655,192
14071,192
15048,192
14334,192
14609,192
14684,192
1752,192
9770,192
13762,192
14960,192
10422,192
11029,192
14468,192
10504,192
9640,192
3616,192
15025,192
6477,192
12150,192
13519,192
14897,192
11865,192
9472,192
14718,192
14970,192
13347,192
13956,192
9218,192
14949,192
14996,192
11777,192
14924,192
4942,192
14942,192
12371,192
15088,192
736,192
13971,192
11535,192
14764,192
14939,192
14957,192
15089,192
15031,192
15010,192
15081,192
15046,192
5940,192
15057,192
14847,192
15040,192
5873,192
14692,192
14364,192
3716,192
14869,192
14577,192
10677,192
14962,192
13593,193
14976,193
13084,193
15085,193
5709,193
27377,193
13528,193
13737,193
15050,193
15094,193
7507,193
13255,193
15027,193
571,193
14364,193
14091,193
14922,193
21552,193
13956,193
14997,193
13331,193
15020,193
14421,193
14962,193
14963,193
11169,193
10640,193
14622,193
15000,193
24025,193
14152,193
14539,193
14902,193
14882,193
14867,193
14824,193
14715,193
15089,193
13094,193
14071,193
14513,193
15081,193
15072,193
15046,193
15048,193
14684,193
14371,193
14343,193
14960,193
10422,193
15016,193
11029,193
12968,193
14692,193
10504,193
11766,193
15069,193
15085,194
13593,194
14976,194
5709,194
13084,194
13737,194
7507,194
13255,194
15027,194
571,194
14091,194
14922,194
13956,194
14997,194
13331,194
15020,194
14963,194
11169,194
10640,194
14622,194
10504,194
14152,194
14539,194
14882,194
14867,194
14824,194
15069,194
14715,194
13094,194
14513,194
15081,194
15072,194
15046,194
15048,194
14684,194
14371,194
14343,194
14960,194
11029,194
15016,194
12968,194
14692,194
14364,194
14962,194
14922,195
13593,195
13956,195
14997,195
14539,195
14867,195
15046,195
15020,195
14962,195
13737,195
14963,195
11169,195
14715,195
11029,195
15027,195
14091,195
15069,195
14922,196
13956,196
14867,196
14997,196
15020,196
15069,196
14963,196
11169,196
14715,196
15027,196
14091,196
14539,196
14962,196
14922,197
13956,197
14867,197
14997,197
14539,197
15020,197
14962,197
14963,197
11169,197
14715,197
14091,197
15069,197
15027,198
13737,199
13593,199
11029,199
15046,199
15085,200
14976,200
13084,200
5709,200
7507,200
13255,200
571,200
14364,200
13331,200
10640,200
14622,200
14152,200
14882,200
14824,200
13094,200
14513,200
15081,200
15072,200
15048,200
14684,200
14371,200
14343,200
14960,200
15016,200
12968,200
14692,200
10504,200
21552,200
27377,200
13528,200
14421,200
14071,200
15050,200
15094,200
15089,200
10422,200
11766,200
15000,200
24025,200
14902,200
13528,201
14421,201
15050,201
15094,201
15089,201
10422,201
15000,201
11766,201
14902,201
14071,201
27377,201
21552,201
24025,201
12498,202
13679,202
15091,202
12517,202
15038,202
14879,202
14509,202
15021,202
8042,202
7259,202
13179,202
1764,202
12185,202
12116,202
10915,202
14802,202
14564,202
14033,202
13505,202
10619,202
13309,202
9767,202
14241,202
14348,202
14787,202
14796,202
14170,202
11959,202
14893,202
14458,202
9446,202
15099,202
14327,202
14578,202
13596,202
14687,202
14905,202
15063,202
13641,202
14610,202
14878,202
14195,202
8771,202
12802,202
14259,202
371,202
15042,202
6447,202
11776,202
884,202
13948,202
9863,202
14723,202
6211,202
2071,202
14528,202
10380,202
15030,202
14588,202
14953,202
2452,202
14439,202
12719,202
13761,202
14471,202
13062,202
5790,202
12050,202
14989,202
14693,202
9730,202
12768,202
12523,202
14972,202
13659,202
12043,202
14329,202
14566,202
10157,202
15041,202
12535,202
14672,202
15101,202
9716,202
13233,202
14655,202
14334,202
14609,202
1752,202
9770,202
13762,202
14468,202
9640,202
3616,202
15025,202
6477,202
12150,202
13519,202
14897,202
11865,202
9472,202
14718,202
14970,202
13347,202
9218,202
14949,202
14996,202
11777,202
14924,202
4942,202
14942,202
12371,202
15088,202
736,202
13971,202
11535,202
14764,202
14939,202
14957,202
15031,202
15010,202
5940,202
15057,202
14847,202
15040,202
5873,202
3716,202
14869,202
14577,202
10677,202
12498,203
8042,203
13179,203
1764,203
12185,203
14564,203
13505,203
10619,203
9767,203
14241,203
14787,203
11959,203
9446,203
15099,203
14327,203
14578,203
14687,203
13641,203
14610,203
8771,203
12802,203
14259,203
371,203
6447,203
884,203
13948,203
9863,203
14723,203
6211,203
14528,203
10380,203
15030,203
14588,203
14953,203
14439,203
2452,203
12719,203
13761,203
14471,203
13062,203
5790,203
14989,203
14693,203
9730,203
12768,203
12523,203
14972,203
13659,203
12043,203
10157,203
15041,203
9716,203
13233,203
14655,203
14334,203
1752,203
9770,203
13762,203
14468,203
3616,203
6477,203
14897,203
11865,203
9472,203
14718,203
9218,203
13347,203
14949,203
14996,203
11777,203
14924,203
4942,203
14942,203
736,203
14939,203
14957,203
15031,203
5873,203
3716,203
14577,203
6477,204
13761,204
14578,204
8042,204
14989,204
1764,204
9472,204
8771,204
14259,204
371,204
12523,204
14949,204
14996,204
884,204
13505,204
9863,204
14439,204
736,204
15031,204
9716,204
13233,204
9770,204
14953,204
3716,204
3616,204
2452,204
8771,205
9863,205
13761,205
371,205
12523,205
736,205
9716,205
14578,205
14996,205
9770,205
8042,205
884,205
1764,205
3616,205
9472,205
2452,205
9863,206
13761,206
12523,206
9770,206
8042,206
9716,206
1764,206
3616,206
9472,206
2452,206
8771,207
371,207
736,207
14578,207
14996,207
884,207
13505,208
6477,208
14259,208
14949,208
15031,208
14953,208
14989,208
3716,208
13233,208
14439,208
12498,209
11959,209
12719,209
9446,209
15099,209
14327,209
14471,209
13062,209
14687,209
5790,209
13641,209
14897,209
13179,209
14610,209
11865,209
14718,209
14693,209
9730,209
12802,209
12768,209
9218,209
13347,209
12185,209
14972,209
13659,209
12043,209
6447,209
11777,209
14564,209
10157,209
14924,209
4942,209
15041,209
13948,209
14942,209
14723,209
10619,209
6211,209
14939,209
14957,209
9767,209
14528,209
10380,209
14655,209
14334,209
15030,209
14241,209
14787,209
1752,209
13762,209
14588,209
14468,209
5873,209
14577,209
14170,210
14893,210
14458,210
13679,210
15091,210
15063,210
12517,210
15038,210
13596,210
14879,210
14905,210
14509,210
15021,210
12050,210
12150,210
13519,210
7259,210
14878,210
14195,210
14970,210
12116,210
15042,210
10915,210
11776,210
14329,210
14566,210
14802,210
14033,210
12371,210
15088,210
13971,210
11535,210
12535,210
15025,210
14764,210
2071,210
13309,210
14672,210
15101,210
15010,210
14869,210
14609,210
5940,210
14348,210
15057,210
14847,210
15040,210
9640,210
14796,210
10677,210
12371,211
14458,211
13679,211
15091,211
13971,211
11535,211
15042,211
14509,211
15021,211
10915,211
15040,211
14802,211
7259,211
15101,211
15010,211
14869,211
14796,211
14033,211
12371,212
14458,212
15091,212
11535,212
15042,212
15021,212
15040,212
14802,212
7259,212
15101,212
15010,212
14869,212
14796,212
14033,212
13679,213
10915,213
13971,213
14509,213
14170,214
14893,214
15063,214
12517,214
15038,214
13596,214
14879,214
14905,214
12150,214
12050,214
13519,214
14878,214
14195,214
14970,214
12116,214
11776,214
14329,214
14566,214
15088,214
12535,214
14764,214
2071,214
13309,214
14672,214
14609,214
5940,214
14348,214
15057,214
14847,214
9640,214
15025,214
10677,214
14913,215
9795,215
14522,215
14665,215
12856,215
14599,215
10322,215
4709,215
10005,215
7403,215
14868,215
10401,215
14760,215
8676,215
14790,215
5601,215
13159,215
10936,215
13417,215
994,215
11963,215
10961,215
15049,215
14555,215
14875,215
14441,215
14159,215
13413,215
13389,215
13754,215
15071,215
5903,215
12383,215
14214,215
11756,215
14921,215
14232,215
661,215
9327,215
14105,215
14515,215
14595,215
8218,215
979,215
14733,215
14478,215
13768,215
13313,215
5031,215
4458,215
12533,215
14971,215
2632,215
1455,215
14706,215
12453,215
13075,215
302,215
15037,215
12633,215
14793,215
14670,215
1118,215
7957,215
14994,215
15014,215
13532,215
1211,215
14797,215
14743,215
13457,215
4443,215
15022,215
14856,215
14791,215
12249,215
1269,215
14338,215
10820,215
14265,215
12734,215
13857,215
13537,215
13042,215
14464,215
15064,215
14411,215
11280,215
643,215
11052,215
14717,215
7195,215
13513,215
14991,215
14701,215
11842,215
9078,215
1024,215
12245,215
14438,215
3781,215
15039,215
13488,215
13570,215
254,215
14676,215
11488,215
1443,215
14777,215
14627,215
14228,215
3024,215
14720,215
14177,215
13077,215
3625,215
13578,215
10519,215
4016,215
4641,215
10824,215
699,215
7069,215
14932,215
10368,215
9986,215
14608,215
3702,215
6400,215
15004,215
14160,215
14930,215
14207,215
8786,215
14154,215
13891,215
14755,215
14836,215
8074,215
12494,215
13213,215
14912,215
10907,215
10081,215
14744,215
13020,215
10502,215
11761,215
12225,215
12659,215
14593,215
13522,215
14127,215
2323,215
9810,215
782,215
14830,215
14450,215
12039,215
14896,215
13162,215
12716,215
14870,215
12397,215
5782,215
14538,215
14359,215
2386,215
14669,215
11373,215
14944,215
14047,215
7144,215
12468,215
14050,215
8196,215
14407,215
3262,215
13121,215
9165,215
6662,215
13521,215
1215,215
11115,215
11224,215
14892,215
12608,215
13492,215
14884,215
14938,215
13651,215
10710,215
14255,215
6912,215
12284,215
14745,215
15055,215
15047,215
10333,215
12996,215
14990,215
14463,215
660,215
10199,215
1518,215
14727,215
14606,215
14547,215
13774,215
1321,215
13564,215
13681,215
2408,215
5307,215
774,215
13517,215
15073,215
10170,215
13861,215
14862,215
14634,215
14898,215
9427,215
4138,215
10612,215
14620,215
10318,215
14664,215
13323,215
1038,215
3553,215
11645,215
3335,215
14722,215
8575,215
2123,215
14514,215
13590,215
1250,215
12033,215
11210,215
13933,215
14601,215
10348,215
13407,215
4095,215
12499,215
12568,215
15075,215
3243,215
13131,215
14230,215
6497,215
14418,215
14636,215
15051,215
10063,215
14269,215
14762,215
15028,215
14872,215
15083,215
14400,215
10094,215
12243,215
12880,215
14806,215
13863,215
14523,215
14573,215
14335,215
10134,215
14936,215
14479,215
11044,215
2199,215
14505,215
14843,215
13932,215
14661,215
12877,215
14966,215
8170,215
14866,215
1610,215
15012,215
6397,215
14353,215
14965,215
1609,215
1495,215
14851,215
11057,215
6733,215
12020,215
13822,215
3182,215
14983,215
12266,215
9676,215
11298,215
14075,215
5705,215
11353,215
14785,215
11668,215
9982,215
14841,215
14282,215
8823,215
6345,215
11802,215
14382,215
14065,215
1480,215
14956,215
13076,215
12710,215
15026,215
14782,215
13462,215
14650,215
14565,215
2103,215
10173,215
14828,215
12356,215
14587,215
13453,215
15044,215
10357,215
2525,215
12257,215
11724,215
9888,215
13712,215
10783,215
14132,215
10569,215
7228,215
11121,215
12616,215
14961,215
2913,215
14926,215
14783,215
11879,215
14913,216
643,216
11052,216
14230,216
14359,216
14522,216
14418,216
14636,216
14669,216
12856,216
13513,216
14991,216
10322,216
4709,216
15051,216
14701,216
11842,216
15028,216
10005,216
7403,216
9078,216
14868,216
7144,216
1024,216
10401,216
8676,216
14790,216
8196,216
14400,216
14407,216
13417,216
3262,216
994,216
11963,216
10094,216
12243,216
12245,216
12880,216
13121,216
3781,216
15039,216
13488,216
13521,216
13570,216
1215,216
11224,216
14573,216
14335,216
10134,216
14892,216
14676,216
10961,216
15049,216
12608,216
14555,216
14936,216
14884,216
14938,216
13651,216
1443,216
14159,216
13413,216
14777,216
14627,216
11044,216
2199,216
14228,216
14505,216
14720,216
14843,216
14661,216
12383,216
14745,216
15055,216
13077,216
8170,216
15047,216
14866,216
10333,216
14214,216
12996,216
14353,216
14990,216
14965,216
14921,216
7069,216
14932,216
10368,216
9986,216
14463,216
660,216
1609,216
14851,216
10199,216
11057,216
14515,216
6733,216
8218,216
979,216
14733,216
12020,216
13822,216
14608,216
14478,216
3702,216
3182,216
13768,216
12266,216
13313,216
15004,216
14160,216
14606,216
12533,216
14207,216
8786,216
14547,216
13774,216
14154,216
1321,216
13891,216
14706,216
14755,216
11298,216
12453,216
14836,216
13075,216
15075,216
14075,216
302,216
11353,216
13517,216
15037,216
15073,216
9982,216
14841,216
10170,216
13213,216
14282,216
8823,216
14793,216
14670,216
6345,216
11802,216
10081,216
1118,216
1480,216
7957,216
14634,216
14956,216
15014,216
11761,216
14898,216
12710,216
15026,216
14782,216
12225,216
13462,216
10612,216
12659,216
14797,216
14650,216
14593,216
2103,216
4443,216
14127,216
2323,216
14856,216
14791,216
10318,216
10173,216
12249,216
1038,216
14587,216
9810,216
14830,216
11645,216
13453,216
3335,216
8575,216
15044,216
14265,216
10357,216
12257,216
12734,216
11724,216
9888,216
1250,216
14450,216
12039,216
12033,216
13712,216
13857,216
13537,216
13162,216
10783,216
14132,216
10569,216
7228,216
13407,216
14464,216
12499,216
14961,216
12397,216
5782,216
12568,216
11879,216
15064,216
14411,216
11280,216
14913,217
643,217
11052,217
14230,217
14359,217
14522,217
14418,217
12856,217
13513,217
14991,217
10322,217
4709,217
14701,217
11842,217
9078,217
7403,217
14868,217
7144,217
10401,217
14790,217
8196,217
13417,217
3262,217
994,217
11963,217
10094,217
12243,217
12245,217
12880,217
3781,217
15039,217
13488,217
13521,217
13570,217
11224,217
14573,217
14335,217
10134,217
14892,217
14676,217
10961,217
15049,217
12608,217
14555,217
14884,217
14938,217
13651,217
1443,217
14159,217
13413,217
11044,217
2199,217
14505,217
14843,217
14720,217
14661,217
12383,217
14745,217
13077,217
8170,217
15047,217
10333,217
14214,217
12996,217
14921,217
10368,217
1609,217
660,217
11057,217
14515,217
6733,217
8218,217
979,217
13822,217
14608,217
14478,217
3702,217
3182,217
13768,217
12266,217
13313,217
15004,217
14160,217
14606,217
12533,217
14547,217
8786,217
13774,217
13891,217
11298,217
12453,217
14075,217
13075,217
302,217
11353,217
9982,217
14841,217
10170,217
13213,217
14282,217
8823,217
14670,217
6345,217
1118,217
1480,217
14634,217
15014,217
14898,217
15026,217
13462,217
14650,217
10612,217
12659,217
14797,217
14593,217
2103,217
4443,217
14127,217
2323,217
10173,217
14791,217
12249,217
14587,217
9810,217
11645,217
3335,217
8575,217
15044,217
14265,217
10357,217
12257,217
12734,217
11280,217
11724,217
9888,217
1250,217
14450,217
13712,217
12033,217
13857,217
10569,217
7228,217
13407,217
14464,217
14961,217
5782,217
12568,217
11879,217
15075,217
15026,218
3702,218
3182,218
14555,218
14650,218
13313,218
643,218
14160,218
14606,218
13651,218
8786,218
1443,218
2103,218
2323,218
14522,218
14791,218
979,218
13513,218
11044,218
10322,218
4709,218
14843,218
14701,218
14587,218
9810,218
11645,218
7403,218
14745,218
7144,218
10401,218
9982,218
8575,218
15044,218
14790,218
8170,218
10357,218
10333,218
14214,218
9888,218
3262,218
1250,218
14670,218
12245,218
6345,218
7228,218
3781,218
10368,218
13521,218
1609,218
1118,218
660,218
13407,218
14634,218
5782,218
14573,218
6733,218
14335,218
10134,218
15014,218
15075,218
15026,219
3702,219
14650,219
643,219
14522,219
14791,219
11044,219
4709,219
11645,219
7403,219
14745,219
10401,219
14790,219
8170,219
10357,219
10333,219
10134,219
6345,219
660,219
6733,219
979,219
15075,219
979,220
3702,220
14790,220
8170,220
10357,220
4709,220
14650,220
10333,220
643,220
660,220
7403,220
6733,220
14522,220
14791,220
6345,220
15026,221
11044,221
11645,221
14745,221
10134,221
10401,221
15075,221
3182,222
14555,222
13313,222
14606,222
14160,222
13651,222
8786,222
1443,222
2103,222
2323,222
13513,222
10322,222
14843,222
14701,222
14587,222
9810,222
7144,222
9982,222
8575,222
15044,222
14214,222
9888,222
3262,222
1250,222
14670,222
12245,222
7228,222
3781,222
10368,222
13521,222
1609,222
1118,222
13407,222
14634,222
5782,222
14573,222
15014,222
14335,222
14913,223
11052,223
14230,223
14359,223
14418,223
12856,223
14991,223
11842,223
9078,223
14868,223
8196,223
13417,223
994,223
11963,223
10094,223
12243,223
12880,223
15039,223
13488,223
13570,223
11224,223
14892,223
14676,223
10961,223
15049,223
12608,223
14884,223
14938,223
14159,223
13413,223
2199,223
14505,223
14720,223
14661,223
12383,223
13077,223
15047,223
12996,223
14921,223
11057,223
14515,223
8218,223
13822,223
14608,223
14478,223
13768,223
12266,223
15004,223
14547,223
12533,223
13774,223
13891,223
11298,223
12453,223
14075,223
13075,223
302,223
11353,223
14841,223
10170,223
13213,223
14282,223
8823,223
1480,223
14898,223
13462,223
10612,223
12659,223
14797,223
14593,223
4443,223
14127,223
10173,223
12249,223
3335,223
14265,223
12257,223
12734,223
11724,223
14450,223
13712,223
12033,223
13857,223
10569,223
14464,223
14961,223
12568,223
11879,223
11280,223
14608,224
14478,224
14913,224
12608,224
13768,224
12266,224
14797,224
14593,224
15004,224
14547,224
11052,224
14938,224
12533,224
4443,224
14127,224
10173,224
13413,224
14991,224
12453,224
14720,224
14075,224
14661,224
302,224
12383,224
9078,224
11353,224
3335,224
14265,224
15047,224
10170,224
12257,224
12734,224
13213,224
12996,224
994,224
10094,224
12033,224
12243,224
10569,224
11879,224
14921,224
13488,224
14464,224
1480,224
13570,224
11057,224
12568,224
14892,224
14898,224
14676,224
10961,224
15049,224
13822,225
13462,225
10612,225
12659,225
14230,225
14884,225
13774,225
14359,225
14159,225
14418,225
13891,225
12249,225
12856,225
11298,225
2199,225
14505,225
13075,225
11842,225
14868,225
13077,225
14841,225
8196,225
14282,225
11724,225
13417,225
8823,225
14450,225
11963,225
13712,225
13857,225
12880,225
15039,225
14961,225
11224,225
14515,225
8218,225
11280,225
13822,226
12659,226
14359,226
14418,226
13891,226
2199,226
13075,226
11842,226
14868,226
14841,226
14282,226
13417,226
11963,226
13857,226
12880,226
15039,226
14961,226
11224,226
8218,226
11280,226
13822,227
14841,227
15039,227
13075,227
14961,227
14282,227
13417,227
14359,227
8218,227
14868,227
14418,227
12880,227
2199,228
12659,228
11842,228
11224,228
11963,228
13857,228
13891,228
11280,228
12249,229
12856,229
11298,229
13462,229
14505,229
10612,229
8196,229
11724,229
14230,229
14884,229
13774,229
8823,229
14450,229
13712,229
14159,229
14515,229
13077,229
14782,230
12225,230
14936,230
14207,230
10318,230
14154,230
14856,230
1321,230
14777,230
14636,230
14706,230
14669,230
14627,230
15051,230
14755,230
1038,230
14228,230
14836,230
12710,230
15064,230
14830,230
15028,230
10005,230
15055,230
13453,230
1024,230
13517,230
15037,230
15073,230
8676,230
14411,230
14866,230
14400,230
14407,230
14793,230
12039,230
14353,230
13537,230
13162,230
14990,230
10783,230
14132,230
13121,230
11802,230
14965,230
10081,230
7069,230
14932,230
14463,230
9986,230
12499,230
14851,230
12397,230
7957,230
1215,230
10199,230
14956,230
11761,230
14733,230
12020,230
12225,231
14936,231
14207,231
10318,231
14154,231
14777,231
14636,231
14706,231
14669,231
14627,231
15051,231
14755,231
1038,231
14836,231
14830,231
15028,231
14733,231
10005,231
15055,231
13453,231
13517,231
15037,231
14411,231
14407,231
12039,231
14353,231
13537,231
13162,231
14990,231
10783,231
13121,231
11802,231
14932,231
14463,231
12020,231
1215,231
10199,231
11761,231
15064,231
12710,231
14782,232
14856,232
1321,232
14228,232
1024,232
15073,232
8676,232
14866,232
14400,232
14793,232
14132,232
14965,232
10081,232
7069,232
12499,232
9986,232
14851,232
12397,232
7957,232
14956,232
8676,233
14965,233
10081,233
14782,233
14228,233
9986,233
14851,233
12397,233
7957,233
14793,233
14856,233
14132,233
15073,233
14866,234
7069,234
12499,234
14400,234
14956,234
1321,234
1024,234
9795,235
3243,235
13131,235
14717,235
2386,235
6497,235
7195,235
14665,235
11373,235
14599,235
10063,235
14269,235
14944,235
14762,235
14872,235
15083,235
14047,235
14760,235
12468,235
5601,235
14050,235
13159,235
10936,235
14438,235
9165,235
14806,235
6662,235
13863,235
14523,235
11115,235
254,235
11488,235
13492,235
14875,235
14441,235
14479,235
10710,235
13389,235
13754,235
14255,235
6912,235
12284,235
3024,235
13932,235
15071,235
12877,235
14966,235
5903,235
14177,235
3625,235
1610,235
13578,235
10519,235
15012,235
4016,235
6397,235
4641,235
10824,235
11756,235
699,235
14232,235
1495,235
661,235
9327,235
14105,235
14595,235
1518,235
14983,235
5031,235
6400,235
14727,235
14930,235
4458,235
14971,235
2632,235
13564,235
1455,235
9676,235
13681,235
2408,235
5307,235
774,235
8074,235
12494,235
5705,235
14785,235
11668,235
12633,235
14912,235
10907,235
13861,235
14862,235
14382,235
14065,235
14744,235
13020,235
14994,235
10502,235
13532,235
13076,235
1211,235
9427,235
4138,235
13522,235
14743,235
13457,235
14565,235
15022,235
14620,235
14664,235
14828,235
13323,235
3553,235
12356,235
1269,235
14338,235
782,235
14722,235
10820,235
2123,235
2525,235
14514,235
13590,235
14896,235
11210,235
13933,235
14601,235
11121,235
10348,235
12616,235
13042,235
4095,235
12716,235
14870,235
2913,235
14926,235
14783,235
14538,235
9795,236
3243,236
14717,236
2386,236
6497,236
14665,236
14269,236
14944,236
14872,236
15083,236
14760,236
5601,236
14050,236
13159,236
10936,236
14438,236
9165,236
14806,236
14523,236
11115,236
254,236
11488,236
13492,236
14875,236
14441,236
14479,236
10710,236
13754,236
14255,236
6912,236
12284,236
3024,236
13932,236
15071,236
14177,236
3625,236
1610,236
10519,236
15012,236
4641,236
10824,236
11756,236
699,236
14232,236
1495,236
14105,236
1518,236
14983,236
2632,236
13564,236
1455,236
9676,236
2408,236
12494,236
14785,236
12633,236
14912,236
10907,236
13861,236
14862,236
13020,236
14994,236
13532,236
9427,236
4138,236
13522,236
14743,236
14565,236
15022,236
14620,236
14664,236
13323,236
3553,236
12356,236
1269,236
14338,236
14722,236
2525,236
14514,236
13590,236
14896,236
11210,236
13933,236
11121,236
10348,236
12616,236
4095,236
12716,236
14870,236
9165,237
3625,237
4138,237
5601,237
3024,237
1518,237
3553,237
11115,237
2632,237
12494,237
4641,237
13532,237
1455,237
9427,237
14983,238
9795,238
3243,238
13492,238
14875,238
13522,238
14743,238
14565,238
14441,238
15022,238
14479,238
14620,238
14717,238
2386,238
6497,238
10710,238
13564,238
13754,238
9676,238
14665,238
14664,238
13323,238
14255,238
6912,238
12284,238
12356,238
1269,238
14269,238
13932,238
15071,238
14944,238
14338,238
2408,238
14872,238
14177,238
15083,238
14785,238
14722,238
14760,238
12633,238
2525,238
1610,238
14050,238
13159,238
10519,238
14912,238
14514,238
10936,238
13590,238
15012,238
10907,238
10824,238
13861,238
14896,238
11756,238
11210,238
13933,238
14438,238
14806,238
699,238
11121,238
14862,238
10348,238
12616,238
14232,238
4095,238
12716,238
1495,238
14523,238
14870,238
13020,238
14994,238
14105,238
254,238
11488,238
5031,239
6400,239
14727,239
13131,239
14930,239
4458,239
13457,239
14971,239
14828,239
13389,239
7195,239
11373,239
14599,239
10063,239
12877,239
14966,239
5903,239
13681,239
14762,239
5307,239
774,239
782,239
8074,239
5705,239
14047,239
11668,239
12468,239
10820,239
2123,239
13578,239
4016,239
6397,239
14601,239
6662,239
14382,239
13863,239
14065,239
13042,239
661,239
14744,239
10502,239
9327,239
2913,239
14595,239
14926,239
14783,239
13076,239
14538,239
1211,239
5031,240
14727,240
6400,240
13131,240
14930,240
4458,240
14971,240
14828,240
7195,240
13389,240
14966,240
782,240
774,240
11668,240
13578,240
14601,240
6662,240
13042,240
661,240
10502,240
14595,240
14926,240
14783,240
13457,241
11373,241
14599,241
10063,241
12877,241
5903,241
13681,241
14762,241
5307,241
8074,241
5705,241
14047,241
12468,241
10820,241
2123,241
4016,241
6397,241
14382,241
13863,241
14065,241
14744,241
2913,241
9327,241
13076,241
14538,241
1211,241
